{"img":{"imgwd_para":"10000p10000/0x0/100/hd/","imgwd_prefix":"https://image.stheadline.com/f/10000p10000/0x0/100/hd/","daily_img_url":"","instant_img_url":"","popnews_img_url":"","life_img_url":"","column_img_url":"","hl_app_img_url":""},"vdo":{"popnews_vdo_url":"http://vod6.hkheadline.com/","life_vdo_url":"http://vod6.hkheadline.com/","instant_vdo_url":"https://static.stheadline.com/stheadline/inewsmedia/"},"api":{"api_highlight":"highlight","api_detail":"detail/[section]/[id]/","api_column_list":"columns/[columnid]","api_list":"list/[section]/[cat]/","api_section_cat":"section/","api_sp_search":"sp_search/","api_search":"search/[keyword]/[page]","api_hot_search":"hot_search/","api_hit_list":"hit_list/[section]","api_interest":"interest","api_special":"special","api_list_ads":"ads/[section]/[cat]"},"error":{"result":{"1":"Success","2":"Success, but no data found","3":"Unexpected parameters","404":"Undefined link","999":"Invalid link format"}},"android":{"app_ver":"1.0","force_update":"1"},"ios":{"app_ver":"1.0","force_update":"1"}}