[{"id":"888775","newsID":"721519","title":"\u5df4\u58eb\u7684\u9ede\u8a55\u2014\u2014\u8b93\u60f3\u6210\u529f\u7684\u5e74\u8f15\u4eba\u5b78DIET\u7684\u5957\u8def","content":"\u9999\u6e2f\u5f88\u591a\u5bb6\u9577\u62fc\u4e86\u8001\u547d\uff0c\u90fd\u60f3\u5c07\u5b50\u5973\u585e\u5165\u540d\u6821\uff0c\u8a8d\u70ba\u9032\u5165\u540d\u6821\uff0c\u662f\u8b93\u5b50\u5973\u6210\u529f\u7684\u6377\u5f91\uff0c\u597d\u50cf\u5b69\u5b50\u4e00\u5165\u540d\u6821\uff0c\u5c31","section":"5","cat":"1","publish_datetime":"2020-10-14","vdo":{"cover_path":"","headline":"","id":"","video_path":""},"imgs":[{"isCover":0,"path":"https://image.stheadline.com/f/10000p10000/0x0/100/none/a860c904a4846c24309fed0d1efdbc76/stheadline/columnist_res/columnist_450x300/20140407084544803833008.jpg"}],"writer":{"columnistID":"417","columnTitle":"\u5df4\u58eb\u7684\u9ede\u8a55","writer":"\u76e7\u6c38\u96c4","trait":"https://image.stheadline.com/f/10000p10000/0x0/100/none/6a915a8d59e0ad97debba72fa2117330/stheadline/columnist_res/columnist_65x65/20150327042040701019288.jpg"},"layout":"1","share_link":""},{"id":"889050","newsID":"723102","title":"\u597d\u597d\u904e\u65e5\u5b50\u2014\u2014\u5728\u672c\u5730\u5ea6\u5047","content":"\u53bb\u5e74\u6211\u5bb6\u5927\u5a46\u751f\u65e5\uff0c\u5169\u516c\u5a46\u98db\u5230\u5cc7\u5398\u5cf6\u73a9\u4e86\u5e7e\u5929\uff0c\u8f49\u773c\u4e00\u5e74\uff0c\u4eca\u5e74\u54ea\u88cf\u90fd\u53bb\u4e0d\u4e86\uff0c\u4fbf\u9078\u4e86\u534a\u5cf6\u9152\u5e97\u4f4f\u4e00\u665a\uff0cS","section":"5","cat":"1","publish_datetime":"2020-10-15","vdo":{"cover_path":"","headline":"","id":"","video_path":""},"imgs":[{"isCover":0,"path":"https://image.stheadline.com/f/10000p10000/0x0/100/none/938814d9dd3ffe4c962ce3927abd0c93/stheadline/columnist_res/columnist_450x300/special18.jpg"}],"writer":{"columnistID":"17","columnTitle":"\u597d\u597d\u904e\u65e5\u5b50","writer":"\u674e\u7d14\u6069","trait":"https://image.stheadline.com/f/10000p10000/0x0/100/none/aa6b1a84c7eda4b214a3c73030e88ab7/stheadline/columnist_res/columnist_65x65/20120403124155224212647.jpg"},"layout":"1","share_link":""},{"id":"889056","newsID":"723108","title":"\u5df4\u58eb\u7684\u9ede\u8a55\u2014\u2014\u7fd2\u5357\u5de1\u63a8\u52d5\u65b0\u4e00\u8f2a\u6539\u9769\u958b\u653e","content":"\u6df1\u5733\u7b49\u7d93\u6fdf\u7279\u5340\u8a2d\u7acb\u56db\u5341\u5468\u5e74\uff0c\u570b\u5bb6\u4e3b\u5e2d\u7fd2\u8fd1\u5e73\u5357\u4e0b\u4e3b\u6301\u6176\u795d\u5927\u6703\uff0c\u5176\u5de1\u8996\u8ecc\u8de1\uff0c\u5225\u5177\u610f\u7fa9\u3002\n\u3000\u3000\u7fd2\u4e3b\u5e2d\u672c","section":"5","cat":"1","publish_datetime":"2020-10-15","vdo":{"cover_path":"","headline":"","id":"","video_path":""},"imgs":[{"isCover":0,"path":"https://image.stheadline.com/f/10000p10000/0x0/100/none/a860c904a4846c24309fed0d1efdbc76/stheadline/columnist_res/columnist_450x300/20140407084544803833008.jpg"}],"writer":{"columnistID":"417","columnTitle":"\u5df4\u58eb\u7684\u9ede\u8a55","writer":"\u76e7\u6c38\u96c4","trait":"https://image.stheadline.com/f/10000p10000/0x0/100/none/6a915a8d59e0ad97debba72fa2117330/stheadline/columnist_res/columnist_65x65/20150327042040701019288.jpg"},"layout":"1","share_link":""},{"id":"889065","newsID":"723117","title":"\u9f4b\u5561\u2014\u2014\u50b7\u611f\u7684\u756b\u9762","content":"\u6709\u8a18\u8005\u8a2a\u554f\u8cc7\u6df1\u7378\u91ab\uff0c\u8077\u696d\u751f\u6daf\u4e2d\uff0c\u6700\u4ee4\u4ed6\u50b7\u611f\u7684\u4e8b\u60c5\u662f\u751a\u9ebc\u3002\u7378\u91ab\u8aaa\uff0c\u66ff\u5bf5\u7269\u5b89\u6a02\u6b7b\u6642\uff0c\u4e5d\u6210\u4ee5\u4e0a\u7684\u5bf5\u7269\u4e3b","section":"5","cat":"1","publish_datetime":"2020-10-15","vdo":{"cover_path":"","headline":"","id":"","video_path":""},"imgs":[{"isCover":0,"path":"https://image.stheadline.com/f/10000p10000/0x0/100/none/56b2bae8f14eed0559833af2326006df/stheadline/columnist_res/columnist_450x300/20131120033908700592042.jpg"}],"writer":{"columnistID":"394","columnTitle":"\u9f4b\u5561","writer":"\u9ad8\u6167\u7136","trait":"https://image.stheadline.com/f/10000p10000/0x0/100/none/f09e0528a2511cdd2f437999de9cfd97/stheadline/columnist_res/columnist_65x65/20131120033908878509522.jpg"},"layout":"1","share_link":""},{"id":"889068","newsID":"723120","title":"Executive\u65e5\u8a18\u2014\u2014\u7db2\u4e0a\u4e00\u547c\u767e\u61c9 \u7269\u8cc7\u5806\u6eff\u5009\u5eab  \u6709\u5fc3\u4eba\u6350\u98df\u7269 \u52a9\u9bae\u9b5a\u884c\u57fa\u5c64\u7ae5","content":"\u75ab\u60c5\u4e0b\uff0c\u4eba\u9593\u6709\u611b\u3002\u55ba\u5514\u5c11\u57fa\u5c64\u6536\u5165\u5927\u6e1b\u4e0b\uff0c\u4f62\u54cb\u9023\u5e73\u65e5\u98df\u7528\u90fd\u6709\u56f0\u96e3\u3002\u6709\u300c\u57fa\u5c64\u540d\u6821\u300d\u4e4b\u7a31\u5605\u9bae\u9b5a\u884c\u5b78\u6821\uff0c","section":"5","cat":"1","publish_datetime":"2020-10-15","vdo":{"cover_path":"","headline":"","id":"","video_path":""},"imgs":[{"path":"https://image.stheadline.com/f/10000p10000/0x0/100/none/9aa770b4520ff5f8653ec2117be95252/stheadline/news_res/2020/10/15/723120/wttp011p13a_fb.jpg","isCover":"1"}],"writer":{"columnistID":"0","columnTitle":"Executive\u65e5\u8a18","writer":"KellyChu","trait":"https://image.stheadline.com/f/10000p10000/0x0/100/none/fd3453ba7489dfc36e5c2160613cb148/stheadline/columnist_res/columnist_65x65/20120405045803512634278.jpg"},"layout":"1","share_link":""},{"id":"889086","newsID":"723138","title":"\u4e2d\u74b0High Tea\u2014\u2014\u5728\u570b\u5bb6\u767c\u5c55\u4e2d \u9999\u6e2f\u9078\u6e96\u4e86\u5b9a\u4f4d\u55ce\uff1f","content":"\u570b\u5bb6\u4e3b\u5e2d\u7fd2\u8fd1\u5e73\u6628\u65e5\u5728\u6df1\u5733\u7279\u5340\u5efa\u7acb\u56db\u5341\u5468\u5e74\u6176\u795d\u5927\u6703\u4e0a\u7684\u8b1b\u8a71\uff0c\u6307\u51fa\u6df1\u5733\u50c5\u4ee5\u56db\u5341\u5e74\u6642\u9593\uff0c\u4fbf\u8d70\u904e\u4e86\u570b\u5916\u570b","section":"5","cat":"1","publish_datetime":"2020-10-15","vdo":{"cover_path":"","headline":"","id":"","video_path":""},"imgs":[{"isCover":0,"path":"https://image.stheadline.com/f/10000p10000/0x0/100/none/11f1f7fb88792fe522b124b187323be3/stheadline/columnist_res/columnist_450x300/special26.jpg"}],"writer":{"columnistID":"26","columnTitle":"\u4e2d\u74b0High Tea","writer":"\u9ec3\u9e97\u541b","trait":"https://image.stheadline.com/f/10000p10000/0x0/100/none/680c3731a6483baa4294e5d6420cfd88/stheadline/columnist_res/columnist_65x65/20120405061053929901124.jpg"},"layout":"1","share_link":""},{"id":"889095","newsID":"723147","title":"\ufeff\u5e78\u798f\u6469\u5929\u8f2a\u2014\u2014\u9999\u6e2f\u6709\u5187\u904b\u884c\uff1f","content":"\u6797\u912d\u7684\u65bd\u653f\u5831\u544a\u5ba3\u4f48\u62bc\u5f8c\uff0c\u9808\u767c\u9084\u91cd\u5beb\uff0c\u540c\u4e00\u6642\u9593\uff0c\u7fd2\u8fd1\u5e73\u4e3b\u5e2d\u5357\u4e0b\u6176\u795d\u6df1\u5733\u7279\u5340\u56db\u5341\u5e74\u5468\u5e74\uff0c\u9001\u4e0a\u5927\u79ae","section":"5","cat":"1","publish_datetime":"2020-10-15","vdo":{"cover_path":"","headline":"","id":"","video_path":""},"imgs":[{"isCover":0,"path":"https://image.stheadline.com/f/10000p10000/0x0/100/none/6f347b7daaca3302e714579fea178a0f/stheadline/columnist_res/columnist_450x300/special16.jpg"}],"writer":{"columnistID":"15","columnTitle":"\u5e78\u798f\u6469\u5929\u8f2a","writer":"\u6f58\u9e97\u74ca","trait":"https://image.stheadline.com/f/10000p10000/0x0/100/none/d842558e8e68bd6886ba162f45d4b065/stheadline/columnist_res/columnist_65x65/20120405053451353942872.jpg"},"layout":"1","share_link":""},{"id":"889110","newsID":"723162","title":"\u4eba\u751f\u99ac\u62c9\u677e\u2014\u2014\u4e00\u500b\u300c\u96e3\u300d\u5b57","content":"\u8003\u7b2c\u4e00\u7684\u4eba\uff0c\u4e0d\u6703\u559c\u6b61\u88ab\u722c\u982d\uff0c\u6240\u4ee5\uff0c\u7576\u770b\u5230\u7279\u9996\u6797\u912d\u6708\u5a25\u5728\u63a5\u53d7\u300a\u6df1\u5733\u885b\u8996\u300b\u5c08\u8a2a\u6642\u8aaa\uff0c\u4e0d\u4ecb\u610f\u6df1\u5733GDP","section":"5","cat":"1","publish_datetime":"2020-10-15","vdo":{"cover_path":"","headline":"","id":"","video_path":""},"imgs":[{"isCover":0,"path":"https://image.stheadline.com/f/10000p10000/0x0/100/none/d9847b7e0b29365c3629d03060acd2b6/stheadline/columnist_res/columnist_450x300/20131209124431669189454.jpg"}],"writer":{"columnistID":"398","columnTitle":"\u4eba\u751f\u99ac\u62c9\u677e","writer":"\u5c48\u7a4e\u598d","trait":"https://image.stheadline.com/f/10000p10000/0x0/100/none/d9b8fb96189a78ff985bc58941f3a88d/stheadline/columnist_res/columnist_65x65/20131209124431565612793.jpg"},"layout":"1","share_link":""},{"id":"889146","newsID":"723198","title":"\u91d1\u878dHigh Tea\u2014\u2014\u51b7\u80a1\u5bf6\u5c0a\u6709\u5f80\u7e3e\u5b9c\u5019\u4f4e\u5438","content":"\u7f8e\u80a1\u5347\u4e0a\u9ad8\u4f4d\u5f8c\u56de\u5410\uff0c\u52a0\u4e0a\u6253\u98a8\u524d\u6052\u6307\u5927\u5347\uff0c\u96d6\u7136\u6628\u65e5\u6df1\u5733\u8209\u884c\u6176\u795d\u6210\u7acb\u7279\u534040\u5468\u5e74\u5927\u6703\uff0c\u4f46\u5927\u5e02\u8868\u73fe\u76f8\u5c0d","section":"5","cat":"1","publish_datetime":"2020-10-15","vdo":{"cover_path":"","headline":"","id":"","video_path":""},"imgs":[{"isCover":0,"path":"https://image.stheadline.com/f/10000p10000/0x0/100/none/000396c6b5ca5abb0dde83e96c4069e5/stheadline/columnist_res/columnist_450x300/special05.jpg"}],"writer":{"columnistID":"4","columnTitle":"\u91d1\u878dHigh Tea","writer":"\u9678\u7fbd\u4ec1","trait":"https://image.stheadline.com/f/10000p10000/0x0/100/none/e7e77bc6a07d896a501578a9110f1745/stheadline/columnist_res/columnist_65x65/20120405050334300476075.jpg"},"layout":"1","share_link":""},{"id":"888915","newsID":"","title":"\ufeff\u624b\u6a5f\u9054\u4eba\uff1a\u50c5\u65b0\u8272\u300c\u592a\u5e73\u6d0b\u85cd\u300d\u8f03\u5438\u5f15 5G iPhone\u4f4e\u6c34\u96e3\u7092\u8d77","content":"\u65b0\u51a0\u80ba\u708e\u5168\u7403\u5927\u6d41\u884c\u4e0b\uff0c\u7f8e\u570b\u860b\u679c\u516c\u53f8\u5468\u4e8c\u5ba3\u4f48\u63a8\u51fa\u5168\u65b05G\u7248\u672ciPhone 12\uff0c\u5df2\u96e3\u5fa9\u7576\u5e74\u52c7\uff0c","section":"2","cat":"1","publish_datetime":"2020-10-15","vdo":{"cover_path":"","headline":"","id":"","video_path":""},"imgs":[{"path":"https://image.stheadline.com/f/10000p10000/0x0/100/none/74daadf30817839cea8277fe27bf1fc7/stheadline/news_res/2020/10/15/722967/wnnp001p01a_fb.jpg","isCover":"1"}],"writer":{"columnTitle":"","columnistID":"","trait":"","writer":""},"layout":"1","share_link":""}]