[{"id":"1397508","newsID":"","title":"\u623f\u59d4\u6703\u6771\u6d8c\u64ec\u5efa8100\u516c\u5c4b\u55ae\u4f4d \u6599\u6700\u5feb2027\u5e74\u843d\u6210","content":"\u623f\u59d4\u6703\u64ec\u65bc\u6771\u6d8c\u7b2c 23\u5340\u4e00\u671f\u3001\u7b2c 42 \u5340\u53ca\u7b2c 46 \u5340\u958b\u5c55\u516c\u71df\u623f\u5c4b\u767c\u5c55\u8a08\u5283\u3002\u64da\u8a72\u6703\u63d0\u4ea4\u4e88\u96e2\u5cf6\u5340\u8b70\u6703","section":"1","cat":"1","publish_datetime":"2020-10-14 14:53:00","vdo":{"cover_path":"","headline":"","id":"","video_path":""},"imgs":[{"path":"https://image.stheadline.com/f/10000p10000/0x0/100/none/2ca0d04600d5eec6ad3728f56bed01e0/stheadline/inewsmedia/20201014/_2020101414544355955_370.jpg","isCover":1}],"writer":{"columnTitle":"","columnistID":"","trait":"","writer":""},"layout":"4","share_link":""},{"id":"1397649","newsID":"","title":"\u3010Juicy\u53ee\u3011\u9ec3\u5927\u4ed9\u5c45\u5c4b\u540c\u4e8b\u8c6a\u8a00\u6c38\u4e0d\u4f4f\u65b0\u754c \u5632\u8eca\u7a0b\u9060\u88ab\u7db2\u6c11\u8f5f\u6b67\u8996","content":"\u300c\u5be7\u8981\u5e02\u5340\u4e00\u5f35\u5e8a\uff0c\u4e0d\u8981\u65b0\u754c\u4e00\u9593\u623f\u300d\uff1f\u6709\u7db2\u6c11\u767c\u6587\u6307\uff0c\u5176\u4e00\u540d\u5c45\u65bc\u9ec3\u5927\u4ed9\u5c45\u5c4b\u7684\u540c\u4e8b\uff0c\u5728\u98ef\u805a\u671f\u9593\u4e0d\u6642\u5c0d\u5c45\u4f4f\u65b0","section":"1","cat":"1","publish_datetime":"2020-10-14 16:44:00","vdo":{"cover_path":"","headline":"","id":"","video_path":""},"imgs":[{"path":"https://image.stheadline.com/f/10000p10000/0x0/100/none/e1abf75413c4cb1e7eca7e206f21329f/stheadline/inewsmedia/20201014/_2020101416481513036_370.jpg","isCover":1}],"writer":{"columnTitle":"","columnistID":"","trait":"","writer":""},"layout":"3","share_link":""},{"id":"1397652","newsID":"","title":"\u3010Juicy\u53ee\u301158\u5143\u4e7e\u7092\u725b\u6cb3\u50c5\u5f97\u4e09\u7c92\u725b\u8089 \u7db2\u6c11\uff1a\u6253\u98a8\u5439\u8d70\u6652\uff1f","content":"\u83e0\u863f\u5305\u7121\u83e0\u863f\uff0c\u8001\u5a46\u9905\u7121\u8001\u5a46\uff0c\u4f46\u4e7e\u7092\u725b\u6cb3\u7121\u725b\u8089\u5c31\u5be6\u5728\u8aac\u4e0d\u904e\u53bb\u3002\u6709\u7db2\u6c11\u5728\u5bf6\u7433\u4e00\u9593\u5546\u5834\u53eb\u4e86\u4e00\u789f\u4e7e\u7092\u725b\u6cb3\uff0c\u4e00","section":"1","cat":"1","publish_datetime":"2020-10-14 16:45:00","vdo":{"cover_path":"","headline":"","id":"","video_path":""},"imgs":[{"path":"https://image.stheadline.com/f/10000p10000/0x0/100/none/7a358e3de1a66149e82f81029a1642d7/stheadline/inewsmedia/20201014/_2020101416493570144_370.jpg","isCover":1}],"writer":{"columnTitle":"","columnistID":"","trait":"","writer":""},"layout":"4","share_link":""},{"id":"1397748","newsID":"","title":"\u3010\u6f5b\u9003\u53f0\u7063\u3011\u6279\u9ec3\u4e4b\u92d2\u542b\u8840\u5674\u4eba \u9127\u70b3\u5f37\uff1a12\u6e2f\u4eba\u81ea\u88fd\u9003\u8d70\u8a08\u5283","content":"12\u540d\u6709\u6848\u5728\u8eab\u7684\u6e2f\u4eba\u4eca\u5e748\u6708\u64ec\u5f9e\u672c\u6e2f\u5077\u6e21\u5f80\u53f0\u7063\u6642\uff0c\u88ab\u5ee3\u6771\u6d77\u8b66\u622a\u7372\uff0c\u73fe\u6642\u88ab\u6263\u62bc\u5728\u6df1\u5733\u5e02\u9e7d\u7530\u5340\u770b\u5b88\u6240\u3002\u8b66","section":"1","cat":"1","publish_datetime":"2020-10-14 18:08:00","vdo":{"cover_path":"","headline":"","id":"","video_path":""},"imgs":[{"path":"https://image.stheadline.com/f/10000p10000/0x0/100/none/8cffdf3e54db4425359c3faf39f8b735/stheadline/inewsmedia/20201014/_2020101418084048749_370.jpg","isCover":1}],"writer":{"columnTitle":"","columnistID":"","trait":"","writer":""},"layout":"4","share_link":""},{"id":"1397838","newsID":"","title":"\u3010Juicy\u53ee\u3011\u5df4\u58eb\u53f8\u6a5f\u8981\u6c42\u647a\u597dBB\u8eca \u5b55\u5abd\u547b\u7522\u5f8c\u6291\u9b31\u63da\u8a00\u6295\u8a34","content":"\u642d\u5df4\u58eb\u61c9\u6574\u7406\u597d\u884c\u674e\uff0c\u4fdd\u7559\u901a\u9053\uff0c\u5373\u4f7f\u662fBB\u8eca\u4e5f\u61c9\u8a72\u647a\u597d\u3002\u4e0d\u904e\uff0c\u65e5\u524d\u6709\u7db2\u6c11\u898b\u5230\u4e00\u540d\u5b55\u5a66\uff0c\u5e36\u5169\u540d\u5c0f\u670b\u53cb\u548c\u5916","section":"1","cat":"1","publish_datetime":"2020-10-14 19:48:00","vdo":{"cover_path":"","headline":"","id":"","video_path":""},"imgs":[{"path":"https://image.stheadline.com/f/10000p10000/0x0/100/none/3099fe03c8e6d3bdc368f35a23b88ae5/stheadline/inewsmedia/20201014/_2020101420022126276_370.jpg","isCover":1}],"writer":{"columnTitle":"","columnistID":"","trait":"","writer":""},"layout":"4","share_link":""},{"id":"1397847","newsID":"","title":"\u6e2f\u59d0\u51a0\u8ecd\u8b1d\u5609\u6021\u611b\u88dd\u4fee  \u5b54\u5fb7\u8ce2\u8207\u300c\u72c2\u91ce\u7a7a\u59d0\u300d\u5ed6\u6167\u5100\u5283\u6e05\u754c\u7dda","content":"\u61c9\u5c46\u9999\u6e2f\u5c0f\u59d0\u51a0\u8ecd\u8b1d\u5609\u6021(Liza)\u4eca\u65e5\u51fa\u5e2d\u300a\u5584\u5fc3\u6eff\u8f09\u4ec1\u611b\u5802\u300b\u6d3b\u52d5\uff0c\u900f\u9732\u6703\u8207\u524d\u8f29\u80e1\u6953(\u4fee\u54e5)\u5408\u4f5c\u8868\u6f14\uff0c","section":"1","cat":"2","publish_datetime":"2020-10-14 21:12:00","vdo":{"cover_path":"","headline":"","id":"","video_path":""},"imgs":[{"path":"https://image.stheadline.com/f/10000p10000/0x0/100/none/4850614bd53f53e6d482c47d8370f297/stheadline/inewsmedia/20201014/_2020101421262819151_370.jpg","isCover":1}],"writer":{"columnTitle":"","columnistID":"","trait":"","writer":""},"layout":"4","share_link":""},{"id":"1397925","newsID":"","title":"\u9ec3\u66c9\u660e\u55ae\u62d6\u8fd4\u9109\u4e0b\u63a2\u5a46\u5a46   \u5b6b\u5ab3Baby\u7adf\u7136\u5514\u898b\u5f71","content":"\u9ec3\u66c9\u660e\u4fc2\u5b5d\u9806\u4ed4\uff0c\u5c31\u7b97\u5de5\u4f5c\u5e7e\u5481\u5fd9\u788c\uff0c\u6bcf\u5e74\u90fd\u56de\u5bb6\u9109\u5e7e\u6b21\uff0c9\u670827\u65e5\u4ed6\u53c3\u52a0\u5b8c\u767e\u82b1\u734e\u5f8c\uff0c\u4fbf\u8d95\u56de\u9752\u5cf6\u4e00\u76f4\u5728\u5bb6\u9109","section":"1","cat":"2","publish_datetime":"2020-10-14 21:53:00","vdo":{"cover_path":"","headline":"","id":"","video_path":""},"imgs":[{"path":"https://image.stheadline.com/f/10000p10000/0x0/100/none/60bc7f67751f7e0c4249d7d4a425cdae/stheadline/inewsmedia/20201014/_2020101422161897727_370.jpg","isCover":1}],"writer":{"columnTitle":"","columnistID":"","trait":"","writer":""},"layout":"4","share_link":""},{"id":"1397958","newsID":"","title":"\u3010\u87a2\u5e55\u60c5\u4fb6\u3011\u6e6f\u6021\u7a7f\u91d1\u6234\u9280\u300c\u751c\u5ac1\u300d\u9673\u5bb6\u6a02","content":"\u82f1\u7687\u73e0\u5bf6\u65e9\u524d\u7279\u5225\u9080\u8acb\u5ee3\u53d7\u6b61\u8fce\u7684\u87a2\u5e55\u60c5\u4fb6\u6e6f\u6021\u548c\u9673\u5bb6\u6a02\uff0c\u5408\u4f5c\u62cd\u651d\u65b0\u4e00\u8f2f\u300c\u4e2d\u5f0f\u8db3\u91d1\u5a5a\u5ac1\u7cfb\u5217\u300d\u5ee3\u544a\u3002\u6e6f\u6021\u548c\u9673","section":"1","cat":"2","publish_datetime":"2020-10-14 22:40:00","vdo":{"cover_path":"","headline":"","id":"","video_path":""},"imgs":[{"path":"https://image.stheadline.com/f/10000p10000/0x0/100/none/b8bf6c0807edff28fc06eb45d25d11ba/stheadline/inewsmedia/20201014/_2020101422361324869_370.jpg","isCover":1}],"writer":{"columnTitle":"","columnistID":"","trait":"","writer":""},"layout":"6","share_link":""},{"id":"1397964","newsID":"","title":"\u3010Juicy\u53ee\u3011\u75ab\u60c5\u4e0b\u96fb\u8cbb\u98c6\u81f3\u904e\u842c\u5143 \u4f4f\u6236\u6536\u300c\u9707\u64bc\u8cd1\u55ae\u300d\u5687\u4e00\u8df3","content":"\u7e7c\u65e9\u524d\u6709\u5e02\u6c11\u6536\u5230\u8cb4\u50f9\u6c34\u8cbb\u55ae\u5f8c\uff0c\u4eca\u6b21\u6709\u7db2\u6c11\u5c31\u6536\u5230\u8cb4\u50f9\u96fb\u8cbb\u55ae\u3002\u6709\u4f4f\u767d\u6c99\u7063\u7684\u8857\u574a\u5728\u7db2\u4e0a\u767c\u6587\uff0c\u6307\u4eca\u671f\u96fb\u8cbb\u76f8\u6bd4","section":"1","cat":"1","publish_datetime":"2020-10-14 22:36:00","vdo":{"cover_path":"","headline":"","id":"","video_path":""},"imgs":[{"path":"https://image.stheadline.com/f/10000p10000/0x0/100/none/4347debd7e67d82591373bd7e20a207e/stheadline/inewsmedia/20201014/_2020101422511699439_370.jpg","isCover":1}],"writer":{"columnTitle":"","columnistID":"","trait":"","writer":""},"layout":"4","share_link":""},{"id":"1398015","newsID":"","title":"150\u4eba\u8239P\u7121\u6234\u7f69 Staycation\u64ad\u75ab\u6eab\u7240","content":"\u75ab\u60c5\u4e0b\uff0c\u4e0d\u5c11\u6e2f\u4eba\u79fb\u5e2b\u9152\u5e97\u623f\u9593\u958b\u6d3e\u5c0d\uff0c\u4eba\u6578\u66f4\u903e\u4e8c\u5341\u4eba\uff0c\u96a8\u6642\u6f14\u8b8a\u6210\u7206\u767c\u7fa4\u7d44\uff0c\u9152\u5e97\u696d\u6025\u6025\u767c\u51fa\u6307\u5f15\u9650\u5236\u4eba\u6578\u3002","section":"1","cat":"1","publish_datetime":"2020-10-15 06:45:00","vdo":{"cover_path":"","headline":"","id":"","video_path":""},"imgs":[{"path":"https://image.stheadline.com/f/10000p10000/0x0/100/none/510dd3e38410acc72ac7885033a15c13/stheadline/inewsmedia/20201015/_2020101506515784641_370.jpg","isCover":1}],"writer":{"columnTitle":"","columnistID":"","trait":"","writer":""},"layout":"4","share_link":""}]