{"id":"1131761","newsID":"","title":"\u9810\u544a\u53f0\u6176\u737b\u821e \u6e2f\u59d0\u51a0\u8ecd\u9ec3\u5609\u96ef\u665a\u665a\u62c9\u7b4b","content":["\u61c9\u5c46\u6e2f\u59d0\u4e09\u7532\u9ec3\u5609\u96ef\u3001\u738b\u83f2\u53ca\u53e4\u4f69\u73b2\u51fa\u5e2d\u6148\u5584\u665a\u5bb4\uff0c\u5979\u5011\u900f\u9732\u5fd9\u65bc\u7db5\u6392\u7121\u7dab\u53f0\u6176\u8df3\u821e\u8868\u6f14\u74b0\u7bc0\u3002\u003Cbr \/\u003E\u9ec3\u5609\u96ef\u5c07\u8207\u4e00\u73ed\u524d\u8f29\u5408\u4f5c\u67d4\u8edf\u5ea6\u9ad8\u7684\u821e\u8e48\uff0c\u5979\u81ea\u7206\u6bcf\u665a\u90fd\u62c9\u7b4b\uff0c\u52d9\u6c42\u6539\u5584\u5929\u751f\u7684\u300c\u786c\u9aa8\u982d\u300d\uff1b\u738b\u83f2\u53ca\u53e4\u4f69\u73b2\u5247\u53e6\u6709\u4e0d\u540c\u7684\u8868\u6f14\u74b0\u7bc0\uff0c\u4f46\u7570\u53e3\u540c\u8072\u8aaa\uff0c\u8207\u524d\u8f29\u5408\u4f5c\u7372\u76ca\u826f\u591a\u3002\u003Cbr \/\u003E\u003Cbr \/\u003E\u554f\u5230\u6700\u60f3\u8207\u54ea\u4f4d\u524d\u8f29\u5408\u4f5c\uff1f\u5609\u96ef\u76f4\u8a00\u6700\u611b\u662f\u7d44\u5408\u8fb2\u592b\uff0c\u5927\u8b9a\u4ed6\u5011\u641e\u7b11\u517c\u8f49\u6578\u5feb\uff0c\u4f46\u672a\u6562\u5f9e\u300cDo\u59d0\u300d\u912d\u88d5\u73b2\u624b\u4e0a\u300c\u6a6b\u5200\u596a\u611b\u300d\uff0c\u53ea\u5e0c\u671b\u80fd\u8ddfDo\u59d0\u53ca\u8fb2\u592b\u4e00\u8d77\u505a\u4e3b\u6301\u5b78\u7fd2\u3002\u81f3\u65bc\u738b\u83f2\u5c31\u81ea\u63ed\u8fd1\u671f\u8ff7\u4e0a\u300a\u89e3\u6c7a\u5e2b\u300b\uff0c\u5927\u8b9a\u738b\u6d69\u4fe1\u5728\u5287\u4e2d\u7684\u6253\u9b25\u5834\u9762\u578b\u5230\u7206\uff01\u53e4\u4f69\u73b2\u5247\u60f3\u8207\u9ece\u8000\u7965\u5408\u4f5c\uff0c\u6bd4\u8cfd\u6642\u591a\u5f97\u5c0d\u65b9\u6307\u9ede\uff0c\u624d\u80fd\u6539\u5584\u5bb3\u7f9e\u6027\u683c\uff0c\u5920\u81bd\u4e3b\u52d5\u8207\u4eba\u8ac7\u5929\uff01","",""],"section":"1","cat":"2","publish_datetime":"2019-11-07 21:59:00","vdo":{"cover_path":"","headline":"","id":"","video_path":""},"vid":{"cover_path":"","headline":"","id":"","video_path":""},"imgs":[{"path":"20191107\/_2019110721542351002_600.jpeg","caption":"\u53e4\u4f69\u73b2\u3001\u9ec3\u5609\u96ef\u548c\u738b\u83f2\u4eae\u76f8\u6148\u5584\u665a\u5bb4\u3002","isCover":0},{"path":"20191107\/_2019110721542466876_600.jpeg","caption":"\u6e2f\u59d0\u4e09\u7532\u66a2\u8ac7\u6e96\u5099\u53f0\u6176\u8868\u6f14\u7684\u60c5\u6cc1\u3002","isCover":0},{"path":"20191107\/_2019110721542580512_600.jpeg","caption":"\u53e4\u4f69\u73b2\u76fc\u80fd\u8207\u9ece\u8000\u7965\u5408\u4f5c\u3002","isCover":0},{"path":"20191107\/_2019110721542671421_600.jpeg","caption":"\u9ec3\u5609\u96ef\u7b11\u8a00\u5929\u751f\u300c\u786c\u9aa8\u982d\u300d\u3002","isCover":0},{"path":"20191107\/_2019110721542779437_600.jpeg","caption":"\u738b\u83f2\u5927\u8b9a\u300a\u89e3\u6c7a\u5e2b\u300b\u5167\u7684\u738b\u6d69\u4fe1\u597d\u6709\u578b\u3002","isCover":0}],"writer":{"columnTitle":"","columnistID":"","trait":"","writer":""},"layout":"4","keyword":[],"related_news":[{"id":"1133153","newsID":"","title":"\u5f35\u5efa\u5b97\u6307\u653f\u5e9c\u52aa\u529b\u4fee\u88dc\u6495\u88c2 \u8a8d\u771f\u8655\u7406\u6df1\u5c64\u6b21\u77db\u76fe","content":"","section":"1","cat":"1","publish_datetime":"2019-11-10 09:37:00","vdo":{"cover_path":"","headline":"","id":"","video_path":""},"imgs":[{"path":"20191110\/_2019111009393849825_370.jpg","isCover":1}],"writer":{"columnTitle":"","columnistID":"","trait":"","writer":""},"layout":"1","share_link":""},{"id":"1133150","newsID":"","title":"\u53f0\u6f22\u51cc\u6668\u8d70\u4e0a\u9ad8\u901f\u516c\u8def \u88ab\u591a\u8eca\u8f3e\u6583\u5c4d\u584a\u6563\u4f48\u99ac\u8def","content":"","section":"1","cat":"3","publish_datetime":"2019-11-10 09:26:00","vdo":{"cover_path":"","headline":"","id":"","video_path":""},"imgs":[{"path":"20191110\/_2019111009274027679_370.jpg","isCover":1}],"writer":{"columnTitle":"","columnistID":"","trait":"","writer":""},"layout":"1","share_link":""},{"id":"1133147","newsID":"","title":"\u4ea4\u901a\u71c8\u906d\u7834\u58de \u5169\u8eca\u5f4c\u6566\u9053\u4e9e\u7686\u8001\u8857\u4ea4\u754c\u76f8\u649e","content":"","section":"1","cat":"1","publish_datetime":"2019-11-10 09:22:00","vdo":{"cover_path":"","headline":"","id":"","video_path":""},"imgs":[{"path":"20191110\/_2019111009233613241_370.jpg","isCover":1}],"writer":{"columnTitle":"","columnistID":"","trait":"","writer":""},"layout":"1","share_link":""},{"id":"1133144","newsID":"","title":"\u6cd5\u5973\u7533\u52a0\u570b\u6c38\u4e45\u5c45\u7559\u6b0a\u5169\u5ea6\u906d\u62d2 \u7406\u7531\u662f\u7121\u6cd5\u8b49\u660e\u6cd5\u6587\u5920\u597d","content":"","section":"1","cat":"4","publish_datetime":"2019-11-10 09:10:00","vdo":{"cover_path":"","headline":"","id":"","video_path":""},"imgs":[{"path":"20191110\/_2019111009124788099_370.jpg","isCover":1}],"writer":{"columnTitle":"","columnistID":"","trait":"","writer":""},"layout":"1","share_link":""}],"relevant_news":[],"topic":[],"share_link":"http:\/\/hd.stheadline.com\/life\/ent\/realtime\/1631761"}