{"id":"1131785","newsID":"","title":"\u9127\u4f69\u5100\u6176\u751f\u60f3\u653e\u8086\u98df\u5feb\u9910 \u671b\u300a\u91d1\u5bb5\u300b\u8d0f\u6700\u4f73\u5287\u96c6","content":["\u9127\u4f69\u5100(Gloria)\u5728TVB\u795e\u5287\u300a\u91d1\u5bb5\u5927\u5ec8\u300b\u4e2d\u6f14\u6674\u6674\uff0c\u671f\u9593\u8207\u5145\u6c23\u5a03\u5a03\u300cMary\u300d\u8abf\u63db\u89d2\u8272\uff0c\u5165\u578b\u5165\u683c\u6f14\u6280\u53d7\u8b9a\u3002\u672c\u670810\u65e5\u662f\u9127\u4f69\u510027\u6b72\u751f\u65e5\uff0c\u5979\u7684\u751f\u65e5\u9858\u671b\u662f\u300a\u91d1\u300b\u5287\u596a\u5f97\u53f0\u6176\u9812\u734e\u79ae\u300c\u6700\u4f73\u5287\u96c6\u300d\uff0c\u5e0c\u671b\u5927\u5bb6\u5e6b\u5979\u5be6\u73fe\u3002\u5979\u8868\u793a\uff0c\u5982\u751f\u65e5\u4e0d\u7528\u958b\u5de5\u6703\u7d04\u670b\u53cb\u98df\u5feb\u9910\uff0c\u56e0\u67096\u30017\u5e74\u6c92\u5403\u904e\u5feb\u9910\uff0c\u5e73\u6642\u5403\u5f97\u592a\u5065\u5eb7\uff0c\u751f\u65e5\u8b93\u81ea\u5df1\u653e\u8086\u4e00\u5413\uff0c\u5979\u76f8\u4fe1\u8178\u80c3\u6c92\u554f\u984c\u3002\u554f\u5230\u611f\u60c5\u751f\u6d3b\uff0c\u5979\u89ba\u5f97\u611f\u60c5\u4e0d\u53ef\u4ee5\u903c\uff0c\u9019\u65b9\u9762\u96a8\u7de3\u4e0d\u5f37\u6c42\u3002","",""],"section":"1","cat":"2","publish_datetime":"2019-11-07 22:19:00","vdo":{"cover_path":"","headline":"","id":"","video_path":""},"vid":{"cover_path":"","headline":"","id":"","video_path":""},"imgs":[{"path":"20191107\/_2019110722333764288_600.jpg","caption":"\u5373\u5c0727\u6b72\u7684\u9127\u4f69\u5100\u9752\u6625\u7121\u6575\uff0c\u7b11\u5bb9\u71e6\u721b\u3002","isCover":0},{"path":"20191107\/_2019110722333898275_600.jpg","caption":"\u9127\u4f69\u5100\u8ddf\u7152\u54e5\u3001\u9f0e\u723a\u3001\u7f85\u862d\u59d0\u3001\u8b1d\u96ea\u5fc3\u7b49\u51fa\u5e2d\u661f\u8fb0\u6d3b\u52d5\u3002","isCover":0},{"path":"20191107\/_2019110722333911746_600.jpg","caption":"\u65e5\u524d\u300a\u91d1\u5bb5\u5927\u5ec8\u300b\u6f14\u54e1\u9673\u5c71\u8070\u3001\u674e\u65bd\u5b05\u7b49\u53c3\u8207\u6176\u529f\u5bb4\uff0c\u516c\u4f48\u6536\u8996\u53d6\u5f97\u4f73\u7e3e\u3002","isCover":0},{"path":"20191107\/_2019110722334335658_600.jpg","caption":"\u9127\u4f69\u5100\u5728\u300a\u91d1\u5bb5\u5927\u5ec8\u300b\u626e\u5439\u6c23\u5a03\u5a03\u5165\u578b\u5165\u683c\u3002","isCover":0},{"path":"20191107\/_2019110722334454192_600.jpg","caption":"\u5287\u4e2d\u4eba\u6674\u6674\u548c\u5a03\u5a03\u8eab\u4efd\u5c0d\u8abf\u3002","isCover":0}],"writer":{"columnTitle":"","columnistID":"","trait":"","writer":""},"layout":"4","keyword":["\u9127\u4f69\u5100","\u5a03\u5a03","\u91d1\u5bb5\u5927\u5ec8","\u6700\u4f73\u5287\u96c6","\u5feb\u9910","\u653e\u8086"],"related_news":[{"id":"1088159","newsID":"","title":"19\u6b72\u958b\u59cb\u990a\u751f \u9127\u4f69\u5100\u8b39\u5b88\u300c\u4e94\u6212\u300d\u52c1\u5065\u5eb7","content":"","section":"1","cat":"2","publish_datetime":"2019-09-10 17:32:00","vdo":{"cover_path":"","headline":"","id":"","video_path":""},"imgs":[{"path":"20190910\/_2019091015550934067_370.jpg","isCover":1}],"writer":{"columnTitle":"","columnistID":"","trait":"","writer":""},"layout":"1","share_link":""},{"id":"1094048","newsID":"","title":"\u300a\u91d1\u5bb5\u5927\u5ec8\u300b\u5167\u5bb9\u8cbc\u5730\u7206\u91d1\u53e5 \u300c\u6435\u4e09\u842c\u4f4f\u79c1\u6a13\u4e0d\u5982\u6435\u842c\u5e7e\u4f4f\u516c\u5c4b\u300d","content":"","section":"1","cat":"2","publish_datetime":"2019-09-18 14:10:00","vdo":{"cover_path":"","headline":"","id":"","video_path":""},"imgs":[{"path":"20190918\/_2019091814200010044_370.jpg","isCover":1}],"writer":{"columnTitle":"","columnistID":"","trait":"","writer":""},"layout":"1","share_link":""},{"id":"1104095","newsID":"","title":"\u300a\u91d1\u5bb5\u5927\u5ec8\u300b\u597d\u8a55\u5982\u6f6e\u3000\u674e\u65bd\u5b05\u300c\u662f\u4eba\u662f\u9b3c\u300d\u53d7\u7db2\u6c11\u71b1\u8a0e","content":"","section":"1","cat":"2","publish_datetime":"2019-10-02 17:13:00","vdo":{"cover_path":"","headline":"","id":"","video_path":""},"imgs":[{"path":"20191002\/_2019100216172662306_370.jpg","isCover":1}],"writer":{"columnTitle":"","columnistID":"","trait":"","writer":""},"layout":"1","share_link":""},{"id":"1104131","newsID":"","title":"\u7ffb\u5531\u524d\u8f29\u6b4c\u66f2\u7372\u597d\u8a55\u3000\u8b5a\u5609\u5100\uff1a\u90fd\u6703\u6709\u5572\u58d3\u529b","content":"","section":"1","cat":"2","publish_datetime":"2019-10-02 19:21:00","vdo":{"cover_path":"","headline":"","id":"","video_path":""},"imgs":[{"path":"20191002\/_2019100217050584650_370.jpg","isCover":1},{"path":"20191002\/_2019100217050741234_370.jpg","isCover":0},{"path":"20191002\/_2019100217051081453_370.jpg","isCover":0}],"writer":{"columnTitle":"","columnistID":"","trait":"","writer":""},"layout":"1","share_link":""},{"id":"1104167","newsID":"","title":"\u9127\u4f69\u5100\u671b\u300a\u91d1\u5bb5\u5927\u5ec8\u300b\u958b\u7e8c\u96c6\u3000\u81ea\u85a6\u6f14\u8b8a\u614b\u6bba\u624b","content":"","section":"1","cat":"2","publish_datetime":"2019-10-02 17:26:00","vdo":{"cover_path":"","headline":"","id":"","video_path":""},"imgs":[{"path":"20191002\/_2019100217301655242_370.jpg","isCover":1},{"path":"20191002\/_2019100217301756959_370.jpg","isCover":0},{"path":"20191002\/_2019100217301869768_370.jpg","isCover":0}],"writer":{"columnTitle":"","columnistID":"","trait":"","writer":""},"layout":"1","share_link":""},{"id":"1105661","newsID":"","title":"\u7ffb\u5531\u570b\u8a9e\u7248\u300a\u4eca\u5bb5\u591a\u73cd\u91cd\u300b \u8c37\u5a6d\u6ea6\uff1a\u8033\u719f\u80fd\u8a73\u5514\u6d17\u5f9e\u982d\u5b78","content":"","section":"1","cat":"2","publish_datetime":"2019-10-04 15:12:00","vdo":{"cover_path":"","headline":"","id":"","video_path":""},"imgs":[{"path":"20191004\/_2019100415154649221_370.jpg","isCover":1},{"path":"20191004\/_2019100415154873596_370.jpg","isCover":0},{"path":"20191004\/_2019100415155030080_370.jpg","isCover":0}],"writer":{"columnTitle":"","columnistID":"","trait":"","writer":""},"layout":"1","share_link":""},{"id":"1111714","newsID":"","title":"\u300a\u91d1\u5bb5\u5927\u5ec8\u300b\u53eb\u597d\u53eb\u5ea7 \u706b\u901f\u843d\u5be6\u6dfb\u98df\u7e8c\u96c6","content":"","section":"1","cat":"2","publish_datetime":"2019-10-13 10:01:00","vdo":{"cover_path":"","headline":"","id":"","video_path":""},"imgs":[{"path":"20191013\/_2019101309491544873_370.jpg","isCover":1},{"path":"20191013\/_2019101309491482174_370.jpg","isCover":0},{"path":"20191013\/_2019101309491565079_370.jpg","isCover":0}],"writer":{"columnTitle":"","columnistID":"","trait":"","writer":""},"layout":"1","share_link":""},{"id":"1118545","newsID":"","title":"\u300a\u91d1\u5bb5\u5927\u5ec8\u300b\u6536\u8996\u885d\u783430\u9ede 200\u591a\u842c\u89c0\u773e\u6536\u770b","content":"","section":"1","cat":"2","publish_datetime":"2019-10-21 20:32:00","vdo":{"cover_path":"","headline":"","id":"","video_path":""},"imgs":[{"path":"20191021\/_2019102119495594526_370.jpg","isCover":1}],"writer":{"columnTitle":"","columnistID":"","trait":"","writer":""},"layout":"1","share_link":""},{"id":"1119412","newsID":"","title":"\u5c4b\u90a8\u516c\u5712\u6355\u7372\u6e96\u65b0\u90ce\u7021\u6ed1\u68af   \u9673\u5c71\u8070\u966a\u59e8\u7525\u5973\u73a9\u8d85\u6709\u7236\u611b","content":"","section":"1","cat":"2","publish_datetime":"2019-10-22 21:30:00","vdo":{"cover_path":"","headline":"","id":"","video_path":""},"imgs":[{"path":"20191022\/_2019102218212240348_370.jpg","isCover":1},{"path":"20191022\/_2019102218212359201_370.jpg","isCover":0},{"path":"20191022\/_2019102218212472911_370.jpg","isCover":0}],"writer":{"columnTitle":"","columnistID":"","trait":"","writer":""},"layout":"1","share_link":""},{"id":"1131536","newsID":"","title":"\u65d7\u4e0b\u300c\u9f0e\uff0e\u6703\u9928\u300d\u5c07\u7d50\u696d \u9f0e\u723a\u6b4e\u6709\u4eba\u4e00\u6c89\u767e\u8e29","content":"","section":"1","cat":"2","publish_datetime":"2019-11-07 17:41:00","vdo":{"cover_path":"","headline":"","id":"","video_path":""},"imgs":[{"path":"20191107\/_2019110717432231321_370.jpg","isCover":1},{"path":"20191107\/_2019110717432330948_370.jpg","isCover":0},{"path":"20191107\/_2019110717432463557_370.jpg","isCover":0}],"writer":{"columnTitle":"","columnistID":"","trait":"","writer":""},"layout":"1","share_link":""}],"relevant_news":[],"topic":[],"share_link":"http:\/\/hd.stheadline.com\/life\/ent\/realtime\/1631785"}