{"id":"1131635","newsID":"","title":"\u5927\u57d4\u5eb7\u6a02\u5712\u5200\u624b\u649e\u505c\u4e03\u4eba\u8eca \u66f9\u8cb4\u5b50\u59bb\u88ab\u65ac\u50b7\u9001\u9662","content":["\u5927\u57d4\u767c\u751f\u65ac\u4eba\u6848\u3002\u003Cbr \/\u003E\u003Cbr \/\u003E\u4e0b\u53484\u6642\uff0c\u4e00\u8f1b\u4e03\u4eba\u8eca\u6cbf\u5eb7\u6a02\u5712\u8def\u5f80\u5eb7\u6a02\u5712\u65b9\u5411\u884c\u99db\u6642\uff0c\u7a81\u906d\u4e00\u8f1b\u9ed1\u8272\u79c1\u5bb6\u8eca\u5f9e\u5f8c\u731b\u649e\uff0c\u5169\u8eca\u76f8\u649e\u5f8c\u505c\u5728\u8def\u908a\u30022\u540d\u8eab\u7a7f\u9ed1\u8863\u53ca\u6234\u53e3\u7f69\u7684\u6301\u5200\u6b79\u5f92\uff0c\u5411\u4e03\u4eba\u8eca\u4e0a\u4e00\u540d\u5973\u4e58\u5ba2\u63ee\u5200\u65ac\u50b7\u3002\u003Cbr \/\u003E\u003Cbr \/\u003E\u6301\u5200\u6b79\u5f92\u767b\u4e0a\u63a5\u61c9\u79c1\u5bb6\u8eca\u5f8c\u9003\u53bb\u3002\u7537\u53f8\u6a5f\u5831\u8b66\u6c42\u52a9\u3002\u8b66\u54e1\u53ca\u6551\u8b77\u54e1\u63a5\u5831\u5230\u5834\u3002\u5973\u5b50\u8eab\u4e2d\u591a\u5200\uff0c\u7531\u6551\u8b77\u8eca\u9001\u5f80\u5927\u57d4\u90a3\u6253\u7d20\u91ab\u9662\u6551\u6cbb\u3002\u73fe\u5834\u6d88\u606f\u6307\uff0c\u5973\u50b7\u8005\u70ba\u5eb7\u5b8f\u74b0\u7403\u524d\u57f7\u884c\u8463\u4e8b\u66f9\u8cb4\u5b50\u7684\u59bb\u5b50\u6b50\u7fe0\u5100\u3002","",""],"section":"1","cat":"1","publish_datetime":"2019-11-07 18:33:00","vdo":{"cover_path":"","headline":"","id":"","video_path":""},"vid":{"cover_path":"","headline":"","id":"","video_path":""},"imgs":[{"path":"20191107\/_2019110718422721401_600.jpg","caption":"\u90a3\u6253\u7d20\u91ab\u9662\u3002\u8cc7\u6599\u5716\u7247","isCover":0},{"path":"20191107\/_2019110718503137847_600.jpg","caption":"","isCover":0}],"writer":{"columnTitle":"","columnistID":"","trait":"","writer":""},"layout":"4","keyword":["\u5927\u57d4","\u5eb7\u6a02\u5712","\u5200\u624b","\u4e03\u4eba\u8eca","\u65ac\u50b7"],"related_news":[{"id":"1116748","newsID":"","title":"\u3010\u65b0\u76e4\u901f\u905e\u3011\u6717\u6fe4\u52a0\u63a8\u50f9\u55ae\u6d8974\u4f19","content":"","section":"1","cat":"5","publish_datetime":"2019-10-18 19:34:00","vdo":{"cover_path":"","headline":"","id":"","video_path":""},"imgs":[{"path":"20191018\/_2019101819365156579_370.jpg","isCover":1}],"writer":{"columnTitle":"","columnistID":"","trait":"","writer":""},"layout":"1","share_link":""},{"id":"1117105","newsID":"","title":"\u5927\u57d4\u7537\u5b50\u6d3e\u50b3\u55ae\u9047\u8972\u88ab\u528f\u809a\u81f4\u8178\u6ea2\u51fa \u5167\u5730\u7537\u5b50\u6d89\u50b7\u4eba\u88ab\u6355","content":"","section":"1","cat":"1","publish_datetime":"2019-10-19 19:21:00","vdo":{"cover_path":"","headline":"","id":"","video_path":""},"imgs":[{"path":"20191019\/_2019101919112568346_370.jpg","isCover":1},{"path":"20191019\/_2019101918434945982_370.jpg","isCover":0},{"path":"20191019\/_2019101919112644579_370.jpg","isCover":0}],"writer":{"columnTitle":"","columnistID":"","trait":"","writer":""},"layout":"1","share_link":""},{"id":"1117132","newsID":"","title":"\u5927\u57d4\u9023\u5102\u7246\u767c\u751f\u50b7\u4eba\u6848 \u8b66\u5f37\u70c8\u8b74\u8cac\u66b4\u529b\u884c\u70ba","content":"","section":"1","cat":"1","publish_datetime":"2019-10-19 19:52:00","vdo":{"cover_path":"","headline":"","id":"","video_path":""},"imgs":[{"path":"20191019\/_2019101919532999653_370.jpg","isCover":1}],"writer":{"columnTitle":"","columnistID":"","trait":"","writer":""},"layout":"1","share_link":""},{"id":"1117234","newsID":"","title":"\u3010\u4fee\u4f8b\u98a8\u6ce2\u3011\u5927\u57d4\u9752\u5e74\u906d\u5167\u5730\u6f22\u5272\u9838\u518d\u63d2\u809a \u53e6\u4e00\u5167\u5730\u6f22\u4f01\u6e2f\u9435\u7ad9\u9802\u63ee\u5200","content":"","section":"1","cat":"1","publish_datetime":"2019-10-20 08:23:00","vdo":{"cover_path":"","headline":"","id":"","video_path":""},"imgs":[{"path":"20191020\/_2019102008404032512_370.jpg","isCover":1}],"writer":{"columnTitle":"","columnistID":"","trait":"","writer":""},"layout":"1","share_link":""},{"id":"1125217","newsID":"","title":"\u5eb7\u6a02\u5712\u96d9\u865f\u5c4b4060\u842c\u6613\u624b","content":"","section":"1","cat":"5","publish_datetime":"2019-10-30 16:25:00","vdo":{"cover_path":"","headline":"","id":"","video_path":""},"imgs":[{"path":"20191030\/_2019103016264784324_370.jpg","isCover":1}],"writer":{"columnTitle":"","columnistID":"","trait":"","writer":""},"layout":"1","share_link":""},{"id":"1126252","newsID":"","title":"\u65b0\u5cf0\u82b1\u571210\u5e74\u5347\u503c1.65\u500d","content":"","section":"1","cat":"5","publish_datetime":"2019-10-31 17:42:00","vdo":{"cover_path":"","headline":"","id":"","video_path":""},"imgs":[{"path":"20191031\/_2019103117431623221_370.jpg","isCover":1}],"writer":{"columnTitle":"","columnistID":"","trait":"","writer":""},"layout":"1","share_link":""},{"id":"1126912","newsID":"","title":"\u592a\u6e56\u82b1\u5712\u4e2d\u5c64\u544e\u50f914250\u5143","content":"","section":"1","cat":"5","publish_datetime":"2019-11-01 14:06:00","vdo":{"cover_path":"","headline":"","id":"","video_path":""},"imgs":[{"path":"20191101\/_2019110114065716378_370.jpg","isCover":1}],"writer":{"columnTitle":"","columnistID":"","trait":"","writer":""},"layout":"1","share_link":""},{"id":"1128148","newsID":"","title":"\u3010\u4fee\u4f8b\u98a8\u6ce2\u3011\u8b66\u65b9\u6307\u8499\u9762\u793a\u5a01\u8005\u9032\u5927\u57d4\u5546\u5834 \u5165\u5167\u63a1\u53d6\u62d8\u6355\u884c\u52d5","content":"","section":"1","cat":"1","publish_datetime":"2019-11-03 19:14:00","vdo":{"cover_path":"","headline":"","id":"","video_path":""},"imgs":[{"path":"20191103\/_2019110319143436719_370.jpg","isCover":1},{"path":"20191103\/_2019110319035948978_370.jpg","isCover":0},{"path":"20191103\/_2019110319143380997_370.jpg","isCover":0}],"writer":{"columnTitle":"","columnistID":"","trait":"","writer":""},"layout":"1","share_link":""},{"id":"1128238","newsID":"","title":"\u3010\u4fee\u4f8b\u98a8\u6ce2\u3011\u5927\u57d4\u592a\u548c\u8def\u793a\u5a01\u8005\u5835\u8def \u8b66\u62d8\u6700\u5c112\u4eba","content":"","section":"1","cat":"1","publish_datetime":"2019-11-04 00:11:00","vdo":{"cover_path":"","headline":"","id":"","video_path":""},"imgs":[{"path":"20191103\/_2019110322060265672_370.jpg","isCover":1},{"path":"20191103\/_2019110322060347436_370.jpg","isCover":0},{"path":"20191103\/_2019110322060563173_370.jpg","isCover":0}],"writer":{"columnTitle":"","columnistID":"","trait":"","writer":""},"layout":"1","share_link":""},{"id":"1128904","newsID":"","title":"\u65b0\u5cf0\u82b1\u5712713.8\u842c\u7372\u7528\u5bb6\u627f\u63a5","content":"","section":"1","cat":"5","publish_datetime":"2019-11-04 17:31:00","vdo":{"cover_path":"","headline":"","id":"","video_path":""},"imgs":[{"path":"20191104\/_2019110417314854982_370.jpg","isCover":1}],"writer":{"columnTitle":"","columnistID":"","trait":"","writer":""},"layout":"1","share_link":""}],"relevant_news":[],"topic":[],"share_link":"http:\/\/hd.stheadline.com\/news\/realtime\/hk\/1631635"}