{"id":"1131284","newsID":"","title":"\u3010\u73fe\u5e02\u6cc1\u3011\u6052\u6307\u8dcc109\u9ede\u583127579 \u6210\u4ea4525\u5104\u5143","content":["\u6e2f\u80a1\u8d70\u52e2\u5411\u4e0b\uff0c\u6052\u751f\u6307\u6578\u65b0\u583127579\uff0c\u8dcc109\u9ede\u62160.4%\uff1b\u570b\u4f01\u6307\u6578\u65b0\u583110835\uff0c\u4e0b\u6ed125\u9ede\u62160.23%\uff0c\u6210\u4ea4\u91d1\u984d525.65\u5104\u5143\u3002(nc)","",""],"section":"1","cat":"6","publish_datetime":"2019-11-07 14:53:00","vdo":{"cover_path":"","headline":"","id":"","video_path":""},"vid":{"cover_path":"","headline":"","id":"","video_path":""},"imgs":[{"path":"20191107\/1131284_349997_20191107_600.jpg","caption":"","isCover":0}],"writer":{"columnTitle":"","columnistID":"","trait":"","writer":""},"layout":"1","keyword":[],"related_news":[{"id":"1179596","newsID":"","title":"\u6d77\u6d0b\u516c\u5712\u516c\u5e03\u672a\u4f86\u767c\u5c55\u85cd\u5716 \u65c5\u767c\u5c40\u6599\u53ef\u8c50\u5bcc\u65c5\u5ba2\u5728\u6e2f\u9ad4\u9a57","content":"","section":"1","cat":"1","publish_datetime":"2020-01-13 18:17:00","vdo":{"cover_path":"","headline":"","id":"","video_path":""},"imgs":[{"path":"20200113\/_2020011318191893008_370.jpg","isCover":1}],"writer":{"columnTitle":"","columnistID":"","trait":"","writer":""},"layout":"1","share_link":""},{"id":"1179593","newsID":"","title":"9\u540d\u516c\u9662\u975e\u672c\u5730\u57f9\u8a13\u91ab\u751f\u7372\u6279\u6709\u9650\u5ea6\u8a3b\u518a ","content":"","section":"1","cat":"1","publish_datetime":"2020-01-13 18:08:00","vdo":{"cover_path":"","headline":"","id":"","video_path":""},"imgs":[{"path":"20200113\/_2020011318092744196_370.jpg","isCover":1}],"writer":{"columnTitle":"","columnistID":"","trait":"","writer":""},"layout":"1","share_link":""},{"id":"1179575","newsID":"","title":"\u3010729\u3011\u4e94\u9f8d\u96fb\u52d5\u8eca\uff1a\u674e\u5609\u8aa0\u57fa\u91d1\u6703\u64a4\u56de\u516c\u53f8\u4e3b\u5e2d\u7834\u7522\u5448\u8acb","content":"","section":"1","cat":"6","publish_datetime":"2020-01-13 17:59:00","vdo":{"cover_path":"","headline":"","id":"","video_path":""},"imgs":[{"path":"20200113\/1179575_361552_20200113_370.jpg","isCover":1}],"writer":{"columnTitle":"","columnistID":"","trait":"","writer":""},"layout":"1","share_link":""},{"id":"1179590","newsID":"","title":"\u52a0\u62ff\u5927\u8aa4\u5831\u591a\u502b\u591a\u6838\u96fb\u5ee0\u4e8b\u6545 \u6c11\u773e\u5687\u5230\u9003\u96e2","content":"","section":"1","cat":"4","publish_datetime":"2020-01-13 17:58:00","vdo":{"cover_path":"","headline":"","id":"","video_path":""},"imgs":[{"path":"20200113\/_2020011318033396751_370.jpg","isCover":1},{"path":"20200113\/_2020011318033320097_370.jpg","isCover":0},{"path":"20200113\/_2020011318033494103_370.jpg","isCover":0}],"writer":{"columnTitle":"","columnistID":"","trait":"","writer":""},"layout":"1","share_link":""}],"relevant_news":[],"topic":[],"share_link":"http:\/\/hd.stheadline.com\/news\/realtime\/fin\/1631284"}