{"id":"1131770","newsID":"","title":"46\u6b72\u5514\u6025\u518d\u5ac1\u3000\u9673\u7152\u5514\u7540\u58d3\u529b\u91ab\u751f\u7537\u53cb","content":["\u6625\u98a8\u6eff\u9762\u7684\u9673\u7152\u51fa\u5e2d\u7121\u7dab\u300a\u5341\u4e00\u6708\u661f\u8fb0\u300b\u6d3b\u52d5\uff0c\u672c\u670821\u65e5\u662f\u9673\u715246\u6b72\u751f\u65e5\uff0c\u7531\u7576\u5e74\u4e9e\u59d0\u51fa\u8eab\u81f3\u4eca\uff0c\u89ba\u5f97\u6642\u9593\u904e\u5f97\u5f88\u5feb\uff0c\u6709\u57cb\u7537\u670b\u53cb\u9673\u91ab\u751f\u5f8c\uff0c\u7152\u54e5\u751f\u6d3b\u5713\u6eff\uff0c\u751f\u65e5\u9858\u671b\u53ea\u6c42\u8eab\u9ad4\u5065\u5eb7\u3001\u9047\u5230\u597d\u5287\u672c\u53ca\u958b\u5fc3\u3002","\u7152\u54e5\u81ea\u7206\uff0c\u81f3\u4eca\u7537\u53cb\u672a\u6709\u4efb\u4f55\u8868\u793a\uff0c\u81f3\u65bc\u751f\u65e5\u7576\u5929\u7537\u53cb\u53ef\u6703\u89aa\u81ea\u4e0b\u5eda\u8868\u5fc3\u610f\u5462\uff1f\u5979\u5373\u5e6b\u4f4f\u7537\u53cb\u8aaa\uff1a\u300c\u4f62\u61c9\u8a72\u5514\u8b58\u716e\u98ef\uff0c\u56e0\u70ba\u716e\u6e6f\u5713\u90fd\u8981\u6211\u6307\u5c0e\u3002\u300d\u53c8\u8ffd\u554f\u5230\u6642\u7537\u53cb\u53ef\u6703\u6c42\u5a5a\u9001\u4e0a\u9a5a\u559c\uff1f\u5979\u5373\u8457\u5927\u5bb6\u4e0d\u8981\u7d66\u7537\u53cb\u58d3\u529b\uff0c\u53ea\u8981\u6709\u5fc3\u4fbf\u53ef\u4ee5\u4e86\u3002",""],"section":"1","cat":"2","publish_datetime":"2019-11-07 21:58:00","vdo":{"cover_path":"","headline":"","id":"","video_path":""},"vid":{"cover_path":"","headline":"","id":"","video_path":""},"imgs":[{"path":"20191107\/_2019110722055835705_600.jpg","caption":"\u7152\u54e5\u6168\u5606\u6642\u9593\u904e\u5f97\u597d\u5feb\uff0c\u8f49\u773c46\u6b72\u4e86\u3002","isCover":0},{"path":"20191107\/_2019110722055963724_600.jpg","caption":"\u9673\u7152\u540c\u9673\u91ab\u751f\u9ed0\u5230\u5be6\uff0c\u597d\u751c\u871c\u3002","isCover":0},{"path":"20191107\/_2019110722060011630_600.jpg","caption":"\u7152\u54e5\u5916\u8c8e\u53ca\u8eab\u578b\u540c\u6a23\u5481\u7d22\u3002","isCover":0}],"writer":{"columnTitle":"","columnistID":"","trait":"","writer":""},"layout":"4","keyword":["\u7152\u54e5","46","\u751f\u65e5","\u958b\u5fc3"],"related_news":[{"id":"1070249","newsID":"","title":"\u9127\u7d2b\u68cb28\u6b72\u751f\u65e5\u58de\u96fb\u8a71\u6cae\u55aa \u5bb6\u4eba\u89aa\u53e3\u9001\u795d\u798f\u5920\u6eab\u6696","content":"","section":"1","cat":"2","publish_datetime":"2019-08-17 20:27:00","vdo":{"cover_path":"","headline":"","id":"","video_path":""},"imgs":[{"path":"20190817\/_2019081720300590050_370.jpg","isCover":1}],"writer":{"columnTitle":"","columnistID":"","trait":"","writer":""},"layout":"1","share_link":""},{"id":"1074293","newsID":"","title":"\u65b0\u7f55\u5e03\u4ec0\u723e\u5dde\u5973\u4eba\u745e\u68d2\u7403\u8ff7\u6176\u795d111\u6b72\u751f\u65e5\uff1a\u4eab\u53d7\u751f\u6d3b","content":"","section":"1","cat":"4","publish_datetime":"2019-08-22 21:16:00","vdo":{"cover_path":"","headline":"","id":"","video_path":""},"imgs":[{"path":"20190822\/_2019082220392076864_370.jpg","isCover":1},{"path":"20190822\/_2019082220392114592_370.jpg","isCover":0},{"path":"20190822\/_2019082220392235400_370.jpg","isCover":0}],"writer":{"columnTitle":"","columnistID":"","trait":"","writer":""},"layout":"1","share_link":""},{"id":"1097468","newsID":"","title":"\u5531K\u9810\u795d57\u6b72\u751f\u65e5 \u95dc\u4e4b\u7433\u7372\u578b\u7537\u966a\u4f34","content":"","section":"1","cat":"2","publish_datetime":"2019-09-23 14:30:00","vdo":{"cover_path":"","headline":"","id":"","video_path":""},"imgs":[{"path":"20190923\/_2019092314333412945_370.jpg","isCover":1}],"writer":{"columnTitle":"","columnistID":"","trait":"","writer":""},"layout":"1","share_link":""},{"id":"1119928","newsID":"","title":"\u856d\u6b63\u6960\u70ba\u7fe0\u5982\u6176\u795d\u751f\u65e5 \u5510\u8a69\u8a60\u6d2a\u6c38\u57ce\u7f55\u6709\u540c\u5834\u3000","content":"","section":"1","cat":"2","publish_datetime":"2019-10-23 14:02:00","vdo":{"cover_path":"","headline":"","id":"","video_path":""},"imgs":[{"path":"20191023\/_2019102314061775764_370.jpg","isCover":1}],"writer":{"columnTitle":"","columnistID":"","trait":"","writer":""},"layout":"1","share_link":""},{"id":"1122964","newsID":"","title":"\u4efb\u500b\u5531\u5609\u8cd3\u53d7\u5bf5\u82e5\u9a5a   \u4f59\u9999\u51dd\u70ba\u99ac\u6d5a\u5049\u70ae\u88fd\u751f\u65e5\u9a5a\u559c","content":"","section":"1","cat":"2","publish_datetime":"2019-10-27 22:30:00","vdo":{"cover_path":"","headline":"","id":"","video_path":""},"imgs":[{"path":"20191027\/_2019102721565632928_370.jpg","isCover":1}],"writer":{"columnTitle":"","columnistID":"","trait":"","writer":""},"layout":"1","share_link":""},{"id":"1128637","newsID":"","title":"\u7d30\u4ed4\u751f\u65e5\u641eparty \u6b50\u967d\u5999\u829d\u9001TWICE\u86cb\u7cd5\u6709\u5275\u610f","content":"","section":"1","cat":"2","publish_datetime":"2019-11-04 13:35:00","vdo":{"cover_path":"","headline":"","id":"","video_path":""},"imgs":[{"path":"20191104\/_2019110413475337411_370.jpg","isCover":1},{"path":"20191104\/_2019110413475337866_370.jpg","isCover":0},{"path":"20191104\/_2019110413475492607_370.jpg","isCover":0}],"writer":{"columnTitle":"","columnistID":"","trait":"","writer":""},"layout":"1","share_link":""},{"id":"1129684","newsID":"","title":"\u624b\u821e\u8db3\u8e48\u8df3\u8df3\u7d25  \u6797\u9752\u971e65\u6b72\u751f\u65e5\u597d\u5954\u653e","content":"","section":"1","cat":"2","publish_datetime":"2019-11-05 16:35:00","vdo":{"cover_path":"","headline":"","id":"","video_path":""},"imgs":[{"path":"20191105\/_2019110517484651505_370.jpg","isCover":1}],"writer":{"columnTitle":"","columnistID":"","trait":"","writer":""},"layout":"1","share_link":""},{"id":"1130291","newsID":"","title":"\u3010\u904e\u5e74\u5481\u6a23\u3011\u597d\u59ca\u59b9\u7d05\u886b\u8cc0\u58fd  \u80e1\u674f\u5152\u652c\u8001\u516c\u904e40\u6b72\u751f\u65e5","content":"","section":"1","cat":"2","publish_datetime":"2019-11-06 13:14:00","vdo":{"cover_path":"","headline":"","id":"","video_path":""},"imgs":[{"path":"20191106\/_2019110613274538373_370.jpg","isCover":1},{"path":"20191106\/_2019110613274572292_370.jpg","isCover":0},{"path":"20191106\/_2019110613274723734_370.jpg","isCover":0}],"writer":{"columnTitle":"","columnistID":"","trait":"","writer":""},"layout":"1","share_link":""},{"id":"1131359","newsID":"","title":"\u3010\u5514\u6015\u8089\u9ebb\u3011\u7537\u53cb\u51a7\u7a31\u300cMy Boss\u300d\u9001\u795d\u798f \u6c5f\u5609\u654f25\u6b72\u751f\u65e5\u72c2\u653e\u9583","content":"","section":"1","cat":"2","publish_datetime":"2019-11-07 15:25:00","vdo":{"cover_path":"","headline":"","id":"","video_path":""},"imgs":[{"path":"20191107\/_2019110715301585219_370.jpg","isCover":1},{"path":"20191107\/_2019110715301671963_370.jpg","isCover":0},{"path":"20191107\/_2019110715301794365_370.jpg","isCover":0}],"writer":{"columnTitle":"","columnistID":"","trait":"","writer":""},"layout":"1","share_link":""}],"relevant_news":[],"topic":[],"share_link":"http:\/\/hd.stheadline.com\/life\/ent\/realtime\/1631770"}