{"id":"1101302","newsID":"","title":"\u3010\u81ea\u6295\u7f85\u7db2\u3011\u70ba\u958b\u7121\u72af\u7f6a\u8b49\u660e \u4e0d\u77e5\u300c\u6709\u6848\u5728\u8eab\u300d\u9003\u72af\u5230\u8b66\u5c40\u88ab\u6355","content":["\u6e56\u5317\u67d0\u516c\u53f8\u5de5\u4f5c\u4eba\u54e1\u70ba\u54e1\u5de5\u958b\u7121\u72af\u7f6a\u8a18\u9304\u8b49\u660e\u6642\uff0c\u7d93\u8b66\u54e1\u6838\u67e5\u4fe1\u606f\u767c\u73fe\u54e1\u5de5\u662f\u4e00\u540d\u9003\u72af\uff0c\u4fbf\u4ee5\u7167\u7247\u5931\u771f\u70ba\u7531\u8981\u6c42\u5176\u5230\u8b66\u5c40\u300c\u914d\u5408\u6aa2\u67e5\u300d\uff0c\u6beb\u4e0d\u77e5\u60c5\u7684\u8881\u67d0\u5230\u8b66\u5c40\u5f8c\u5373\u88ab\u6355\u3002\u76ee\u524d\u8881\u67d0\u5df2\u88ab\u7f88\u62bc\u65bc\u62d8\u7559\u6240\u3002\u003Cbr \/\u003E\u003Cbr \/\u003E\u6b66\u6f22\u67d0\u9593\u6c7d\u8eca\u516c\u53f82\u540d\u5de5\u4f5c\u4eba\u54e1\u5230\u4e94\u91cc\u58a9\u8b66\u5c40\u70ba\u65b0\u54e1\u5de5\u8881\u67d0\uff0c\u958b\u4e00\u5f35\u7121\u72af\u7f6a\u8a18\u9304\u8b49\u660e\u3002\u8b66\u54e1\u5728\u67e5\u627e\u8cc7\u6599\u6642\uff0c\u767c\u73fe\u8a72\u65b0\u54e1\u5de5\u8881\u67d0\u662f\u4e00\u540d\u9003\u72af\u3002\u8b66\u54e1\u5f97\u6089\u8881\u67d0\u4f4f\u5728\u9644\u8fd1\uff0c\u5c31\u4ee5\u7167\u7247\u5931\u771f\u70ba\u7531\uff0c\u8981\u6c42\u672c\u4eba\u89aa\u81ea\u5230\u8b66\u5c40\u6838\u5be6\u3002\u6beb\u4e0d\u77e5\u81ea\u5df1\u662f\u9003\u72af\u7684\u8881\u67d0\u96a8\u5f8c\u5c31\u5230\u8b66\u5c40\uff0c\u8b66\u54e1\u76f4\u63a5\u5c07\u4ed6\u5e36\u5230\u5be9\u8a0a\u5ba4\u3002\u4ed6\u6d89\u5acc\u975e\u6cd5\u958b\u8a2d\u8ced\u5834\uff0c\u5f8c\u9003\u5230\u6b66\u6f22\u5de5\u4f5c\u3002\u003Cbr \/\u003E\u003Cbr \/\u003E\u76ee\u524d\uff0c\u8881\u67d0\u88ab\u7f88\u62bc\u65bc\u62d8\u7559\u6240\uff0c\u6e96\u5099\u79fb\u4ea4\u5230\u5b89\u5fbd\u8b66\u65b9\u3002","\u003Cdiv style=\"position: relative;width: 100%;height: 0;padding-top: 56.071428571429%;\"\u003E\u003Ciframe src=\"http:\/\/www.youtube.com\/embed\/_VHtglgfxXE\" frameborder=\"0\" allow=\"autoplay; encrypted-media\" allowfullscreen=\"\" style=\"width: 100%;height: 100%;position: absolute;top: 0;left: 0;right: 0;bottom: 0;\" data-padding-top=\"56.071428571429%\"\u003E\u003C\/iframe\u003E\u003C\/div\u003E",""],"section":"1","cat":"3","publish_datetime":"2019-09-27 22:37:00","vdo":{"cover_path":"","headline":"","id":"","video_path":""},"vid":{"cover_path":"","headline":"","id":"","video_path":""},"imgs":[{"path":"20190927\/_2019092722461558339_600.jpg","caption":"\u3010\u81ea\u6295\u7f85\u7db2\u3011\u70ba\u958b\u7121\u72af\u7f6a\u8b49\u660e\uff0c\u4e0d\u77e5\u300c\u6709\u6848\u5728\u8eab\u300d\u9003\u72af\u5230\u8b66\u5c40\u88ab\u6355\u3002\u5f71\u7247\u622a\u5716","isCover":0},{"path":"20190927\/_2019092722461671762_600.jpg","caption":"\u81ea\u6295\u7f85\u7db2\u7684\u8881\u67d0\u3002\u5f71\u7247\u622a\u5716","isCover":0},{"path":"20190927\/_2019092722461694582_600.jpg","caption":"\u8881\u67d0\u73fe\u5df2\u88ab\u7f88\u62bc\u65bc\u62d8\u7559\u6240\u3002\u5f71\u7247\u622a\u5716","isCover":0}],"writer":{"columnTitle":"","columnistID":"","trait":"","writer":""},"layout":"4","keyword":["\u6e56\u5317","\u6b66\u6f22","\u9003\u72af","\u7121\u72af\u7f6a\u8a18\u9304"],"related_news":[{"id":"1094396","newsID":"","title":"\u651c\u5371\u96aa\u54c1\u9032\u9ad8\u9435\u7ad9\u88ab\u52f8\u963b \u5940\u661f\u767c\u721b\uff1a\u6211\u662f\u516c\u773e\u4eba\u7269\u4f60\u5b8c\u4e86","content":"","section":"1","cat":"3","publish_datetime":"2019-09-18 18:37:00","vdo":{"cover_path":"","headline":"","id":"","video_path":""},"imgs":[{"path":"20190918\/_2019091819581735398_370.jpg","isCover":1},{"path":"20190918\/_2019091819302046968_370.jpg","isCover":0},{"path":"20190918\/_2019091819302258448_370.jpg","isCover":0}],"writer":{"columnTitle":"","columnistID":"","trait":"","writer":""},"layout":"1","share_link":""},{"id":"1097045","newsID":"","title":"75\u6b72\u8001\u7fc1\u81ea\u88fd365\u7c73\u9f8d\u98a8\u7b8f\u8fce\u570b\u6176 \u5bd3\u610f\u5c0d\u570b\u5bb6\u6bcf\u5929\u795d\u798f","content":"","section":"1","cat":"3","publish_datetime":"2019-09-22 20:32:00","vdo":{"cover_path":"","headline":"","id":"","video_path":""},"imgs":[{"path":"20190922\/_2019092220391711645_370.jpg","isCover":1},{"path":"20190922\/_2019092220391811282_370.jpg","isCover":0},{"path":"20190922\/_2019092220391887886_370.jpg","isCover":0}],"writer":{"columnTitle":"","columnistID":"","trait":"","writer":""},"layout":"1","share_link":""},{"id":"1099196","newsID":"","title":"\u6cb3\u5317\u7537\u501f\u9189\u5403\u300c\u9738\u738b\u9910\u300d  \u7d93\u8b66\u54e1\u6838\u67e5\u767c\u73fe\u662f\u540d\u300c\u9003\u72af\u300d","content":"","section":"1","cat":"3","publish_datetime":"2019-09-25 15:12:00","vdo":{"cover_path":"","headline":"","id":"","video_path":""},"imgs":[{"path":"20190925\/_2019092515150039048_370.jpg","isCover":1}],"writer":{"columnTitle":"","columnistID":"","trait":"","writer":""},"layout":"1","share_link":""}],"relevant_news":[],"topic":[{"id":"1","title":"\u4fee\u4f8b\u98a8\u6ce2","keyword":"\u9003\u72af"}],"share_link":"http:\/\/hd.stheadline.com\/news\/realtime\/chi\/1601302"}