{"id":"1128559","newsID":"","title":"57-59\u5e74\u751f\u5e02\u6c11\u63db\u65b0\u8eab\u5206\u8b49 \u53ef\u651c\u5169\u9577\u8005\u89aa\u53cb\u63db\u8b49","content":["\u5165\u5883\u8655\u4eca\u65e5\u5ba3\u5e03\uff0c\u7531\u672c\u670816\u65e5\u81f3\u660e\u5e742\u670817\u65e5\uff08\u661f\u671f\u4e00\uff09\uff0c\u51e1\u65bc1957\u5e74\u30011958\u5e74\u62161959\u5e74\u51fa\u751f\u7684\u9999\u6e2f\u5c45\u6c11\uff0c\u9808\u89aa\u8eab\u524d\u5f80\u4efb\u4f55\u4e00\u9593\u667a\u80fd\u8eab\u5206\u8b49\u63db\u9818\u4e2d\u5fc3\u8fa6\u7406\u63db\u9818\u65b0\u667a\u80fd\u8eab\u5206\u8b49\u624b\u7e8c\u3002\u003Cbr \/\u003E\u003Cbr \/\u003E\u5165\u5883\u8655\u5728\u9019\u6b21\u63db\u8b49\u8a08\u756b\u63a8\u51fa\u65b0\u7684\u95dc\u611b\u5b89\u6392\uff0c\u5408\u8cc7\u683c\u7684\u7533\u8acb\u4eba\u53ef\u651c\u540c\u6700\u591a\u5169\u540d65\u6b72\u6216\u4ee5\u4e0a\u7684\u89aa\u53cb\u4e00\u540c\u524d\u5f80\u63db\u8b49\u3002\u003Cbr \/\u003E\u003Cbr \/\u003E\u5408\u8cc7\u683c\u7684\u7533\u8acb\u4eba\u53ef\u767b\u5165\u7db2\u7ad9\u003Ca href=\"http:\/\/www.gov.hk\/newicbooking\"\u003Ewww.gov.hk\/newicbooking\u003C\/a\u003E\u3001\u4f7f\u7528\u5165\u5883\u8655\u6d41\u52d5\u61c9\u7528\u7a0b\u5f0f\u6216\u81f4\u96fb24\u5c0f\u6642\u96fb\u8a71\u9810\u7d04\u670d\u52d9\u71b1\u7dda2121 1234\uff0c\u9810\u7d04\u8fa6\u7406\u63db\u8b49\u624b\u7e8c\u3002\u003Cbr \/\u003E\u003Cbr \/\u003E\u81f3\u65bc1955\u62161956\u5e74\u51fa\u751f\u7684\u73fe\u6709\u8eab\u5206\u8b49\u6301\u6709\u4eba\uff0c\u4ed6\u5011\u7684\u6307\u660e\u63db\u8b49\u9650\u671f\u5c07\u65bc\u672c\u670815\u65e5\u5b8c\u7d50\u3002\u4ecd\u672a\u8fa6\u7406\u63db\u8b49\u624b\u7e8c\u7684\u4eba\u58eb\u61c9\u76e1\u65e9\u63d0\u51fa\u7533\u8acb\uff0c\u4ee5\u514d\u5728\u9650\u671f\u6700\u5f8c\u4e00\u523b\u51fa\u73fe\u64c1\u64e0\u60c5\u6cc1\u3002\u003Cbr \/\u003E\u003Cbr \/\u003E\u6709\u95dc\u300c\u5168\u6e2f\u5e02\u6c11\u63db\u9818\u8eab\u5206\u8b49\u8a08\u5283\u300d\u7684\u8a73\u7d30\u8cc7\u6599\uff0c\u5e02\u6c11\u53ef\u700f\u89bd\u003Ca href=\"http:\/\/www.smartid.gov.hk\"\u003Ewww.smartid.gov.hk\u003C\/a\u003E\u6216\u81f4\u96fb\u67e5\u8a62\u71b1\u7dda2824 6111\u3002","",""],"section":"1","cat":"1","publish_datetime":"2019-11-04 12:30:00","vdo":{"cover_path":"","headline":"","id":"","video_path":""},"vid":{"cover_path":"","headline":"","id":"","video_path":""},"imgs":[{"path":"20191104\/_2019110412325579511_600.jpeg","caption":"\u5408\u8cc7\u683c\u7684\u7533\u8acb\u4eba\u53ef\u651c\u540c\u6700\u591a\u5169\u540d65\u6b72\u6216\u4ee5\u4e0a\u7684\u89aa\u53cb\u4e00\u540c\u524d\u5f80\u63db\u8b49\u3002\u8cc7\u6599\u5716\u7247","isCover":0}],"writer":{"columnTitle":"","columnistID":"","trait":"","writer":""},"layout":"4","keyword":["\u667a\u80fd\u8eab\u5206\u8b49","\u667a\u80fd\u8eab\u4efd\u8b49"],"related_news":[{"id":"1118824","newsID":"","title":"\u3010\u4fee\u4f8b\u98a8\u6ce2\u3011\u667a\u80fd\u8eab\u4efd\u8b49\u63db\u9818\u4e2d\u5fc3\u665a\u4e0a9\u6642\u66ab\u505c\u670d\u52d9","content":"","section":"1","cat":"1","publish_datetime":"2019-10-22 10:52:00","vdo":{"cover_path":"","headline":"","id":"","video_path":""},"imgs":[{"path":"20191022\/_2019102210551981909_370.jpg","isCover":1}],"writer":{"columnTitle":"","columnistID":"","trait":"","writer":""},"layout":"1","share_link":""},{"id":"1115632","newsID":"","title":"\u3010\u4fee\u4f8b\u98a8\u6ce2\u3011\u667a\u80fd\u8eab\u4efd\u8b49\u63db\u9818\u4e2d\u5fc3 \u4eca\u665a9\u6642\u66ab\u505c\u670d\u52d9","content":"","section":"1","cat":"1","publish_datetime":"2019-10-17 15:51:00","vdo":{"cover_path":"","headline":"","id":"","video_path":""},"imgs":[{"path":"20191017\/_2019101715572636075_370.jpg","isCover":1}],"writer":{"columnTitle":"","columnistID":"","trait":"","writer":""},"layout":"1","share_link":""},{"id":"1113898","newsID":"","title":"\u5165\u5883\u86559\u9593\u667a\u80fd\u8eab\u4efd\u8b49\u63db\u9818\u4e2d\u5fc3\u4eca\u665a9\u6642\u66ab\u505c\u670d\u52d9","content":"","section":"1","cat":"1","publish_datetime":"2019-10-15 18:52:00","vdo":{"cover_path":"","headline":"","id":"","video_path":""},"imgs":[{"path":"20191015\/_2019101518544033983_370.jpg","isCover":1}],"writer":{"columnTitle":"","columnistID":"","trait":"","writer":""},"layout":"1","share_link":""}],"relevant_news":[],"topic":[],"share_link":"http:\/\/hd.stheadline.com\/news\/realtime\/hk\/1628559"}