{"id":"1128703","newsID":"","title":"\u7db2\u4e0a\u5c62\u50b3\u91d1\u878d\u8b20\u8a00 \u4f59\u5049\u6587\u63d03\u5c0f\u6642\u5167\u6f84\u6e05\u76ee\u6a19","content":["\u91d1\u7ba1\u5c40\u7e3d\u88c1\u4f59\u5049\u6587\u51fa\u5e2d\u7acb\u6cd5\u6703\u8ca1\u7d93\u4e8b\u52d9\u59d4\u54e1\u6703\u6642\u8868\u793a\uff0c\u7559\u610f\u5230\u7206\u767c\u53cd\u4fee\u4f8b\u793a\u5a01\u98a8\u6ce2\u5f8c\uff0c\u793e\u4ea4\u5e73\u53f0\u7d93\u5e38\u6d41\u50b3\u6709\u95dc\u91d1\u878d\u9ad4\u7cfb\u7684\u8b20\u8a00\u3002\u003Cbr \/\u003E\u003Cbr \/\u003E\u4ed6\u8868\u793a\u9ad8\u5ea6\u95dc\u6ce8\u4e8b\u4ef6\uff0c\u672a\u4f86\u6703\u52a0\u5f37\u8a0a\u606f\u767c\u653e\uff0c\u76ee\u6a19\u662f\u5728\u7db2\u4e0a\u8b20\u8a00\u51fa\u73fe\u5f8c2\u30013\u5c0f\u6642\u5167\uff0c\u900f\u904e\u5b98\u65b9\u5e73\u53f0\u6f84\u6e05\uff0c\u540c\u6642\u6703\u52a0\u5f37\u8207\u570b\u969b\u6295\u8cc7\u8005\u7684\u8a0a\u606f\u4ea4\u6d41\u3002\u003Cbr \/\u003E\u003Cbr \/\u003E\u5c0d\u806f\u7e6b\u532f\u7387\u6709\u4fe1\u5fc3\u7684\u4f59\u5049\u6587\u9084\u6307\uff0c\u672c\u6e2f\u4e0d\u6703\u5be6\u65bd\u5916\u532f\u7ba1\u5236\uff0c\u9023\u6708\u793a\u5a01\u4e0b\uff0c\u4ea6\u672a\u898b\u6709\u660e\u986f\u8cc7\u91d1\u6d41\u51fa\u60c5\u6cc1\uff0c\u800c\u4e14\u8cc7\u91d1\u51fa\u5165\u5c6c\u6b63\u5e38\uff0c\u6e2f\u532f\u53ca\u9280\u884c\u5b58\u6b3e\u4e5f\u7a69\u5b9a\u3002\u003Cbr \/\u003E\u003Cbr \/\u003E\u4f59\u5049\u6587\u7a31\uff0c\u8cc7\u91d1\u60c5\u6cc1\u4e3b\u8981\u53ef\u53c3\u8003\u6e2f\u5143\u532f\u7387\u53ca\u9280\u884c\u5b58\u6b3e\u7e3d\u984d\u3002\u82e5\u6709\u5927\u91cf\u8d70\u8cc7\u60c5\u6cc1\uff0c\u6e2f\u532f\u6703\u6e1b\u5f31\uff0c\u9280\u884c\u9ad4\u7cfb\u7e3d\u7d50\u9918\u4ea6\u6703\u964d\u4f4e\uff0c\u4f46\u73fe\u6642\u5169\u8005\u5747\u8f03\u70ba\u7a69\u5b9a\u3002\u4ed6\u53c8\u6307\uff0c\u82e5\u9280\u884c\u9ad4\u7cfb\u7e3d\u7d50\u9918\u6e1b\u5c11\uff0c\u8ca8\u5e63\u74b0\u5883\u5247\u6703\u8f03\u70ba\u7dca\u5f35\uff0c\u6e2f\u606f\u5f9e\u800c\u4e0a\u5347\uff1b\u800c\u6e2f\u606f\u4e0a\u5347\uff0c\u5247\u53ef\u5438\u5f15\u5e02\u6c11\u6216\u6295\u8cc7\u8005\u8f49\u56de\u6e2f\u5143\u3002\u003Cbr \/\u003E\u003Cbr \/\u003E\u4ed6\u5f15\u8ff0\u6578\u5b57\u6307\uff0c\u5168\u5e74\u81f3\u4eca\u5b58\u6b3e\u7e3d\u984d\u53472.1%\uff0c\u6e2f\u5143\u5b58\u6b3e\u53473.4%\uff1b\u6e2f\u532f\u4e5f\u7a69\u5b9a\u65bc7.84\u9644\u8fd1\u6c34\u5e73\u3002","",""],"section":"1","cat":"1","publish_datetime":"2019-11-04 14:42:00","vdo":{"cover_path":"","headline":"","id":"","video_path":""},"vid":{"cover_path":"","headline":"","id":"","video_path":""},"imgs":[{"path":"20191104\/_2019110414431528627_600.jpg","caption":"\u4f59\u5049\u6587\u5c0d\u806f\u7e6b\u532f\u7387\u6709\u4fe1\u5fc3\u3002","isCover":0}],"writer":{"columnTitle":"","columnistID":"","trait":"","writer":""},"layout":"4","keyword":["\u91d1\u7ba1\u5c40"],"related_news":[{"id":"1100237","newsID":"","title":"\u91d1\u7ba1\u5c40\u54114\u9593\u516c\u53f8\u767c\u9280\u884c\u724c\u7167","content":"","section":"1","cat":"1","publish_datetime":"2019-09-26 17:23:00","vdo":{"cover_path":"","headline":"","id":"","video_path":""},"imgs":[{"path":"20190926\/_2019092617271232473_370.jpg","isCover":1}],"writer":{"columnTitle":"","columnistID":"","trait":"","writer":""},"layout":"1","share_link":""},{"id":"1106474","newsID":"","title":"\u3010\u4fee\u4f8b\u98a8\u6ce2\u3011\u91d1\u7ba1\u5c40\u6307\u9280\u884c\u8cc7\u91d1\u5145\u88d5 \u6279\u8b20\u8a00\u60e1\u610f\u88fd\u9020\u6050\u614c","content":"","section":"1","cat":"1","publish_datetime":"2019-10-05 17:58:00","vdo":{"cover_path":"","headline":"","id":"","video_path":""},"imgs":[{"path":"20191005\/_2019100518044637085_370.jpg","isCover":1},{"path":"20191005\/_2019100518044789977_370.jpg","isCover":0},{"path":"20191005\/_2019100518044449754_370.jpg","isCover":0}],"writer":{"columnTitle":"","columnistID":"","trait":"","writer":""},"layout":"1","share_link":""},{"id":"1106819","newsID":"","title":"\u50b3\u6708\u5e95\u7acb\u300a\u63d0\u6b3e\u6cd5\u300b\u9650\u5236\u63d0\u6b3e\u984d \u91d1\u7ba1\u5c40\u6f84\u6e05\uff1a\u7d55\u7121\u6b64\u4e8b","content":"","section":"1","cat":"1","publish_datetime":"2019-10-06 14:37:00","vdo":{"cover_path":"","headline":"","id":"","video_path":""},"imgs":[{"path":"20191006\/_2019100614440514581_370.jpg","isCover":1}],"writer":{"columnTitle":"","columnistID":"","trait":"","writer":""},"layout":"1","share_link":""},{"id":"1107470","newsID":"","title":"\u3010\u4fee\u4f8b\u98a8\u6ce2\u3011\u591a\u5340\u6ac3\u54e1\u6a5f\u6062\u5fa9\u6b63\u5e38\u670d\u52d9 \u5e02\u6c11\u6392\u968a\u63d0\u6b3e","content":"","section":"1","cat":"1","publish_datetime":"2019-10-07 17:18:00","vdo":{"cover_path":"","headline":"","id":"","video_path":""},"imgs":[{"path":"20191007\/_2019100717083761598_370.jpeg","isCover":1}],"writer":{"columnTitle":"","columnistID":"","trait":"","writer":""},"layout":"1","share_link":""},{"id":"1111157","newsID":"","title":"\u3010\u4fee\u4f8b\u98a8\u6ce2\u3011\u91d1\u7ba1\u5c40\u6f84\u6e05\u9280\u884c\u8fd1\u65e5\u7121\u8abf\u4f4e\u63d0\u6b3e\u4e0a\u9650","content":"","section":"1","cat":"1","publish_datetime":"2019-10-11 21:37:00","vdo":{"cover_path":"","headline":"","id":"","video_path":""},"imgs":[{"path":"20191011\/_2019101121405255819_370.jpeg","isCover":1}],"writer":{"columnTitle":"","columnistID":"","trait":"","writer":""},"layout":"1","share_link":""},{"id":"1111163","newsID":"","title":"\u3010\u4fee\u4f8b\u98a8\u6ce2\u3011\u9280\u884c\u516c\u6703\uff1a\u696d\u754c\u76e1\u5feb\u88dc\u5145\u9214\u7968 \u6ac3\u54e1\u6a5f\u8a2d\u63d0\u6b3e\u4e0a\u9650\u662f\u65e2\u6709\u5b89\u6392","content":"","section":"1","cat":"1","publish_datetime":"2019-10-11 21:44:00","vdo":{"cover_path":"","headline":"","id":"","video_path":""},"imgs":[{"path":"20191011\/_2019101121513059459_370.jpg","isCover":1},{"path":"20191011\/_2019101121513190022_370.jpg","isCover":0},{"path":"20191011\/_2019101121513257013_370.jpg","isCover":0}],"writer":{"columnTitle":"","columnistID":"","trait":"","writer":""},"layout":"1","share_link":""},{"id":"1114591","newsID":"","title":"\u3010\u65bd\u653f\u5831\u544a\u3011\u91d1\u7ba1\u5c40\uff1a\u672a\u5145\u5206\u78ba\u8a8d\u6a13\u5e02\u9032\u4e0b\u884c\u5468\u671f \u4e0d\u5b9c\u653e\u5bec\u76e3\u7ba1","content":"","section":"1","cat":"1","publish_datetime":"2019-10-16 14:56:00","vdo":{"cover_path":"","headline":"","id":"","video_path":""},"imgs":[{"path":"20191016\/_2019101615015585058_370.jpg","isCover":1}],"writer":{"columnTitle":"","columnistID":"","trait":"","writer":""},"layout":"1","share_link":""},{"id":"1114600","newsID":"","title":"\u3010\u65bd\u653f\u5831\u544a\u3011\u6309\u8b49\u516c\u53f8\uff1a\u5982\u672a\u7b26\u58d3\u529b\u6e2c\u8a66\u4ecd\u53ef\u7533\u8acb9\u6210\u6309\u63ed","content":"","section":"1","cat":"1","publish_datetime":"2019-10-16 15:04:00","vdo":{"cover_path":"","headline":"","id":"","video_path":""},"imgs":[{"path":"20191016\/_2019101615092414662_370.jpg","isCover":1}],"writer":{"columnTitle":"","columnistID":"","trait":"","writer":""},"layout":"1","share_link":""},{"id":"1125685","newsID":"","title":"\u91d1\u7ba1\u5c40\u8abf\u4f4e\u57fa\u6e96\u5229\u7387\u81f32% \u4f59\u5049\u6587\u6307\u6e2f\u9762\u81e8\u7d93\u6fdf\u58d3\u529b\u76f8\u7576\u5927","content":"","section":"1","cat":"1","publish_datetime":"2019-10-31 09:23:00","vdo":{"cover_path":"","headline":"","id":"","video_path":""},"imgs":[{"path":"20191031\/_2019103109324282456_370.jpg","isCover":1}],"writer":{"columnTitle":"","columnistID":"","trait":"","writer":""},"layout":"1","share_link":""},{"id":"1128613","newsID":"","title":"\u5916\u532f\u57fa\u91d1\u7b2c3\u5b63\u6295\u8cc7\u6536\u76ca202\u5104 \u6309\u5b63\u6025\u8dcc55%","content":"","section":"1","cat":"1","publish_datetime":"2019-11-04 13:02:00","vdo":{"cover_path":"","headline":"","id":"","video_path":""},"imgs":[{"path":"20191104\/_2019110413025088989_370.jpeg","isCover":1}],"writer":{"columnTitle":"","columnistID":"","trait":"","writer":""},"layout":"1","share_link":""}],"relevant_news":[],"topic":[],"share_link":"http:\/\/hd.stheadline.com\/news\/realtime\/hk\/1628703"}