{"id":"1128775","newsID":"","title":"\u3010\u4fee\u4f8b\u98a8\u6ce2\u3011\u5ee3\u660e\u82d1\u4e0d\u6eff\u8b66\u95d6\u79c1\u4eba\u5730 \u6182\u50ac\u6dda\u7159\u5f71\u97ff\u5c45\u6c11","content":["\u5927\u6279\u793a\u5a01\u8005\u6628\u665a\u6df1\u591c\u53ca\u4eca\u65e5\u51cc\u6668\uff0c\u5728\u5c07\u8ecd\u6fb3\u5c1a\u5fb7\u90a8\u548c\u5ee3\u660e\u82d1\u5c0d\u958b\u805a\u96c6\u5835\u8def\u548c\u7e31\u706b\u3002\u9632\u66b4\u8b66\u65bd\u653e\u50ac\u6dda\u5f48\u9a45\u6563\uff0c\u9032\u5165\u5ee3\u660e\u82d1\u7bc4\u570d\u67e5\u770b\u53ef\u7591\u4eba\u58eb\uff0c\u537b\u5f15\u8d77\u5728\u5834\u4eba\u58eb\u4e0d\u6eff\u3002\u003Cbr \/\u003E\u003Cbr \/\u003E\u5ee3\u660e\u82d1\u696d\u4e3b\u7acb\u6848\u6cd5\u5718\u79d8\u66f8\u9ece\u6dd1\u83ef\u63a5\u53d7\u4e00\u96fb\u53f0\u8a2a\u554f\u6642\u6307\uff0c\u5ee3\u660e\u82d1\u5c6c\u79c1\u4eba\u7bc4\u570d\uff0c\u4e0d\u80fd\u63a5\u53d7\u8b66\u65b9\u5728\u6c92\u6709\u641c\u67e5\u4ee4\u6216\u6587\u4ef6\u4e0b\u9032\u5165\u5c4b\u82d1\u8abf\u67e5\u3002\u003Cbr \/\u003E\u003Cbr \/\u003E\u5979\u53c8\u6307\uff0c\u5ee3\u660e\u82d1\u9644\u8fd1\u8a2d\u6709\u8001\u4eba\u9662\u53ca\u591a\u9593\u5e7c\u7a1a\u5712\uff0c \u64d4\u5fc3\u8b66\u65b9\u842c\u4e00\u5728\u5c4b\u82d1\u5167\u65bd\u653e\u50ac\u6dda\u5f48\uff0c\u800c\u50ac\u6dda\u5f48\u6240\u542b\u7684\u5316\u5b78\u7269\u6703\u5f71\u97ff\u5c45\u6c11\u3002\u003Cbr \/\u003E\u003Cbr \/\u003E\u88ab\u554f\u53ca\u65bc\u6703\u5426\u5411\u6cd5\u5ead\u7533\u8acb\u7981\u4ee4\uff0c\u7981\u6b62\u8b66\u65b9\u9032\u5165\u5c4b\u82d1\u7bc4\u570d\u6642\uff0c\u9ece\u6dd1\u83ef\u5247\u8868\u793a\u9700\u8aee\u8a62\u6cd5\u5718\u5f8b\u5e2b\u610f\u898b\u3002","",""],"section":"1","cat":"1","publish_datetime":"2019-11-04 15:21:00","vdo":{"cover_path":"","headline":"","id":"","video_path":""},"vid":{"cover_path":"","headline":"","id":"","video_path":""},"imgs":[{"path":"20191104\/_2019110415223525083_600.jpg","caption":"\u793a\u5a01\u8005\u5728\u5ee3\u660e\u82d1\u5c0d\u958b\u7e31\u706b\u3002","isCover":0},{"path":"20191104\/_2019110415223672748_600.jpg","caption":"\u793a\u5a01\u8005\u5728\u5ee3\u660e\u82d1\u5c0d\u958b\u7e31\u706b\u3002","isCover":0}],"writer":{"columnTitle":"","columnistID":"","trait":"","writer":""},"layout":"4","keyword":["\u4fee\u4f8b\u98a8\u6ce2"],"related_news":[{"id":"1128334","newsID":"","title":"\u3010\u4fee\u4f8b\u98a8\u6ce2\u3011\u79d1\u5927\u751f\u5c07\u8ecd\u6fb3\u907f\u50ac\u6dda\u5f48 \u5931\u8db3\u58ae\u6a13\u547d\u5371","content":"","section":"1","cat":"1","publish_datetime":"2019-11-04 11:32:00","vdo":{"cover_path":"","headline":"","id":"","video_path":""},"imgs":[{"path":"20191104\/_2019110411314223909_370.jpg","isCover":1},{"path":"20191104\/_2019110408002228246_370.jpg","isCover":0},{"path":"20191104\/_2019110408291222534_370.jpg","isCover":0}],"writer":{"columnTitle":"","columnistID":"","trait":"","writer":""},"layout":"1","share_link":""},{"id":"1128355","newsID":"","title":"\u3010\u4fee\u4f8b\u98a8\u6ce2\u3011\u9023\u5834\u793a\u5a01\u885d\u7a8130\u4eba\u9001\u9662 3\u5371\u6b862\u56b4\u91cd","content":"","section":"1","cat":"1","publish_datetime":"2019-11-04 12:42:00","vdo":{"cover_path":"","headline":"","id":"","video_path":""},"imgs":[{"path":"20191104\/_2019110408421528775_370.jpg","isCover":1}],"writer":{"columnTitle":"","columnistID":"","trait":"","writer":""},"layout":"1","share_link":""},{"id":"1128358","newsID":"","title":"\u3010\u4fee\u4f8b\u98a8\u6ce2\u3011\u6d78\u5927\u65b0\u805e\u7cfb\u751f\u592a\u53e4\u57ce\u63a1\u8a2a\u88ab\u6355 \u6821\u9577\u9322\u5927\u5eb7\u4fc3\u516c\u5e73\u5c0d\u5f85","content":"","section":"1","cat":"1","publish_datetime":"2019-11-04 13:18:00","vdo":{"cover_path":"","headline":"","id":"","video_path":""},"imgs":[{"path":"20191104\/_2019110409064637073_370.jpg","isCover":1}],"writer":{"columnTitle":"","columnistID":"","trait":"","writer":""},"layout":"1","share_link":""},{"id":"1128436","newsID":"","title":"\u3010\u5927\u68cb\u76e4\u3011\u6797\u912d\u679c\u771f\u300c\u7121\u5fc3\u6200\u6230\u300d\uff1f","content":"","section":"1","cat":"1","publish_datetime":"2019-11-04 10:23:00","vdo":{"cover_path":"","headline":"","id":"","video_path":""},"imgs":[{"path":"20191104\/_2019110410205586296_370.jpg","isCover":1}],"writer":{"columnTitle":"","columnistID":"","trait":"","writer":""},"layout":"1","share_link":""},{"id":"1128439","newsID":"","title":"\u3010\u4fee\u4f8b\u98a8\u6ce2\u3011\u7a31\u653e\u68c4\u300c\u88ab\u6d17\u8166\u300d\u9752\u5e74 \u4f0d\u6dd1\u6e05\uff1a\u9999\u6e2f\u5931\u53bb\u5169\u4ee3\u5e74\u8f15\u4eba","content":"","section":"1","cat":"1","publish_datetime":"2019-11-04 10:21:00","vdo":{"cover_path":"","headline":"","id":"","video_path":""},"imgs":[{"path":"20191104\/_2019110410215983804_370.jpg","isCover":1}],"writer":{"columnTitle":"","columnistID":"","trait":"","writer":""},"layout":"1","share_link":""},{"id":"1128445","newsID":"","title":"\u3010\u5c08\u6b04\u3011\u5e73\u4e82\u8981\u5b78\u6f22\u666f\u5e1d","content":"","section":"1","cat":"1","publish_datetime":"2019-11-04 10:55:00","vdo":{"cover_path":"","headline":"","id":"","video_path":""},"imgs":[{"path":"20191104\/_2019110410354445875_370.jpg","isCover":1}],"writer":{"columnTitle":"","columnistID":"","trait":"","writer":""},"layout":"1","share_link":""},{"id":"1128481","newsID":"","title":"\u3010\u4fee\u4f8b\u98a8\u6ce2\u3011\u6797\u5353\u5ef7:\u8d99\u5bb6\u8ce2\u5df2\u505a\u624b\u8853\u99c1\u56de\u8033\u6735","content":"","section":"1","cat":"1","publish_datetime":"2019-11-04 10:51:00","vdo":{"cover_path":"","headline":"","id":"","video_path":""},"imgs":[{"path":"20191104\/_2019110411363663958_370.jpg","isCover":1},{"path":"20191104\/_2019110411561987481_370.jpg","isCover":0},{"path":"20191104\/_2019110411562170127_370.jpg","isCover":0}],"writer":{"columnTitle":"","columnistID":"","trait":"","writer":""},"layout":"1","share_link":""},{"id":"1128487","newsID":"","title":"\u3010\u4fee\u4f8b\u98a8\u6ce2\u3011\u6a39\u4ec1\u6025\u6551\u54e1\u4e2d\u50ac\u6dda\u5f48\u4e09\u7d1a\u71d2\u50b7 \u6bcd\u6821\u8463\u7389\u5a23\u4e2d\u5b78\u611f\u96e3\u904e","content":"","section":"1","cat":"1","publish_datetime":"2019-11-04 11:14:00","vdo":{"cover_path":"","headline":"","id":"","video_path":""},"imgs":[{"path":"20191104\/_2019110411182435064_370.jpg","isCover":1}],"writer":{"columnTitle":"","columnistID":"","trait":"","writer":""},"layout":"1","share_link":""},{"id":"1128538","newsID":"","title":"\u3010\u4fee\u4f8b\u98a8\u6ce2\u3011\u4e2d\u5927\u91ab\u5b78\u96623\u5b78\u751f\u524d\u65e5\u88ab\u6355 \u5b78\u751f\u6703\u4fc3\u6821\u65b9\u56de\u61c9","content":"","section":"1","cat":"1","publish_datetime":"2019-11-04 12:00:00","vdo":{"cover_path":"","headline":"","id":"","video_path":""},"imgs":[{"path":"20191104\/_2019110412042747214_370.jpg","isCover":1}],"writer":{"columnTitle":"","columnistID":"","trait":"","writer":""},"layout":"1","share_link":""},{"id":"1128664","newsID":"","title":"\u3010\u4fee\u4f8b\u98a8\u6ce2\u3011\u5169\u5587\u6c99\u4ed4\u524d\u65e5\u7063\u4ed4\u88ab\u6355 \u95dc\u6ce8\u7d44\u6821\u5712\u96c6\u6703\u8072\u63f4","content":"","section":"1","cat":"1","publish_datetime":"2019-11-04 13:52:00","vdo":{"cover_path":"","headline":"","id":"","video_path":""},"imgs":[{"path":"20191104\/_2019110413573331950_370.jpeg","isCover":1}],"writer":{"columnTitle":"","columnistID":"","trait":"","writer":""},"layout":"1","share_link":""}],"relevant_news":[],"topic":[],"share_link":"http:\/\/hd.stheadline.com\/news\/realtime\/hk\/1628775"}