{"id":"1128442","newsID":"","title":"\u300c\u827e\u7f8e\u8389\u300d\u5439\u8972\u6cd5\u570b\u5357\u90e8 \u5ee3\u6cdb\u505c\u96fb14\u842c\u4eba\u53d7\u5f71\u97ff","content":["\u6cd5\u570b\u5357\u90e8\u906d\u53d7\u98a8\u66b4\u300c\u827e\u7f8e\u8389\u300d\u5439\u8972\uff0c\u6d77\u908a\u6380\u8d77\u5de8\u6d6a\uff0c\u6a39\u6728\u88ab\u9023\u6839\u62d4\u8d77\uff0c\u5ee3\u6cdb\u505c\u96fb\uff0c14\u842c\u4eba\u53d7\u5f71\u97ff\uff0c\u4e00\u540d\u5973\u5b50\u5931\u806f\u3002\u003Cbr \/\u003E\u003Cbr \/\u003E\u300c\u827e\u7f8e\u8389\u300d\u70ba\u6cd5\u570b\u5357\u90e8\u5e36\u4f86\u72c2\u98a8\u66b4\u96e8\uff0c\u628a\u6a39\u6728\u5439\u5012\u5728\u8def\u4e0a\u6216\u9435\u8def\u4e0a\uff0c\u96fb\u7e9c\u7dda\u88ab\u62c9\u626f\u9b06\u5f1b\uff0c\u7dca\u6025\u6551\u63f4\u55ae\u4f4d\u63a5\u7372\u6578\u767e\u901a\u51fa\u52e4\u96fb\u8a71\u3002\u003Cbr \/\u003E\u003Cbr \/\u003E\u4e00\u540d\u4e03\u65ec\u5973\u6027\u5728\u5357\u90e8\u57ce\u5e02\u5c3c\u65af\uff08Nice\uff09\u5357\u5340\u88ab\u901a\u5831\u5931\u8e64\uff1b\u53d7\u98a8\u707d\u5f71\u97ff\u6700\u5287\u70c8\u7684\u6cd5\u570b\u897f\u5357\u90e8\uff0c\u67096\u4eba\u53d7\u8f15\u50b7\uff0c\u4e3b\u8981\u662f\u6a39\u679d\u6389\u843d\u9020\u6210\u3002\u003Cbr \/\u003E\u003Cbr \/\u003E\u96fb\u529b\u4f9b\u61c9\u5546Enedis\u8868\u793a\uff0c\u6b63\u591c\u4ee5\u7e7c\u65e5\u70ba\u5df2\u7d93\u6578\u5c0f\u6642\u7121\u96fb\u53ef\u7528\u768414\u842c\u540d\u5ba2\u6236\u4fee\u5fa9\u96fb\u529b\u3002","",""],"section":"1","cat":"4","publish_datetime":"2019-11-04 10:24:00","vdo":{"cover_path":"","headline":"","id":"","video_path":""},"vid":{"cover_path":"","headline":"","id":"","video_path":""},"imgs":[{"path":"20191104\/_2019110410353737415_600.jpg","caption":"\u300c\u827e\u7f8e\u8389\u300d\u5439\u8972\u6cd5\u570b\u5357\u90e8\u3002AP","isCover":0}],"writer":{"columnTitle":"","columnistID":"","trait":"","writer":""},"layout":"4","keyword":["\u5b89\u500d\u6649\u4e09"],"related_news":[{"id":"1068154","newsID":"","title":"\u6230\u655774\u5468\u5e74 \u5b89\u500d\u5411\u9756\u570b\u795e\u793e\u4f9b\u5949\u796d\u7940\u8cbb ","content":"","section":"1","cat":"4","publish_datetime":"2019-08-15 08:41:00","vdo":{"cover_path":"","headline":"","id":"","video_path":""},"imgs":[{"path":"20190815\/_2019081508543797519_370.jpg","isCover":1}],"writer":{"columnTitle":"","columnistID":"","trait":"","writer":""},"layout":"1","share_link":""},{"id":"1068844","newsID":"","title":"\u5fb7\u4ec1\u5929\u7687\u6307\u6df1\u523b\u53cd\u7701\u6230\u722d \u5b89\u500d\u9023\u7e8c7\u5e74\u5411\u9756\u570b\u795e\u793e\u737b\u796d\u7940\u8cbb","content":"","section":"1","cat":"4","publish_datetime":"2019-08-15 17:51:00","vdo":{"cover_path":"","headline":"","id":"","video_path":""},"imgs":[{"path":"20190815\/_2019081518143899693_370.jpg","isCover":1},{"path":"20190815\/_2019081518143950891_370.jpg","isCover":0},{"path":"20190815\/_2019081518143674749_370.jpg","isCover":0}],"writer":{"columnTitle":"","columnistID":"","trait":"","writer":""},"layout":"1","share_link":""},{"id":"1076810","newsID":"","title":"\u65e5\u589e\u8cfc\u7f8e\u7389\u7c73\u524a\u8c6c\u725b\u8089\u95dc\u7a05 \u6700\u5feb9\u6708\u9054\u6210\u5354\u8b70","content":"","section":"1","cat":"4","publish_datetime":"2019-08-26 16:14:00","vdo":{"cover_path":"","headline":"","id":"","video_path":""},"imgs":[{"path":"20190826\/_2019082616250461685_370.jpg","isCover":1}],"writer":{"columnTitle":"","columnistID":"","trait":"","writer":""},"layout":"1","share_link":""},{"id":"1077806","newsID":"","title":"\u65e5\u76f8\u5b89\u500d\u6649\u4e09\u5ba3\u5e03\uff1a9\u6708\u9032\u884c\u5927\u898f\u6a21\u5167\u95a3\u6539\u7d44","content":"","section":"1","cat":"4","publish_datetime":"2019-08-27 19:13:00","vdo":{"cover_path":"","headline":"","id":"","video_path":""},"imgs":[{"path":"20190827\/_2019082718160085328_370.jpg","isCover":1}],"writer":{"columnTitle":"","columnistID":"","trait":"","writer":""},"layout":"1","share_link":""},{"id":"1089014","newsID":"","title":"\u5b89\u500d\u6539\u7d44\u5167\u95a317\u4eba\u7570\u52d5 \u660e\u65e5\u4e4b\u661f\u5c0f\u6cc9\u9032\u6b21\u90ce\u9996\u5165\u95a3\t","content":"","section":"1","cat":"4","publish_datetime":"2019-09-11 15:31:00","vdo":{"cover_path":"","headline":"","id":"","video_path":""},"imgs":[{"path":"20190911\/_2019091115320237595_370.jpg","isCover":1}],"writer":{"columnTitle":"","columnistID":"","trait":"","writer":""},"layout":"1","share_link":""},{"id":"1109027","newsID":"","title":"\u3010\u4fee\u4f8b\u98a8\u6ce2\u3011\u5b89\u500d\u6649\u4e09\u5c0d\u9999\u6e2f\u5c40\u52e2\u81f4\u6709\u4eba\u53d7\u50b7\u611f\u64d4\u6182 \u76fc\u5404\u65b9\u514b\u5236","content":"","section":"1","cat":"1","publish_datetime":"2019-10-09 15:31:00","vdo":{"cover_path":"","headline":"","id":"","video_path":""},"imgs":[{"path":"20191009\/_2019100915371378728_370.jpg","isCover":1}],"writer":{"columnTitle":"","columnistID":"","trait":"","writer":""},"layout":"1","share_link":""},{"id":"1114066","newsID":"","title":"\u3010\u6d77\u8c9d\u601d\u8972\u65e5\u3011\u6771\u4eac\u907f\u96e3\u6240\u62d2\u9732\u5bbf\u8005\u906d\u70ae\u8f5f \u5b89\u500d\uff1a\u61c9\u5411\u6240\u6709\u4eba\u958b\u653e","content":"","section":"1","cat":"4","publish_datetime":"2019-10-16 08:11:00","vdo":{"cover_path":"","headline":"","id":"","video_path":""},"imgs":[{"path":"20191016\/_2019101608145184257_370.jpg","isCover":1},{"path":"20191016\/_2019101608145221869_370.jpg","isCover":0},{"path":"20191016\/_2019101608145314472_370.jpg","isCover":0}],"writer":{"columnTitle":"","columnistID":"","trait":"","writer":""},"layout":"1","share_link":""},{"id":"1120888","newsID":"","title":"\u5f37\u5fb5\u52de\u5de5\u5206\u6b67\u672a\u89e3 \u97d3\u65e5\u8a8d\u540c\u6539\u5584\u5169\u570b\u95dc\u4fc2","content":"","section":"1","cat":"4","publish_datetime":"2019-10-24 16:29:00","vdo":{"cover_path":"","headline":"","id":"","video_path":""},"imgs":[{"path":"20191024\/_2019102416382421734_370.jpg","isCover":1}],"writer":{"columnTitle":"","columnistID":"","trait":"","writer":""},"layout":"1","share_link":""},{"id":"1128214","newsID":"","title":"\u65e5\u9996\u76f8\u5b89\u500d\u6649\u4e09\u4e58\u5750\u7684\u653f\u5e9c\u5c08\u6a5f\u767c\u751f\u5c0f\u706b\u707d","content":"","section":"1","cat":"4","publish_datetime":"2019-11-03 21:27:00","vdo":{"cover_path":"","headline":"","id":"","video_path":""},"imgs":[{"path":"20191103\/_2019110321091144975_370.jpg","isCover":1}],"writer":{"columnTitle":"","columnistID":"","trait":"","writer":""},"layout":"1","share_link":""}],"relevant_news":[],"topic":[],"share_link":"http:\/\/hd.stheadline.com\/news\/realtime\/wo\/1628442"}