{"id":"1128145","newsID":"","title":"\u3010NBA\u3011\u52c7\u58eb\u50b7\u5175\u6f6e\u52a0\u5287 \u8d85\u6b98\u9663\u4e0d\u6575\u5927\u9ec3\u8702","content":["\u7e7c\u53f2\u5824\u82ac\u5c45\u5229\u624b\u638c\u9aa8\u6298\u9700\u6700\u5c11\u990a\u50b7\u4e09\u500b\u6708\uff0c\u52c7\u58eb\u5468\u516d\u5ba3\u5e03\u6234\u6587\u683c\u9023\u624b\u6307\u97cc\u5e36\u6495\u88c2\u9700\u4f11\u6230\u6578\u4ed7\uff0c\u65b0\u52a0\u76df\u7684\u8fea\u5b89\u7956\u7f85\u7d20\u4ea6\u626d\u50b7\u8db3\u8e1d\u907f\u6230\u3002\u5468\u516d\u4f5c\u6771\u9b25\u5927\u9ec3\u8702\uff0c\u52c7\u58eb\u53ea\u597d\u6392\u51fa\u4e00\u5957\u4eca\u5b63\u5e74\u85aa\u5408\u5171\u50c5\u4e03\u767e\u842c\u7f8e\u5143\uff08\u4e94\u5343\u4e94\u767e\u842c\u6e2f\u5143\uff09\u7684\u8d85\u6b98\u6b63\u9078\u9663\u5bb9\uff0c\u6700\u7d42\u6709\u5e15\u65af\u8377\u723e\u5165\u5eff\u4e94\u5206\u4e5f\u597d\uff0c\u4ecd\u4ee587:93\u843d\u6557\u3002","",""],"section":"1","cat":"7","publish_datetime":"2019-11-03 19:00:00","vdo":{"cover_path":"","headline":"","id":"","video_path":""},"vid":{"cover_path":"","headline":"","id":"","video_path":""},"imgs":[{"path":"20191103\/_2019110319021266079_600.jpg","caption":"\u52c7\u58eb(\u9ec3\u886b)\u6b98\u9663\u4e0d\u6575\u5927\u9ec3\u8702\u3002AP","isCover":0}],"writer":{"columnTitle":"","columnistID":"","trait":"","writer":""},"layout":"4","keyword":["NBA","\u53f2\u5824\u82ac\u5c45\u5229","\u52c7\u58eb","\u6234\u6587\u683c\u9023","\u8fea\u5b89\u7956\u7f85\u7d20","\u5927\u9ec3\u8702","\u5e15\u65af\u8377\u723e"],"related_news":[{"id":"1118797","newsID":"","title":"\u3010\u4fee\u4f8b\u98a8\u6ce2\u3011\u6307\u7f8e\u4f01\u6490\u6e2f\u793a\u5a01\u906d\u5831\u5fa9 \u84ec\u4f69\u5967\u6279\u4e2d\u570b\u884c\u70ba\u5b8c\u5168\u4e0d\u6070\u7576","content":"","section":"1","cat":"1","publish_datetime":"2019-10-22 10:14:00","vdo":{"cover_path":"","headline":"","id":"","video_path":""},"imgs":[{"path":"20191022\/_2019102210191955531_370.jpg","isCover":1}],"writer":{"columnTitle":"","columnistID":"","trait":"","writer":""},"layout":"1","share_link":""},{"id":"1118866","newsID":"","title":"NBA\u98a8\u6ce2\u672a\u5e73 \u592e\u8996\u7bc0\u76ee\u8868\u672a\u898b\u6709\u63ed\u5e55\u6230 ","content":"","section":"1","cat":"3","publish_datetime":"2019-10-22 11:31:00","vdo":{"cover_path":"","headline":"","id":"","video_path":""},"imgs":[{"path":"20191022\/_2019102211381157216_370.jpg","isCover":1}],"writer":{"columnTitle":"","columnistID":"","trait":"","writer":""},"layout":"1","share_link":""},{"id":"1119316","newsID":"","title":"\u3010NBA\u3011\u9078\u79c0\u72c0\u5143\u63a5\u53d7\u534a\u6708\u677f\u624b\u8853 \u6700\u5feb\u8056\u8853\u624d\u80fd\u5fa9\u51fa","content":"","section":"1","cat":"7","publish_datetime":"2019-10-22 17:16:00","vdo":{"cover_path":"","headline":"","id":"","video_path":""},"imgs":[{"path":"20191022\/_2019102217193878846_370.jpg","isCover":1}],"writer":{"columnTitle":"","columnistID":"","trait":"","writer":""},"layout":"1","share_link":""},{"id":"1120288","newsID":"","title":"\u592e\u8996\u9a30\u8a0a\u5747\u672a\u76f4\u64adNBA\u958b\u5e55\u8cfd \u6709\u83ef\u4eba\u767c\u8d77\u4eba\u9001\u842c\u4ef6T\u6064\u633a\u6e2f","content":"","section":"1","cat":"3","publish_datetime":"2019-10-23 21:12:00","vdo":{"cover_path":"","headline":"","id":"","video_path":""},"imgs":[{"path":"20191023\/_2019102320230123177_370.jpg","isCover":1}],"writer":{"columnTitle":"","columnistID":"","trait":"","writer":""},"layout":"1","share_link":""},{"id":"1122409","newsID":"","title":"\u3010NBA\u3011\u6b50\u6d32\u5b56\u5bf6\u7387\u7368\u884c\u4fe0\u632b\u5858\u9d5d \u5341\u4e94\u5e74\u4f86\u958b\u5b63\u4e8c\u9023\u52dd","content":"","section":"1","cat":"7","publish_datetime":"2019-10-26 18:10:00","vdo":{"cover_path":"","headline":"","id":"","video_path":""},"imgs":[{"path":"20191026\/_2019102618353389634_370.jpg","isCover":1}],"writer":{"columnTitle":"","columnistID":"","trait":"","writer":""},"layout":"1","share_link":""},{"id":"1122877","newsID":"","title":"\u3010NBA\u3011\u97cb\u5c11\u7387\u706b\u7bad\u7834\u5858\u9d5d\u958b\u9f4b \u4e09\u96d9\u6578\u6b21\u8d85\u9b54\u8853\u624b\u53f2\u4e0a\u7b2c\u4e8c","content":"","section":"1","cat":"7","publish_datetime":"2019-10-27 18:35:00","vdo":{"cover_path":"","headline":"","id":"","video_path":""},"imgs":[{"path":"20191027\/_2019102718380268048_370.jpg","isCover":1}],"writer":{"columnTitle":"","columnistID":"","trait":"","writer":""},"layout":"1","share_link":""},{"id":"1125427","newsID":"","title":"\u3010NBA\u3011\u4e00\u7709\u5fcd\u75db\u6458\u56db\u5341\u5206\u4e8c\u5341\u7c43\u677f \u7387\u6e56\u4eba\u5927\u52dd\u7070\u718a","content":"","section":"1","cat":"7","publish_datetime":"2019-10-30 18:33:00","vdo":{"cover_path":"","headline":"","id":"","video_path":""},"imgs":[{"path":"20191030\/_2019103018364633120_370.jpg","isCover":1}],"writer":{"columnTitle":"","columnistID":"","trait":"","writer":""},"layout":"1","share_link":""},{"id":"1126360","newsID":"","title":"\u3010NBA\u3011\u5496\u55b1\u4ed4\u5de6\u624b\u638c\u9aa8\u6298 \u52c7\u58eb\u8ce0\u4e86\u592b\u4eba\u53c8\u6298\u5175","content":"","section":"1","cat":"7","publish_datetime":"2019-10-31 18:45:00","vdo":{"cover_path":"","headline":"","id":"","video_path":""},"imgs":[{"path":"20191031\/_2019103118474299445_370.jpg","isCover":1}],"writer":{"columnTitle":"","columnistID":"","trait":"","writer":""},"layout":"1","share_link":""},{"id":"1126366","newsID":"","title":"\u3010NBA\u3011\u54c8\u767b59\u5206\u97cb\u5c11\u4e09\u96d9 \u706b\u7bad\u4e00\u5206\u96aa\u52dd\u5deb\u5e2b","content":"","section":"1","cat":"7","publish_datetime":"2019-10-31 18:50:00","vdo":{"cover_path":"","headline":"","id":"","video_path":""},"imgs":[{"path":"20191031\/_2019103118514813965_370.jpg","isCover":1}],"writer":{"columnTitle":"","columnistID":"","trait":"","writer":""},"layout":"1","share_link":""},{"id":"1127668","newsID":"","title":"\u3010NBA\u3011\u5496\u55b1\u4ed4\u990a\u50b7\u6700\u5c11\u4e09\u500b\u6708 \u52c7\u58eb\u4e94\u6230\u56db\u8ca0\u5c45\u723e\u7591\u8209\u767d\u65d7","content":"","section":"1","cat":"7","publish_datetime":"2019-11-02 17:46:00","vdo":{"cover_path":"","headline":"","id":"","video_path":""},"imgs":[{"path":"20191102\/_2019110217480241415_370.jpg","isCover":1}],"writer":{"columnTitle":"","columnistID":"","trait":"","writer":""},"layout":"1","share_link":""}],"relevant_news":[],"topic":[],"share_link":"http:\/\/hd.stheadline.com\/news\/realtime\/spt\/1628145"}