{"id":"1128142","newsID":"","title":"\u3010\u5fb7\u7532\u3011\u62dc\u4ec11:5\u6158\u6557\u7d66\u6cd5\u862d\u514b\u798f \u5c3c\u9ad8\u9ad8\u83ef\u8a8d\u5e25\u4f4d\u4e0d\u7a69","content":["\u62dc\u4ec1\u6155\u5c3c\u9ed1\u5468\u516d\u5fb7\u7532\u4f5c\u5ba2\u6cd5\u862d\u514b\u798f\uff0c\u752b\u958b\u8cfd\u4e5d\u5206\u9418\u4fbf\u6709\u4e2d\u5805\u8b1d\u8def\u7f8e\u4fdd\u5b9a\u88ab\u9010\uff0c\u6700\u7d42\u6158\u65571:5\u3002\u8a72\u968a\u4e0a\u4e00\u6b21\u540c\u4e00\u6bd4\u6578\u5927\u6557\uff0c\u6b63\u662f\u5341\u5e74\u524d\u4e0d\u6575\u79be\u592b\u65af\u5821\uff0c\u7403\u6703\u66f4\u56e0\u6b64\u53d6\u6d88\u5468\u65e5\u7684\u516c\u958b\u8a13\u7df4\u3002\u8cfd\u524d\u8ddf\u6e6f\u99ac\u58eb\u6885\u62ff\u767c\u751f\u722d\u57f7\u7684\u5c3c\u9ad8\u9ad8\u83ef\u627f\u8a8d\u5e25\u4f4d\u4e0d\u7a69\ufe30\u300c\u6211\u7684\u672a\u4f86\u4e0d\u662f\u7531\u6211\u6c7a\u5b9a\u3002\u300d","",""],"section":"1","cat":"7","publish_datetime":"2019-11-03 18:57:00","vdo":{"cover_path":"","headline":"","id":"","video_path":""},"vid":{"cover_path":"","headline":"","id":"","video_path":""},"imgs":[{"path":"20191103\/_2019110318592052007_600.jpg","caption":"\u7f85\u62d4\u5229\u96f2\u5ea6\u592b\u65af\u57fa(\u524d)\u58eb\u54e5\uff0c\u4ecd\u96e3\u963b\u62dc\u4ec1\u5927\u6557\u3002AP","isCover":0}],"writer":{"columnTitle":"","columnistID":"","trait":"","writer":""},"layout":"4","keyword":["\u62dc\u4ec1\u6155\u5c3c\u9ed1","\u5fb7\u7532","\u6cd5\u862d\u514b\u798f","\u8b1d\u8def\u7f8e\u4fdd\u5b9a","\u79be\u592b\u65af\u5821","\u6e6f\u99ac\u58eb\u6885\u62ff","\u5c3c\u9ad8\u9ad8\u83ef"],"related_news":[{"id":"1066984","newsID":"","title":"\u62dc\u4ec1\u96d9\u559c\u81e8\u9580 \u5fb7\u76c3\u904e\u95dc\u7c3d\u65b0\u7ffc\u92d2","content":"","section":"1","cat":"7","publish_datetime":"2019-08-13 19:06:00","vdo":{"cover_path":"","headline":"","id":"","video_path":""},"imgs":[{"path":"20190813\/_2019081319080157350_370.jpg","isCover":1}],"writer":{"columnTitle":"","columnistID":"","trait":"","writer":""},"layout":"1","share_link":""},{"id":"1075694","newsID":"","title":"\u67cf\u9ad8\u827e\u5361\u6c99\u53c8\u5efa\u529f \u7387\u591a\u8499\u7279\u53cd\u6557\u70ba\u52dd","content":"","section":"1","cat":"7","publish_datetime":"2019-08-24 19:20:00","vdo":{"cover_path":"","headline":"","id":"","video_path":""},"imgs":[{"path":"20190824\/_2019082419221689276_370.jpg","isCover":1}],"writer":{"columnTitle":"","columnistID":"","trait":"","writer":""},"layout":"1","share_link":""},{"id":"1076213","newsID":"","title":"\u53e4\u5929\u5974\u7387\u4e09\u65b0\u5175\u8655\u5b50\u4eae\u76f8 \u52a9\u62dc\u4ec1\u5927\u52dd\u5fb7\u7532\u958b\u9f4b","content":"","section":"1","cat":"7","publish_datetime":"2019-08-25 19:37:00","vdo":{"cover_path":"","headline":"","id":"","video_path":""},"imgs":[{"path":"20190825\/_2019082519393427267_370.jpg","isCover":1}],"writer":{"columnTitle":"","columnistID":"","trait":"","writer":""},"layout":"1","share_link":""},{"id":"1096088","newsID":"","title":"\u3010\u6b50\u9738\u3011\u69cd\u624b\u4e09\u86cb\u8d08\u6cd5\u862d\u514b\u798f \u5341\u516b\u6b72\u85a9\u5361\u58eb\u54e5\u5275\u968a\u53f2","content":"","section":"1","cat":"7","publish_datetime":"2019-09-20 18:58:00","vdo":{"cover_path":"","headline":"","id":"","video_path":""},"imgs":[{"path":"20190920\/_2019092018594766014_370.jpg","isCover":1}],"writer":{"columnTitle":"","columnistID":"","trait":"","writer":""},"layout":"1","share_link":""},{"id":"1106555","newsID":"","title":"\u3010\u82f1\u8d85\u3011\u6d1b\u91cc\u65af\u7591\u91cd\u50b7 \u71b1\u523a\u541e\u767d\u79ae\u9813\u4e09\u86cb","content":"","section":"1","cat":"7","publish_datetime":"2019-10-05 21:28:00","vdo":{"cover_path":"","headline":"","id":"","video_path":""},"imgs":[{"path":"20191005\/_2019100521315088241_370.jpg","isCover":1}],"writer":{"columnTitle":"","columnistID":"","trait":"","writer":""},"layout":"1","share_link":""},{"id":"1106972","newsID":"","title":"\u3010\u5fb7\u7532\u3011\u5c3c\u9ad8\u9ad8\u83ef\u50c5\u8f2a\u63db\u4e00\u4eba\u95d6\u798d \u62dc\u4ec1\u53f2\u4e0a\u4e3b\u5834\u9996\u8ca0\u8cc0\u82ac\u54b8","content":"","section":"1","cat":"7","publish_datetime":"2019-10-06 17:23:00","vdo":{"cover_path":"","headline":"","id":"","video_path":""},"imgs":[{"path":"20191006\/_2019100617274297152_370.jpg","isCover":1}],"writer":{"columnTitle":"","columnistID":"","trait":"","writer":""},"layout":"1","share_link":""},{"id":"1117591","newsID":"","title":"\u3010\u5fb7\u7532\u3011\u7f85\u62d4\u4ed4\u58eb\u54e5\u6551\u4e0d\u4e86\u62dc\u4ec1 \u968a\u53cb\u5c62\u8aa4\u620e\u6a5f\u88dc\u6642\u88ab\u903c\u548c","content":"","section":"1","cat":"7","publish_datetime":"2019-10-20 17:30:00","vdo":{"cover_path":"","headline":"","id":"","video_path":""},"imgs":[{"path":"20191020\/_2019102017335733073_370.jpg","isCover":1}],"writer":{"columnTitle":"","columnistID":"","trait":"","writer":""},"layout":"1","share_link":""},{"id":"1120171","newsID":"","title":"\u3010\u6b50\u806f\u3011\u62dc\u4ec1\u4f5c\u5ba2\u96aa\u52dd\u4ee3\u50f9\u5927 \u76e7\u5361\u65af\u9774\u5357\u8fea\u65af\u50b7\u5f8c\u9632\u66f4\u5371","content":"","section":"1","cat":"7","publish_datetime":"2019-10-23 18:11:00","vdo":{"cover_path":"","headline":"","id":"","video_path":""},"imgs":[{"path":"20191023\/_2019102318132495876_370.jpg","isCover":1}],"writer":{"columnTitle":"","columnistID":"","trait":"","writer":""},"layout":"1","share_link":""},{"id":"1122859","newsID":"","title":"\u3010\u5fb7\u7532\u3011\u7f85\u62d4\u4ed4\u958b\u5b63\u4e5d\u8f2a\u7686\u58eb\u54e5\u5275\u7d00\u9304 \u7387\u62dc\u4ec12:1\u5c0f\u52dd\u67cf\u6797\u806f","content":"","section":"1","cat":"7","publish_datetime":"2019-10-27 18:07:00","vdo":{"cover_path":"","headline":"","id":"","video_path":""},"imgs":[{"path":"20191027\/_2019102718095554504_370.jpg","isCover":1}],"writer":{"columnTitle":"","columnistID":"","trait":"","writer":""},"layout":"1","share_link":""},{"id":"1125319","newsID":"","title":"\u3010\u5fb7\u570b\u76c3\u3011\u62dc\u4ec1\u9a5a\u96aa\u53cd\u52dd\u4e59\u7d44\u4ed4\u904e\u95dc \u6559\u7df4\u65a5\u6230\u5c07\u300c\u614b\u5ea6\u8f15\u6311\u300d","content":"","section":"1","cat":"7","publish_datetime":"2019-10-30 17:44:00","vdo":{"cover_path":"","headline":"","id":"","video_path":""},"imgs":[{"path":"20191030\/_2019103017461238195_370.jpg","isCover":1}],"writer":{"columnTitle":"","columnistID":"","trait":"","writer":""},"layout":"1","share_link":""}],"relevant_news":[],"topic":[],"share_link":"http:\/\/hd.stheadline.com\/news\/realtime\/spt\/1628142"}