{"id":"1128664","newsID":"","title":"\u3010\u4fee\u4f8b\u98a8\u6ce2\u3011\u5169\u5587\u6c99\u4ed4\u524d\u65e5\u7063\u4ed4\u88ab\u6355 \u95dc\u6ce8\u7d44\u6821\u5712\u96c6\u6703\u8072\u63f4","content":["\u5587\u6c99\u66f8\u96622\u540d\u5b78\u751f\u524d\u65e5\u5728\u7063\u4ed4\u4fee\u9813\u7403\u5834\u88ab\u6355\u5f8c\uff0c\u5587\u6c99\u66f8\u9662\u53cd\u4fee\u4f8b\u95dc\u6ce8\u7d44\u6628\u65e5\u767c\u8d77\u4eca\u65e9\u5728\u6821\u5712\u5167\u975c\u5750\uff0c\u8072\u63f4\u88ab\u6355\u5b78\u751f\u3002\u65e9\u4e0a\u53c3\u8207\u884c\u52d5\u7684\u5b78\u751f\u5927\u90fd\u6234\u4e0a\u53e3\u7f69\uff0c\u90e8\u5206\u4eba\u8eab\u7a7f\u9ed1\u8863\u3002\u003Cbr \/\u003E\u003Cbr \/\u003E\u95dc\u6ce8\u7d44\u53e6\u767c\u8d77\u660e\u65e9\u8209\u884c\u300c\u548c\u7406\u8fd4\u5b78\u300d\u6d3b\u52d5\uff0c\u518d\u6b21\u8072\u63f4\u88ab\u6355\u5b78\u751f\uff0c\u540c\u6642\u6297\u8b70\u8b66\u65b9\u6feb\u6355\u53ca\u6feb\u6b0a\u60c5\u6cc1\u65e5\u8da8\u56b4\u91cd\u3002\u6d3b\u52d5\u5c07\u65bc\u6e2f\u9435\u4e5d\u9f8d\u5858\u7ad9\u96c6\u5408\u5f8c\uff0c\u4e00\u540c\u6b65\u884c\u5230\u5587\u6c99\u66f8\u9662\u3002","",""],"section":"1","cat":"1","publish_datetime":"2019-11-04 13:52:00","vdo":{"cover_path":"","headline":"","id":"","video_path":""},"vid":{"cover_path":"","headline":"","id":"","video_path":""},"imgs":[{"path":"20191104\/_2019110413573331950_600.jpeg","caption":"\u5587\u6c99\u66f8\u9662\u5b78\u751f\u4e4b\u524d\u66fe\u8209\u884c\u53cd\u4fee\u4f8b\u6d3b\u52d5\u3002\u8cc7\u6599\u5716\u7247","isCover":0}],"writer":{"columnTitle":"","columnistID":"","trait":"","writer":""},"layout":"4","keyword":["\u4fee\u4f8b\u98a8\u6ce2"],"related_news":[{"id":"1128334","newsID":"","title":"\u3010\u4fee\u4f8b\u98a8\u6ce2\u3011\u79d1\u5927\u751f\u5c07\u8ecd\u6fb3\u907f\u50ac\u6dda\u5f48 \u5931\u8db3\u58ae\u6a13\u547d\u5371","content":"","section":"1","cat":"1","publish_datetime":"2019-11-04 11:32:00","vdo":{"cover_path":"","headline":"","id":"","video_path":""},"imgs":[{"path":"20191104\/_2019110411314223909_370.jpg","isCover":1},{"path":"20191104\/_2019110408002228246_370.jpg","isCover":0},{"path":"20191104\/_2019110408291222534_370.jpg","isCover":0}],"writer":{"columnTitle":"","columnistID":"","trait":"","writer":""},"layout":"1","share_link":""},{"id":"1128355","newsID":"","title":"\u3010\u4fee\u4f8b\u98a8\u6ce2\u3011\u9023\u5834\u793a\u5a01\u885d\u7a8130\u4eba\u9001\u9662 3\u5371\u6b862\u56b4\u91cd","content":"","section":"1","cat":"1","publish_datetime":"2019-11-04 12:42:00","vdo":{"cover_path":"","headline":"","id":"","video_path":""},"imgs":[{"path":"20191104\/_2019110408421528775_370.jpg","isCover":1}],"writer":{"columnTitle":"","columnistID":"","trait":"","writer":""},"layout":"1","share_link":""},{"id":"1128358","newsID":"","title":"\u3010\u4fee\u4f8b\u98a8\u6ce2\u3011\u6d78\u5927\u65b0\u805e\u7cfb\u751f\u592a\u53e4\u57ce\u63a1\u8a2a\u88ab\u6355 \u6821\u9577\u9322\u5927\u5eb7\u4fc3\u516c\u5e73\u5c0d\u5f85","content":"","section":"1","cat":"1","publish_datetime":"2019-11-04 13:18:00","vdo":{"cover_path":"","headline":"","id":"","video_path":""},"imgs":[{"path":"20191104\/_2019110409064637073_370.jpg","isCover":1}],"writer":{"columnTitle":"","columnistID":"","trait":"","writer":""},"layout":"1","share_link":""},{"id":"1128427","newsID":"","title":"\u3010\u4fee\u4f8b\u98a8\u6ce2\u3011\u50ac\u6dda\u5f48\u71d2\u50b7\u6025\u6551\u7fa9\u5de5\u80cc\u90e8 \u6a39\u4ec1\u51fd\u8b66\u4fc3\u4ea4\u4ee3\u4e8b\u4ef6","content":"","section":"1","cat":"1","publish_datetime":"2019-11-04 09:43:00","vdo":{"cover_path":"","headline":"","id":"","video_path":""},"imgs":[{"path":"20191104\/_2019110409430271096_370.jpg","isCover":1}],"writer":{"columnTitle":"","columnistID":"","trait":"","writer":""},"layout":"1","share_link":""},{"id":"1128436","newsID":"","title":"\u3010\u5927\u68cb\u76e4\u3011\u6797\u912d\u679c\u771f\u300c\u7121\u5fc3\u6200\u6230\u300d\uff1f","content":"","section":"1","cat":"1","publish_datetime":"2019-11-04 10:23:00","vdo":{"cover_path":"","headline":"","id":"","video_path":""},"imgs":[{"path":"20191104\/_2019110410205586296_370.jpg","isCover":1}],"writer":{"columnTitle":"","columnistID":"","trait":"","writer":""},"layout":"1","share_link":""},{"id":"1128439","newsID":"","title":"\u3010\u4fee\u4f8b\u98a8\u6ce2\u3011\u7a31\u653e\u68c4\u300c\u88ab\u6d17\u8166\u300d\u9752\u5e74 \u4f0d\u6dd1\u6e05\uff1a\u9999\u6e2f\u5931\u53bb\u5169\u4ee3\u5e74\u8f15\u4eba","content":"","section":"1","cat":"1","publish_datetime":"2019-11-04 10:21:00","vdo":{"cover_path":"","headline":"","id":"","video_path":""},"imgs":[{"path":"20191104\/_2019110410215983804_370.jpg","isCover":1}],"writer":{"columnTitle":"","columnistID":"","trait":"","writer":""},"layout":"1","share_link":""},{"id":"1128445","newsID":"","title":"\u3010\u5c08\u6b04\u3011\u5e73\u4e82\u8981\u5b78\u6f22\u666f\u5e1d","content":"","section":"1","cat":"1","publish_datetime":"2019-11-04 10:55:00","vdo":{"cover_path":"","headline":"","id":"","video_path":""},"imgs":[{"path":"20191104\/_2019110410354445875_370.jpg","isCover":1}],"writer":{"columnTitle":"","columnistID":"","trait":"","writer":""},"layout":"1","share_link":""},{"id":"1128481","newsID":"","title":"\u3010\u4fee\u4f8b\u98a8\u6ce2\u3011\u6797\u5353\u5ef7:\u8d99\u5bb6\u8ce2\u5df2\u505a\u624b\u8853\u99c1\u56de\u8033\u6735","content":"","section":"1","cat":"1","publish_datetime":"2019-11-04 10:51:00","vdo":{"cover_path":"","headline":"","id":"","video_path":""},"imgs":[{"path":"20191104\/_2019110411363663958_370.jpg","isCover":1},{"path":"20191104\/_2019110411561987481_370.jpg","isCover":0},{"path":"20191104\/_2019110411562170127_370.jpg","isCover":0}],"writer":{"columnTitle":"","columnistID":"","trait":"","writer":""},"layout":"1","share_link":""},{"id":"1128487","newsID":"","title":"\u3010\u4fee\u4f8b\u98a8\u6ce2\u3011\u6a39\u4ec1\u6025\u6551\u54e1\u4e2d\u50ac\u6dda\u5f48\u4e09\u7d1a\u71d2\u50b7 \u6bcd\u6821\u8463\u7389\u5a23\u4e2d\u5b78\u611f\u96e3\u904e","content":"","section":"1","cat":"1","publish_datetime":"2019-11-04 11:14:00","vdo":{"cover_path":"","headline":"","id":"","video_path":""},"imgs":[{"path":"20191104\/_2019110411182435064_370.jpg","isCover":1}],"writer":{"columnTitle":"","columnistID":"","trait":"","writer":""},"layout":"1","share_link":""},{"id":"1128538","newsID":"","title":"\u3010\u4fee\u4f8b\u98a8\u6ce2\u3011\u4e2d\u5927\u91ab\u5b78\u96623\u5b78\u751f\u524d\u65e5\u88ab\u6355 \u5b78\u751f\u6703\u4fc3\u6821\u65b9\u56de\u61c9","content":"","section":"1","cat":"1","publish_datetime":"2019-11-04 12:00:00","vdo":{"cover_path":"","headline":"","id":"","video_path":""},"imgs":[{"path":"20191104\/_2019110412042747214_370.jpg","isCover":1}],"writer":{"columnTitle":"","columnistID":"","trait":"","writer":""},"layout":"1","share_link":""}],"relevant_news":[],"topic":[],"share_link":"http:\/\/hd.stheadline.com\/news\/realtime\/hk\/1628664"}