{"id":"1128538","newsID":"","title":"\u3010\u4fee\u4f8b\u98a8\u6ce2\u3011\u4e2d\u5927\u91ab\u5b78\u96623\u5b78\u751f\u524d\u65e5\u88ab\u6355 \u5b78\u751f\u6703\u4fc3\u6821\u65b9\u56de\u61c9","content":["\u4e2d\u5927\u5b78\u751f\u6703\u91ab\u5b78\u9662\u9662\u6703\u4eca\u65e5\u767c\u8868\u8072\u660e\uff0c\u6307\u67093\u540d\u7cfb\u5167\u5b78\u751f\u672c\u67082\u65e5\u88ab\u8b66\u65b9\u62d8\u6355\uff0c\u6703\u65b9\u5df2\u5c31\u4e8b\u4ef6\u806f\u7d61\u4e2d\u5927\u91ab\u5b78\u9662\u4ee5\u63d0\u4f9b\u63f4\u52a9\u3002\u003Cbr \/\u003E\u003Cbr \/\u003E\u8072\u660e\u6307\u51fa\uff0c\u6709\u9451\u65bc\u8fd1\u65e5\u591a\u5b97\u88ab\u6355\u4eba\u58eb\u906d\u53d7\u4e0d\u4eba\u9053\u5c0d\u5f85\u7684\u65b0\u805e\uff0c\u6703\u65b9\u5f37\u70c8\u8981\u6c42\u8b66\u65b9\u7d66\u4e88\u5404\u88ab\u6355\u4eba\u58eb\uff0c\u5305\u62ec\u7cfb\u5167\u76843\u540d\u88ab\u6355\u5b78\u751f\uff0c\u5408\u4e4e\u4eba\u9053\u6a19\u6e96\u7684\u5c0d\u5f85\u53ca\u6cd5\u5f8b\u8ce6\u4e88\u4ed6\u5011\u7372\u53d6\u6cd5\u5f8b\u652f\u63f4\u7684\u57fa\u672c\u4eba\u6b0a\u3002\u003Cbr \/\u003E\u003Cbr \/\u003E\u540c\u6642\uff0c\u6709\u5b78\u751f\u5411\u6703\u65b9\u63d0\u51fa\u5e0c\u671b\u6821\u65b9\u56de\u61c9\u4eca\u6b21\u4e8b\u4ef6\u7684\u8a34\u6c42\uff0c\u6703\u65b9\u76e1\u529b\u8207\u91ab\u5b78\u9662\u4fdd\u6301\u806f\u7d61\uff0c\u4e26\u4fc3\u8acb\u6821\u65b9\u56de\u61c9\u4e8b\u4ef6\u3002","",""],"section":"1","cat":"1","publish_datetime":"2019-11-04 12:00:00","vdo":{"cover_path":"","headline":"","id":"","video_path":""},"vid":{"cover_path":"","headline":"","id":"","video_path":""},"imgs":[{"path":"20191104\/_2019110412042747214_600.jpg","caption":"\u5b78\u751f\u6703\u4fc3\u8acb\u6821\u65b9\u56de\u61c9\u4e8b\u4ef6\u3002\u8cc7\u6599\u5716\u7247","isCover":0}],"writer":{"columnTitle":"","columnistID":"","trait":"","writer":""},"layout":"4","keyword":["\u4fee\u4f8b\u98a8\u6ce2"],"related_news":[{"id":"1128292","newsID":"","title":"\u3010\u4fee\u4f8b\u98a8\u6ce2\u3011\u8b66\u8b74\u8cac\u793a\u5a01\u8005\u7834\u58de\u5546\u5e97 \u6703\u7a4d\u6975\u8abf\u67e5\u592a\u53e4\u57ce\u56b4\u91cd\u50b7\u4eba\u6848","content":"","section":"1","cat":"1","publish_datetime":"2019-11-04 06:46:00","vdo":{"cover_path":"","headline":"","id":"","video_path":""},"imgs":[{"path":"20191104\/_2019110406531360451_370.jpg","isCover":1}],"writer":{"columnTitle":"","columnistID":"","trait":"","writer":""},"layout":"1","share_link":""},{"id":"1128295","newsID":"","title":"\u3010\u5c08\u6b04\u3011\u6797\u912d\u679c\u771f\u300c\u7121\u5fc3\u6200\u6230\u300d\uff1f","content":"","section":"1","cat":"1","publish_datetime":"2019-11-04 06:54:00","vdo":{"cover_path":"","headline":"","id":"","video_path":""},"imgs":[{"path":"20191104\/_2019110407041054949_370.jpg","isCover":1}],"writer":{"columnTitle":"","columnistID":"","trait":"","writer":""},"layout":"1","share_link":""},{"id":"1128331","newsID":"","title":"\u3010\u4fee\u4f8b\u98a8\u6ce2\u3011\u592a\u53e4\u65ac\u4eba\u5169\u592b\u5a66\u4e2d\u5200 \u7537\u5b50\u7a7f\u80ba\u547d\u5371","content":"","section":"1","cat":"1","publish_datetime":"2019-11-04 07:46:00","vdo":{"cover_path":"","headline":"","id":"","video_path":""},"imgs":[{"path":"20191104\/_2019110407542799166_370.jpg","isCover":1}],"writer":{"columnTitle":"","columnistID":"","trait":"","writer":""},"layout":"1","share_link":""},{"id":"1128334","newsID":"","title":"\u3010\u4fee\u4f8b\u98a8\u6ce2\u3011\u79d1\u5927\u751f\u5c07\u8ecd\u6fb3\u907f\u50ac\u6dda\u5f48 \u5931\u8db3\u58ae\u6a13\u547d\u5371","content":"","section":"1","cat":"1","publish_datetime":"2019-11-04 11:32:00","vdo":{"cover_path":"","headline":"","id":"","video_path":""},"imgs":[{"path":"20191104\/_2019110411314223909_370.jpg","isCover":1},{"path":"20191104\/_2019110408002228246_370.jpg","isCover":0},{"path":"20191104\/_2019110408291222534_370.jpg","isCover":0}],"writer":{"columnTitle":"","columnistID":"","trait":"","writer":""},"layout":"1","share_link":""},{"id":"1128427","newsID":"","title":"\u3010\u4fee\u4f8b\u98a8\u6ce2\u3011\u50ac\u6dda\u5f48\u71d2\u50b7\u6025\u6551\u7fa9\u5de5\u80cc\u90e8 \u6a39\u4ec1\u51fd\u8b66\u4fc3\u4ea4\u4ee3\u4e8b\u4ef6","content":"","section":"1","cat":"1","publish_datetime":"2019-11-04 09:43:00","vdo":{"cover_path":"","headline":"","id":"","video_path":""},"imgs":[{"path":"20191104\/_2019110409430271096_370.jpg","isCover":1}],"writer":{"columnTitle":"","columnistID":"","trait":"","writer":""},"layout":"1","share_link":""},{"id":"1128436","newsID":"","title":"\u3010\u5927\u68cb\u76e4\u3011\u6797\u912d\u679c\u771f\u300c\u7121\u5fc3\u6200\u6230\u300d\uff1f","content":"","section":"1","cat":"1","publish_datetime":"2019-11-04 10:23:00","vdo":{"cover_path":"","headline":"","id":"","video_path":""},"imgs":[{"path":"20191104\/_2019110410205586296_370.jpg","isCover":1}],"writer":{"columnTitle":"","columnistID":"","trait":"","writer":""},"layout":"1","share_link":""},{"id":"1128439","newsID":"","title":"\u3010\u4fee\u4f8b\u98a8\u6ce2\u3011\u7a31\u653e\u68c4\u300c\u88ab\u6d17\u8166\u300d\u9752\u5e74 \u4f0d\u6dd1\u6e05\uff1a\u9999\u6e2f\u5931\u53bb\u5169\u4ee3\u5e74\u8f15\u4eba","content":"","section":"1","cat":"1","publish_datetime":"2019-11-04 10:21:00","vdo":{"cover_path":"","headline":"","id":"","video_path":""},"imgs":[{"path":"20191104\/_2019110410215983804_370.jpg","isCover":1}],"writer":{"columnTitle":"","columnistID":"","trait":"","writer":""},"layout":"1","share_link":""},{"id":"1128445","newsID":"","title":"\u3010\u5c08\u6b04\u3011\u5e73\u4e82\u8981\u5b78\u6f22\u666f\u5e1d","content":"","section":"1","cat":"1","publish_datetime":"2019-11-04 10:55:00","vdo":{"cover_path":"","headline":"","id":"","video_path":""},"imgs":[{"path":"20191104\/_2019110410354445875_370.jpg","isCover":1}],"writer":{"columnTitle":"","columnistID":"","trait":"","writer":""},"layout":"1","share_link":""},{"id":"1128481","newsID":"","title":"\u3010\u4fee\u4f8b\u98a8\u6ce2\u3011\u6797\u5353\u5ef7:\u8d99\u5bb6\u8ce2\u5df2\u505a\u624b\u8853\u99c1\u56de\u8033\u6735","content":"","section":"1","cat":"1","publish_datetime":"2019-11-04 10:51:00","vdo":{"cover_path":"","headline":"","id":"","video_path":""},"imgs":[{"path":"20191104\/_2019110411363663958_370.jpg","isCover":1},{"path":"20191104\/_2019110411561987481_370.jpg","isCover":0},{"path":"20191104\/_2019110411562170127_370.jpg","isCover":0}],"writer":{"columnTitle":"","columnistID":"","trait":"","writer":""},"layout":"1","share_link":""},{"id":"1128487","newsID":"","title":"\u3010\u4fee\u4f8b\u98a8\u6ce2\u3011\u6a39\u4ec1\u6025\u6551\u54e1\u4e2d\u50ac\u6dda\u5f48\u4e09\u7d1a\u71d2\u50b7 \u6bcd\u6821\u8463\u7389\u5a23\u4e2d\u5b78\u611f\u96e3\u904e","content":"","section":"1","cat":"1","publish_datetime":"2019-11-04 11:14:00","vdo":{"cover_path":"","headline":"","id":"","video_path":""},"imgs":[{"path":"20191104\/_2019110411182435064_370.jpg","isCover":1}],"writer":{"columnTitle":"","columnistID":"","trait":"","writer":""},"layout":"1","share_link":""}],"relevant_news":[],"topic":[],"share_link":"http:\/\/hd.stheadline.com\/news\/realtime\/hk\/1628538"}