{"id":"1128763","newsID":"","title":"\u3010Kelly Online\u3011\u5929\u6c34\u570dKFC\u9047\u5916\u8ce3\u6574\u8831  \u54e1\u5de5\u786c\u98df\uff1a\u73a9\u98df\u7269\u662f\u5c0f\u5b78\u96de","content":["\u6709\u81ea\u7a31KFC\u54e1\u5de5\u8fd1\u65e5\u5728\u793e\u4ea4\u5a92\u9ad4\u767c\u6587\u62b1\u6028\u9047\u4e0a\u5916\u8ce3\u6574\u8831\u4e8b\u4ef6\uff0c\u6700\u5f8c\u6a13\u4e3b\u60df\u6709\u76e1\u4ed6\u6700\u5927\u80fd\u529b\uff0c\u5c07\u8a72\u5916\u8ce3\u585e\u5165\u809a\u76ae\u5185\uff0c\u66f4\u72e0\u6279\u6574\u8831\u4eba\u58eb\u884c\u70ba\u6975\u4e4b\u904e\u5206\uff0c\u5f62\u5bb9\u300c\u73a9\u98df\u7269\u662f\u5c0f\u5b78\u96de\u300d\u3002\u003Cbr \/\u003E\u003Cbr \/\u003E\u6a13\u4e3b\u65bcFB\u7fa4\u7d44\u300c\u98df\u5728\u5143\u6717\u300d\u64b0\u6587\u62b1\u6028\u5012\u9709\u7d93\u6b77\uff0c\u4ed6\u8868\u793a\u81ea\u5df1\u4f86\u81ea\u5929\u6c34\u570d\u7684\u4e00\u9593KFC\u5206\u5e97\u5de5\u4f5c\uff0c\u6700\u8fd1\u537b\u9047\u4e0a\u5916\u8ce3\u5927\u6574\u8831\u3002\u6a13\u4e3b\u8868\u793a\uff0c\u6709\u4e0d\u660e\u5ba2\u4eba\u81f4\u96fb\u5916\u8ce3\u71b1\u7dda\u8a02\u9910\uff0c\u63d0\u4f9b\u4e86\u932f\u8aa4\u7684\u5730\u5740\u53ca\u6536\u8ca8\u4eba\u540d\u5b57\u3002\u7576\u9001\u5230\u6307\u5b9a\u5730\u5740\u5f8c\uff0c\u624d\u5f97\u6089\u7121\u8a72\u6536\u8ca8\u4eba\uff0c\u5168\u90e8\u5916\u8ce3\u70b8\u96de\u88ab\u6253\u56de\u982d\u3002\u6a13\u4e3b\u8868\u793a\uff0c\u8a72\u6279\u70b8\u96de\u7684\u4e0b\u5834\u6700\u7d42\u53ea\u80fd\u662f\u4e1f\u6389\uff0c\u300c\u773c\u898b\u53ca\u6b64\uff0c\u6211\u60f3\u76e1\u8fa6\u6cd5\u628a\u98df\u7269\u5e36\u8fd4\u5c4b\u4f01\uff0c\u76e1\u91cf\u585e\u5165\u809a\u76ae\u5185\uff0c\u6551\u5f97\u5e7e\u591a\u6551\u5e7e\u591a\u300d\u3002\u003Cbr \/\u003E\u003Cbr \/\u003E\u6a13\u4e3b\u4ea6\u72e0\u6279\uff0c\u5ba2\u4eba\u4e00\u6642\u8caa\u73a9\u800c\u6d6a\u8cbb\u98df\u7269\uff0c\u662f\u300c\u5c0f\u5b78\u96de\u300d\u884c\u70ba\uff0c\u300c\u5fc3\u5b58\u6b6a\u5ff5\u53ea\u6703\u6298\u798f\u592d\u58fd\u300d\uff0c\u53c8\u7a31\u300c\u98df\u7269\u7121\u7f6a\u300d\uff0c\u4e16\u754c\u4e0a\u6bcf9\u500b\u4eba\u5c31\u6709\u4e00\u500b\u4eba\u6b63\u6371\u9913\u3002\u4e0d\u5c11\u7db2\u6c11\u4e5f\u7559\u8a00\u6279\u8a55\u300c\u6d6a\u8cbb\u98df\u7269\uff0c\u975e\u5e38\u6298\u58ae\u300d\u3001\u300c\u6574\u8831\u4eba\u6703\u6709\u5831\u61c9\u300d\u3001\u300c\u6700\u618e\u4eba\u6d6a\u8cbb\u98df\u7269\u300d\u3002","",""],"section":"1","cat":"1","publish_datetime":"2019-11-04 15:00:00","vdo":{"cover_path":"","headline":"","id":"","video_path":""},"vid":{"cover_path":"","headline":"","id":"","video_path":""},"imgs":[{"path":"20191104\/_2019110415043779734_600.jpg","caption":"\u6a13\u4e3b\u7a31\uff0c\u6709\u4e0d\u660e\u5ba2\u4eba\u63d0\u4f9b\u4e86\u932f\u8aa4\u7684\u5730\u5740\u53ca\u6536\u8ca8\u4eba\u540d\u5b57\u3002FB\u7fa4\u7d44\u300c\u98df\u5728\u5143\u6717\u300d\u5716","isCover":0},{"path":"20191104\/_2019110415043843222_600.jpg","caption":"\u6a13\u4e3b\u8868\u793a\uff0c\u4e16\u754c\u4e0a\u6bcf9\u500b\u4eba\u5c31\u6709\u4e00\u500b\u4eba\u6b63\u6371\u9913\u3002FB\u7fa4\u7d44\u300c\u98df\u5728\u5143\u6717\u300d\u5716","isCover":0}],"writer":{"columnTitle":"","columnistID":"","trait":"","writer":""},"layout":"4","keyword":["\u5929\u6c34\u570d","KFC","\u6574\u8831"],"related_news":[{"id":"1099028","newsID":"","title":"\u4e0a\u8eca\u5ba2510\u842c\u5165\u5e02\u5609\u6e56\u5c71\u838a","content":"","section":"1","cat":"5","publish_datetime":"2019-09-25 11:55:00","vdo":{"cover_path":"","headline":"","id":"","video_path":""},"imgs":[{"path":"20190925\/_2019092511494049761_370.jpg","isCover":1}],"writer":{"columnTitle":"","columnistID":"","trait":"","writer":""},"layout":"1","share_link":""},{"id":"1099048","newsID":"","title":" \u5609\u6e56\u300c\u79df\u8f49\u8cb7\u300d573\u842c\u6210\u4ea4","content":"","section":"1","cat":"5","publish_datetime":"2019-09-25 12:20:00","vdo":{"cover_path":"","headline":"","id":"","video_path":""},"imgs":[{"path":"20190925\/_2019092512254558814_370.jpg","isCover":1}],"writer":{"columnTitle":"","columnistID":"","trait":"","writer":""},"layout":"1","share_link":""},{"id":"1102871","newsID":"","title":" \u5c45\u5c4b\u5929\u5bcc\u82d1\u6e1b\u50f927.2\u842c\u6613\u624b","content":"","section":"1","cat":"5","publish_datetime":"2019-09-30 19:08:00","vdo":{"cover_path":"","headline":"","id":"","video_path":""},"imgs":[{"path":"20190930\/_2019093019303222349_370.jpg","isCover":1}],"writer":{"columnTitle":"","columnistID":"","trait":"","writer":""},"layout":"1","share_link":""},{"id":"1106810","newsID":"","title":"\u5c45\u5c4b\u5929\u980c\u82d1\u975a\u88dd\u6236 \u300c\u9006\u5e02\u300d480\u842c\u9ad8\u50f9\u6210\u4ea4","content":"","section":"1","cat":"5","publish_datetime":"2019-10-06 14:23:00","vdo":{"cover_path":"","headline":"","id":"","video_path":""},"imgs":[{"path":"20191006\/_2019100614241129912_370.jpg","isCover":1}],"writer":{"columnTitle":"","columnistID":"","trait":"","writer":""},"layout":"1","share_link":""},{"id":"1109630","newsID":"","title":"\u5929\u6c34\u570d\u8a2d\u81e8\u6642\u8857\u5e02\u6599\u660e\u5e74\u5e95\u524d\u555f\u7528 \u6709\u4e0a\u84cb\u7a7a\u8abf\u8a2d40\u6524\u6a94","content":"","section":"1","cat":"1","publish_datetime":"2019-10-10 11:42:00","vdo":{"cover_path":"","headline":"","id":"","video_path":""},"imgs":[{"path":"20191010\/_2019101011444915366_370.jpg","isCover":1}],"writer":{"columnTitle":"","columnistID":"","trait":"","writer":""},"layout":"1","share_link":""},{"id":"1110131","newsID":"","title":"\u5929\u6c34\u570d\u547d\u684816\u6b72\u5973\u6b7b\u8005\u8207\u88ab\u6355\u6bcd\u89aa\u4e0d\u548c \u8fd1\u65e5\u56e0\u62cd\u62d6\u722d\u57f7\u96e2\u5bb6\u51fa\u8d70","content":"","section":"1","cat":"1","publish_datetime":"2019-10-10 19:10:00","vdo":{"cover_path":"","headline":"","id":"","video_path":""},"imgs":[{"path":"20191010\/_2019101019111171895_370.jpg","isCover":1},{"path":"20191010\/_2019101019111058819_370.jpg","isCover":0},{"path":"20191010\/_2019101019111284390_370.jpg","isCover":0}],"writer":{"columnTitle":"","columnistID":"","trait":"","writer":""},"layout":"1","share_link":""},{"id":"1112947","newsID":"","title":"\u6822\u6167\u8c6a\u5ef7\u7372\u79df\u5ba2\u9810\u7e731\u5e74\u79df\u91d1\u627f\u79df2\u623f","content":"","section":"1","cat":"5","publish_datetime":"2019-10-14 20:19:00","vdo":{"cover_path":"","headline":"","id":"","video_path":""},"imgs":[{"path":"20191014\/_2019101420203727844_370.jpg","isCover":1}],"writer":{"columnTitle":"","columnistID":"","trait":"","writer":""},"layout":"1","share_link":""},{"id":"1121569","newsID":"","title":"\u65bd\u653f\u5831\u544a\u5f8c \u5929\u6c34\u570d\u9023\u930440\u5b97\u6210\u4ea4","content":"","section":"1","cat":"5","publish_datetime":"2019-10-25 13:55:00","vdo":{"cover_path":"","headline":"","id":"","video_path":""},"imgs":[{"path":"20191025\/_2019102513510995362_370.jpg","isCover":1}],"writer":{"columnTitle":"","columnistID":"","trait":"","writer":""},"layout":"1","share_link":""},{"id":"1124710","newsID":"","title":"\u53d7\u5b78\u696d\u554f\u984c\u56f0\u64fe \u5929\u6c34\u570d18\u6b72\u5c11\u5973\u71d2\u70ad\u4ea1","content":"","section":"1","cat":"1","publish_datetime":"2019-10-30 08:16:00","vdo":{"cover_path":"","headline":"","id":"","video_path":""},"imgs":[{"path":"20191030\/_2019103008392649914_370.jpg","isCover":1}],"writer":{"columnTitle":"","columnistID":"","trait":"","writer":""},"layout":"1","share_link":""},{"id":"1127977","newsID":"","title":"\u5c45\u5c4b\u5929\u76db\u82d1\u7da0\u8868\u50f9\u8ce3575\u842c ","content":"","section":"1","cat":"5","publish_datetime":"2019-11-03 14:33:00","vdo":{"cover_path":"","headline":"","id":"","video_path":""},"imgs":[{"path":"20191103\/_2019110314332662337_370.jpg","isCover":1}],"writer":{"columnTitle":"","columnistID":"","trait":"","writer":""},"layout":"1","share_link":""}],"relevant_news":[],"topic":[],"share_link":"http:\/\/hd.stheadline.com\/news\/realtime\/hk\/1628763"}