{"id":"1128487","newsID":"","title":"\u3010\u4fee\u4f8b\u98a8\u6ce2\u3011\u6a39\u4ec1\u6025\u6551\u54e1\u4e2d\u50ac\u6dda\u5f48\u4e09\u7d1a\u71d2\u50b7 \u6bcd\u6821\u8463\u7389\u5a23\u4e2d\u5b78\u611f\u96e3\u904e","content":["\u4e00\u540d\u64d4\u4efb\u7fa9\u52d9\u6025\u6551\u54e1\u7684\u6a39\u4ec1\u5927\u5b781\u5e74\u7d1a\u5b78\u751f\uff0c\u5468\u516d\u5728\u9285\u947c\u7063\u6ce2\u65af\u5bcc\u8857\u96fb\u8eca\u7ad9\u9644\u8fd1\uff0c\u61f7\u7591\u88ab\u8b66\u65b9\u65bd\u653e\u7684\u50ac\u6dda\u5f48\u6bbc\u64ca\u4e2d\u81f4\u80cc\u90e8\u81f4\u4e09\u7d1a\u71d2\u50b7\uff0c\u5728\u746a\u9e97\u91ab\u9662\u7559\u91ab\u3002\u003Cbr \/\u003E\u003Cbr \/\u003E\u73fe\u70ba\u6a39\u4ec1\u5927\u5b78\u5b78\u751f\u7684\u50b7\u8005\uff0c\u64da\u6089\u70ba\u8056\u7d04\u7ff0\u6551\u50b7\u968a\u968a\u54e1\u3002\u5176\u6bcd\u6821\u5c6f\u9580\u4fdd\u826f\u5c40\u8463\u7389\u5a23\u4e2d\u5b78\u5c31\u4e8b\u4ef6\u767c\u8868\u8072\u660e\uff0c\u5c0d\u6821\u53cb\u53d7\u50b7\u611f\u5230\u975e\u5e38\u9707\u9a5a\u3001\u64d4\u6182\u548c\u96e3\u904e\u3002\u800c\u4eca\u65e9\uff0c\u8463\u7389\u5a23\u4e2d\u5b78\u5916\u6709\u4e00\u6279\u5b78\u751f\u53ca\u6821\u53cb\u805a\u96c6\uff0c\u8072\u63f4\u50b7\u8005\u3002\u003Cbr \/\u003E\u003Cbr \/\u003E\u8463\u7389\u5a23\u4e2d\u5b78\u5728\u8072\u660e\u4e2d\u8868\u793a\uff0c\u6821\u65b9\u4e8b\u5f8c\u6d3e\u6821\u9577\u53ca\u8001\u5e2b\u5230\u91ab\u9662\u63a2\u671b\u50b7\u52e2\u7a69\u5b9a\u7684\u4e8b\u4e3b\uff0c\u4e26\u8868\u660e\u6703\u5168\u529b\u63d0\u4f9b\u5354\u52a9\u3002\u6821\u65b9\u91cd\u7533\u53cd\u5c0d\u4efb\u4f55\u66b4\u529b\uff0c\u671f\u671b\u5404\u65b9\u514b\u5236\uff0c\u53c8\u547c\u7c72\u540c\u5b78\u53ca\u6821\u53cb\u6ce8\u610f\u500b\u4eba\u5b89\u5168\uff0c\u9060\u96e2\u5371\u96aa\u3002\u8463\u7389\u5a23\u4e2d\u5b78\u7684\u820a\u751f\u6703\u4e5f\u767c\u8072\u660e\u5f37\u70c8\u8b74\u8cac\u8b66\u65b9\u4f7f\u7528\u4e0d\u7576\u6b66\u529b\u3002","",""],"section":"1","cat":"1","publish_datetime":"2019-11-04 11:14:00","vdo":{"cover_path":"","headline":"","id":"","video_path":""},"vid":{"cover_path":"","headline":"","id":"","video_path":""},"imgs":[],"writer":{"columnTitle":"","columnistID":"","trait":"","writer":""},"layout":"4","keyword":["\u4fee\u4f8b\u98a8\u6ce2"],"related_news":[{"id":"1128295","newsID":"","title":"\u3010\u5c08\u6b04\u3011\u6797\u912d\u679c\u771f\u300c\u7121\u5fc3\u6200\u6230\u300d\uff1f","content":"","section":"1","cat":"1","publish_datetime":"2019-11-04 06:54:00","vdo":{"cover_path":"","headline":"","id":"","video_path":""},"imgs":[{"path":"20191104\/_2019110407041054949_370.jpg","isCover":1}],"writer":{"columnTitle":"","columnistID":"","trait":"","writer":""},"layout":"1","share_link":""},{"id":"1128331","newsID":"","title":"\u3010\u4fee\u4f8b\u98a8\u6ce2\u3011\u592a\u53e4\u65ac\u4eba\u5169\u592b\u5a66\u4e2d\u5200 \u7537\u5b50\u7a7f\u80ba\u547d\u5371","content":"","section":"1","cat":"1","publish_datetime":"2019-11-04 07:46:00","vdo":{"cover_path":"","headline":"","id":"","video_path":""},"imgs":[{"path":"20191104\/_2019110407542799166_370.jpg","isCover":1}],"writer":{"columnTitle":"","columnistID":"","trait":"","writer":""},"layout":"1","share_link":""},{"id":"1128334","newsID":"","title":"\u3010\u4fee\u4f8b\u98a8\u6ce2\u3011\u79d1\u5927\u751f\u5c07\u8ecd\u6fb3\u907f\u50ac\u6dda\u5f48 \u5931\u8db3\u58ae1\u5c64\u505c\u8eca\u5834\u547d\u5371","content":"","section":"1","cat":"1","publish_datetime":"2019-11-04 10:41:00","vdo":{"cover_path":"","headline":"","id":"","video_path":""},"imgs":[{"path":"20191104\/_2019110408002228246_370.jpg","isCover":1},{"path":"20191104\/_2019110408291222534_370.jpg","isCover":0},{"path":"20191104\/_2019110409490829397_370.jpg","isCover":0}],"writer":{"columnTitle":"","columnistID":"","trait":"","writer":""},"layout":"1","share_link":""},{"id":"1128355","newsID":"","title":"\u3010\u4fee\u4f8b\u98a8\u6ce2\u3011\u9023\u5834\u793a\u5a01\u885d\u7a8117\u4eba\u9001\u9662 2\u5371\u6b862\u56b4\u91cd","content":"","section":"1","cat":"1","publish_datetime":"2019-11-04 08:40:00","vdo":{"cover_path":"","headline":"","id":"","video_path":""},"imgs":[{"path":"20191104\/_2019110408421528775_370.jpg","isCover":1}],"writer":{"columnTitle":"","columnistID":"","trait":"","writer":""},"layout":"1","share_link":""},{"id":"1128358","newsID":"","title":"\u3010\u4fee\u4f8b\u98a8\u6ce2\u3011\u6d78\u5927\u751f\u592a\u53e4\u57ce\u88ab\u6355 \u6821\u9577\u9322\u5927\u5eb7\u4fc3\u516c\u5e73\u5c0d\u5f85","content":"","section":"1","cat":"1","publish_datetime":"2019-11-04 09:07:00","vdo":{"cover_path":"","headline":"","id":"","video_path":""},"imgs":[{"path":"20191104\/_2019110409064637073_370.jpg","isCover":1}],"writer":{"columnTitle":"","columnistID":"","trait":"","writer":""},"layout":"1","share_link":""},{"id":"1128427","newsID":"","title":"\u3010\u4fee\u4f8b\u98a8\u6ce2\u3011\u50ac\u6dda\u5f48\u71d2\u50b7\u6025\u6551\u7fa9\u5de5\u80cc\u90e8 \u6a39\u4ec1\u51fd\u8b66\u4fc3\u4ea4\u4ee3\u4e8b\u4ef6","content":"","section":"1","cat":"1","publish_datetime":"2019-11-04 09:43:00","vdo":{"cover_path":"","headline":"","id":"","video_path":""},"imgs":[{"path":"20191104\/_2019110409430271096_370.jpg","isCover":1}],"writer":{"columnTitle":"","columnistID":"","trait":"","writer":""},"layout":"1","share_link":""},{"id":"1128436","newsID":"","title":"\u3010\u5927\u68cb\u76e4\u3011\u6797\u912d\u679c\u771f\u300c\u7121\u5fc3\u6200\u6230\u300d\uff1f","content":"","section":"1","cat":"1","publish_datetime":"2019-11-04 10:23:00","vdo":{"cover_path":"","headline":"","id":"","video_path":""},"imgs":[{"path":"20191104\/_2019110410205586296_370.jpg","isCover":1}],"writer":{"columnTitle":"","columnistID":"","trait":"","writer":""},"layout":"1","share_link":""},{"id":"1128439","newsID":"","title":"\u3010\u4fee\u4f8b\u98a8\u6ce2\u3011\u653e\u68c4\u88ab\u6d17\u8166\u9752\u5e74 \u4f0d\u6dd1\u6e05\u5606\uff1a\u9999\u6e2f\u5931\u53bb\u5169\u4ee3\u5e74\u8f15\u4eba","content":"","section":"1","cat":"1","publish_datetime":"2019-11-04 10:21:00","vdo":{"cover_path":"","headline":"","id":"","video_path":""},"imgs":[{"path":"20191104\/_2019110410215983804_370.jpg","isCover":1}],"writer":{"columnTitle":"","columnistID":"","trait":"","writer":""},"layout":"1","share_link":""},{"id":"1128445","newsID":"","title":"\u3010\u5c08\u6b04\u3011\u5e73\u4e82\u8981\u5b78\u6f22\u666f\u5e1d","content":"","section":"1","cat":"1","publish_datetime":"2019-11-04 10:55:00","vdo":{"cover_path":"","headline":"","id":"","video_path":""},"imgs":[{"path":"20191104\/_2019110410354445875_370.jpg","isCover":1}],"writer":{"columnTitle":"","columnistID":"","trait":"","writer":""},"layout":"1","share_link":""},{"id":"1128481","newsID":"","title":"\u3010\u4fee\u4f8b\u98a8\u6ce2\u3011\u6797\u5353\u5ef7\u6307\u8d99\u5bb6\u8ce2\u5df2\u505a\u624b\u8853\u99c1\u56de\u8033\u6735","content":"","section":"1","cat":"1","publish_datetime":"2019-11-04 10:51:00","vdo":{"cover_path":"","headline":"","id":"","video_path":""},"imgs":[{"path":"20191104\/_2019110410544516047_370.jpg","isCover":1}],"writer":{"columnTitle":"","columnistID":"","trait":"","writer":""},"layout":"1","share_link":""}],"relevant_news":[],"topic":[],"share_link":"http:\/\/hd.stheadline.com\/news\/realtime\/hk\/1628487"}