{"id":"1128484","newsID":"","title":"\u6307\u4e2d\u7f8e\u8cbf\u6613\u8ac7\u5224\u6709\u9032\u5c55 \u7279\u6717\u666e\uff1a\u6599\u5728\u7f8e\u570b\u7c3d\u7f72\u9996\u968e\u6bb5\u5354\u8b70","content":["\u7f8e\u570b\u7e3d\u7d71\u7279\u6717\u666e\u8868\u793a\uff0c\u4e2d\u7f8e\u7c3d\u7f72\u9996\u968e\u6bb5\u8cbf\u6613\u5354\u8b70\u7684\u5de5\u4f5c\u6709\u9032\u5c55\uff0c\u5e0c\u671b\u80fd\u9054\u6210\u5354\u8b70\uff0c\u5982\u679c\u5c07\u9054\u6210\u5354\u8b70\uff0c\u5c07\u5728\u7f8e\u570b\u7684\u67d0\u500b\u5730\u65b9\u7c3d\u7f72\u5354\u8b70\u3002\u003Cbr \/\u003E\u003Cbr \/\u003E\u7f8e\u570b\u5546\u52d9\u90e8\u9577\u7f85\u65af\u8868\u793a\uff0c\u5c0d\u4eca\u500b\u6708\u7c3d\u7f72\u9996\u968e\u6bb5\u8cbf\u6613\u5354\u8b70\u611f\u5230\u6a02\u89c0\uff0c\u800c\u827e\u5967\u74e6\uff0c\u963f\u62c9\u65af\u52a0\uff0c\u590f\u5a01\u5937\u4ee5\u53ca\u4e2d\u570b\u7684\u5730\u9ede\uff0c\u90fd\u53ef\u80fd\u662f\u7e3d\u7d71\u7279\u6717\u666e\u8207\u4e2d\u570b\u570b\u5bb6\u4e3b\u5e2d\u7fd2\u8fd1\u5e73\u7c3d\u7f72\u5354\u8b70\u7684\u5730\u9ede\u3002","",""],"section":"1","cat":"4","publish_datetime":"2019-11-04 11:10:00","vdo":{"cover_path":"","headline":"","id":"","video_path":""},"vid":{"cover_path":"","headline":"","id":"","video_path":""},"imgs":[{"path":"20191104\/_2019110411125390286_600.jpg","caption":"\u7279\u6717\u666e\u6307\u4e2d\u7f8e\u8cbf\u6613\u8ac7\u5224\u6709\u9032\u5c55\u3002AP","isCover":0}],"writer":{"columnTitle":"","columnistID":"","trait":"","writer":""},"layout":"4","keyword":["\u4e2d\u7f8e\u8cbf\u6613","\u7279\u6717\u666e"],"related_news":[{"id":"1124578","newsID":"","title":"\u7279\u6717\u666e\u9996\u8a2a\u829d\u52a0\u54e5 \u6279\u8a55\u662f\u300c\u7f6a\u72af\u907f\u98a8\u6e2f\u300d","content":"","section":"1","cat":"4","publish_datetime":"2019-10-29 20:40:00","vdo":{"cover_path":"","headline":"","id":"","video_path":""},"imgs":[{"path":"20191029\/_2019102920463254729_370.jpg","isCover":1}],"writer":{"columnTitle":"","columnistID":"","trait":"","writer":""},"layout":"1","share_link":""},{"id":"1124590","newsID":"","title":"\u767d\u5bae\u6176\u795d\u842c\u8056\u7bc0 \u7279\u6717\u666e\u6885\u62c9\u5c3c\u5a6d\u5927\u6d3e\u7cd6\u679c","content":"","section":"1","cat":"4","publish_datetime":"2019-10-29 21:40:00","vdo":{"cover_path":"","headline":"","id":"","video_path":""},"imgs":[{"path":"20191029\/_2019102921123537556_370.jpg","isCover":1},{"path":"20191029\/_2019102921123697547_370.jpg","isCover":0},{"path":"20191029\/_2019102921123762018_370.jpg","isCover":0}],"writer":{"columnTitle":"","columnistID":"","trait":"","writer":""},"layout":"1","share_link":""},{"id":"1124800","newsID":"","title":"\u64da\u5831\u4e2d\u7f8e\u6216\u672a\u8d95\u53ca\u4e0b\u6708\u7c3d\u7f72\u81e8\u6642\u8cbf\u6613\u5354\u8b70","content":"","section":"1","cat":"3","publish_datetime":"2019-10-30 09:56:00","vdo":{"cover_path":"","headline":"","id":"","video_path":""},"imgs":[{"path":"20191030\/_2019103009582187804_370.jpg","isCover":1}],"writer":{"columnTitle":"","columnistID":"","trait":"","writer":""},"layout":"1","share_link":""},{"id":"1125136","newsID":"","title":"\u7f8e\u570b\u6c11\u4e3b\u9ee8\u773e\u8b70\u54e1\u8a02\u51fa\u5f48\u52be\u7279\u6717\u666e\u8abf\u67e5\u7a0b\u5e8f","content":"","section":"1","cat":"4","publish_datetime":"2019-10-30 15:12:00","vdo":{"cover_path":"","headline":"","id":"","video_path":""},"imgs":[{"path":"20191030\/_2019103015154269353_370.jpg","isCover":1}],"writer":{"columnTitle":"","columnistID":"","trait":"","writer":""},"layout":"1","share_link":""},{"id":"1126786","newsID":"","title":"\u6307\u90dd\u723e\u5f6c\u5dee\u52c1 \u7279\u6717\u666e\u88ab\u6279\u5e72\u9810\u82f1\u570b\u9078\u8209","content":"","section":"1","cat":"4","publish_datetime":"2019-11-01 11:52:00","vdo":{"cover_path":"","headline":"","id":"","video_path":""},"imgs":[{"path":"20191101\/_2019110111533748051_370.jpg","isCover":1}],"writer":{"columnTitle":"","columnistID":"","trait":"","writer":""},"layout":"1","share_link":""},{"id":"1127122","newsID":"","title":"\u6279\u7d10\u7d04\u5dde\u9577\u5e02\u9577\u5c0d\u4ed6\u592a\u7cdf \u7279\u6717\u666e\u6c38\u4e45\u5c45\u6240\u6539\u4f5b\u5dde","content":"","section":"1","cat":"4","publish_datetime":"2019-11-01 18:20:00","vdo":{"cover_path":"","headline":"","id":"","video_path":""},"imgs":[{"path":"20191101\/_2019110117052251566_370.jpg","isCover":1}],"writer":{"columnTitle":"","columnistID":"","trait":"","writer":""},"layout":"1","share_link":""},{"id":"1127725","newsID":"","title":"\u525b\u6e96\u5099\u5b8c\u6210\u300c\u7b2c\u4e00\u968e\u6bb5\u8cbf\u6613\u5354\u8b70\u300d\u3000\u7279\u6717\u666e\uff1a\u4e2d\u570b\u7d93\u6fdf\u50cf\u76e4\u6563\u6389\u7684\u7092\u86cb","content":"","section":"1","cat":"4","publish_datetime":"2019-11-02 21:19:00","vdo":{"cover_path":"","headline":"","id":"","video_path":""},"imgs":[{"path":"20191102\/_2019110220131166586_370.jpg","isCover":1}],"writer":{"columnTitle":"","columnistID":"","trait":"","writer":""},"layout":"1","share_link":""},{"id":"1128007","newsID":"","title":"780\u5104\u7f8e\u58a8\u570d\u7246\u5f62\u540c\u865b\u8a2d \u7279\u6717\u666e\u6b7b\u6490\uff1a\u53ef\u8f15\u6613\u4fee\u5fa9","content":"","section":"1","cat":"4","publish_datetime":"2019-11-03 17:21:00","vdo":{"cover_path":"","headline":"","id":"","video_path":""},"imgs":[{"path":"20191103\/_2019110315253620891_370.jpg","isCover":1}],"writer":{"columnTitle":"","columnistID":"","trait":"","writer":""},"layout":"1","share_link":""},{"id":"1128181","newsID":"","title":"\u7121\u8996\u901a\u70cf\u9580\u98a8\u66b4 \u7279\u6717\u666e\uff1a\u6a02\u9080\u70cf\u514b\u862d\u7e3d\u7d71\u8a2a\u767d\u5bae","content":"","section":"1","cat":"4","publish_datetime":"2019-11-03 21:15:00","vdo":{"cover_path":"","headline":"","id":"","video_path":""},"imgs":[{"path":"20191103\/_2019110320074358388_370.jpg","isCover":1}],"writer":{"columnTitle":"","columnistID":"","trait":"","writer":""},"layout":"1","share_link":""},{"id":"1128226","newsID":"","title":"\u7d10\u7d04\u6642\u5831\u767c\u4f48\u7279\u6717\u666eTwitter\u5206\u6790\u7d50\u679c\uff1a \u5584\u65bc\u8a87\u8000\u81ea\u5df1\u4e26\u6210\u529f\u7372\u5f97\u95dc\u6ce8","content":"","section":"1","cat":"4","publish_datetime":"2019-11-03 22:14:00","vdo":{"cover_path":"","headline":"","id":"","video_path":""},"imgs":[{"path":"20191103\/_2019110321470482001_370.jpg","isCover":1}],"writer":{"columnTitle":"","columnistID":"","trait":"","writer":""},"layout":"1","share_link":""}],"relevant_news":[],"topic":[],"share_link":"http:\/\/hd.stheadline.com\/news\/realtime\/wo\/1628484"}