{"id":"1128331","newsID":"","title":"\u3010\u4fee\u4f8b\u98a8\u6ce2\u3011\u592a\u53e4\u65ac\u4eba\u5169\u592b\u5a66\u4e2d\u5200 \u7537\u5b50\u7a7f\u80ba\u547d\u5371","content":["\u592a\u53e4\u6628\u665a\u767c\u751f\u6301\u5200\u50b7\u4eba\u53ca\u6253\u9b25\u4e8b\u4ef6\uff0c\u9020\u6210\u4e94\u4eba\u53d7\u50b7\uff0c\u5176\u4e2d\u5169\u540d\u50b7\u8005\u70ba\u4e00\u5c0d\u592b\u5a66\uff0c\u4e08\u592b\u60c5\u6cc1\u5371\u6b86\uff0c\u592a\u592a\u60c5\u6cc1\u56b4\u91cd\u3002\u6d88\u606f\u6307\uff0c\u60c5\u6cc1\u5371\u6b86\u7684\u4e2d\u5200\u7537\u5b50\uff0c\u80cc\u53ca\u809a\u5404\u4e2d\u4e00\u5200\uff0c\u50b7\u53ca\u8178\u81df\uff0c\u80ba\u90e8\u88ab\u523a\u7a7f\uff0c\u51fa\u73fe\u6c23\u80f8\uff0c\u5728\u6df1\u5207\u6cbb\u7642\u90e8\u7559\u91ab\uff0c\u800c\u4ed6\u7684\u592a\u592a\u624b\u90e8\u81f3\u5c11\u4e2d\u4e00\u5200\u3002\u003Cbr \/\u003E\u003Cbr \/\u003E\u591a\u540d\u89aa\u53cb\u5f97\u77e5\u5f8c\u8d95\u5f80\u91ab\u9662\uff0c\u50b7\u8005\u5176\u5f8c\u63a8\u5165\u624b\u8853\u5ba4\uff0c\u7531\u91ab\u751f\u9032\u884c\u6436\u6551\u3002","",""],"section":"1","cat":"1","publish_datetime":"2019-11-04 07:46:00","vdo":{"cover_path":"","headline":"","id":"","video_path":""},"vid":{"cover_path":"","headline":"","id":"","video_path":""},"imgs":[{"path":"20191104\/_2019110407542799166_600.jpg","caption":"\u592a\u53e4\u65ac\u4eba\u5169\u592b\u5a66\u4e2d\u5200\u3002","isCover":0}],"writer":{"columnTitle":"","columnistID":"","trait":"","writer":""},"layout":"4","keyword":["\u4fee\u4f8b\u98a8\u6ce2","\u592a\u53e4"],"related_news":[{"id":"1128046","newsID":"","title":"\u3010\u4fee\u4f8b\u98a8\u6ce2\u3011\u5c6f\u9580\u9ed1\u8863\u8499\u9762\u4eba\u7fa4\u805a\u96c6 \u8b66\u65b9\u85cd\u65d7\u8b66\u544a","content":"","section":"1","cat":"1","publish_datetime":"2019-11-03 16:35:00","vdo":{"cover_path":"","headline":"","id":"","video_path":""},"imgs":[{"path":"20191103\/_2019110316183217988_370.jpg","isCover":1}],"writer":{"columnTitle":"","columnistID":"","trait":"","writer":""},"layout":"1","share_link":""},{"id":"1128064","newsID":"","title":"\u3010\u4fee\u4f8b\u98a8\u6ce2\u3011\u5927\u57d4\u8d85\u7d1a\u57ce\u5409\u91ce\u5bb6\u906d\u7834\u58de \u793a\u5a01\u8005\u6253\u721b\u96fb\u5b50\u5c4f\u5e55","content":"","section":"1","cat":"1","publish_datetime":"2019-11-03 16:40:00","vdo":{"cover_path":"","headline":"","id":"","video_path":""},"imgs":[{"path":"20191103\/_2019110316432571037_370.jpg","isCover":1},{"path":"20191103\/_2019110316432647036_370.jpg","isCover":0},{"path":"20191103\/_2019110316432786434_370.jpg","isCover":0}],"writer":{"columnTitle":"","columnistID":"","trait":"","writer":""},"layout":"1","share_link":""},{"id":"1128076","newsID":"","title":"\u3010\u4fee\u4f8b\u98a8\u6ce2\u3011\u5927\u57d4\u6c11\u5efa\u806f\u5340\u8b70\u54e1\u8fa6\u4e8b\u8655\u906d\u7834\u58de \u9435\u9598\u4fe1\u7bb1\u640d\u6bc0","content":"","section":"1","cat":"1","publish_datetime":"2019-11-03 16:58:00","vdo":{"cover_path":"","headline":"","id":"","video_path":""},"imgs":[{"path":"20191103\/_2019110317005349688_370.jpg","isCover":1}],"writer":{"columnTitle":"","columnistID":"","trait":"","writer":""},"layout":"1","share_link":""},{"id":"1128079","newsID":"","title":"\u3010\u4fee\u4f8b\u98a8\u6ce2\u3011\u8b66\u65a5\u793a\u5a01\u8005\u7834\u58de\u6c99\u7530\u6e2f\u9435\u7ad9\u8a2d\u65bd \u7531\u5546\u5834\u9ad8\u8655\u639f\u96dc\u7269","content":"","section":"1","cat":"1","publish_datetime":"2019-11-03 17:05:00","vdo":{"cover_path":"","headline":"","id":"","video_path":""},"imgs":[{"path":"20191103\/_2019110317092566203_370.jpg","isCover":1},{"path":"20191103\/_2019110317381041574_370.jpg","isCover":0},{"path":"20191103\/_2019110317381110852_370.jpg","isCover":0}],"writer":{"columnTitle":"","columnistID":"","trait":"","writer":""},"layout":"1","share_link":""},{"id":"1128082","newsID":"","title":"\u3010\u4fee\u4f8b\u98a8\u6ce2\u3011\u65b0\u57ce\u5e02\u5ee3\u5834\u6700\u5c113\u4eba\u53d7\u50b7 \u6709\u4eba\u7a31\u906d\u8b66\u68cd\u6bc6\u53ca\u5674\u80e1\u6912","content":"","section":"1","cat":"1","publish_datetime":"2019-11-03 17:24:00","vdo":{"cover_path":"","headline":"","id":"","video_path":""},"imgs":[{"path":"20191103\/_2019110317231839164_370.jpg","isCover":1},{"path":"20191103\/_2019110317100897283_370.jpg","isCover":0},{"path":"20191103\/_2019110317100950617_370.jpg","isCover":0}],"writer":{"columnTitle":"","columnistID":"","trait":"","writer":""},"layout":"1","share_link":""},{"id":"1128100","newsID":"","title":"\u3010\u4fee\u4f8b\u98a8\u6ce2\u3011\u8b66\u65b9\u9032\u5165\u592a\u53e4\u57ce\u4e2d\u5fc3 \u5236\u670d\u53ca\u62d8\u6355\u793a\u5a01\u8005","content":"","section":"1","cat":"1","publish_datetime":"2019-11-03 18:41:00","vdo":{"cover_path":"","headline":"","id":"","video_path":""},"imgs":[{"path":"20191103\/_2019110318454327575_370.jpg","isCover":1},{"path":"20191103\/_2019110318350292959_370.jpg","isCover":0},{"path":"20191103\/_2019110317521019347_370.jpg","isCover":0}],"writer":{"columnTitle":"","columnistID":"","trait":"","writer":""},"layout":"1","share_link":""},{"id":"1128244","newsID":"","title":"\u3010\u592a\u53e4\u57ce\u65ac\u4eba\u6848\u3011\u5169\u7537\u5b50\u5371\u6b86 \u8d99\u5bb6\u8ce2\u6e05\u9192\u65b7\u8033\u7b49\u5f85\u63a5\u99c1 ","content":"","section":"1","cat":"1","publish_datetime":"2019-11-03 23:00:00","vdo":{"cover_path":"","headline":"","id":"","video_path":""},"imgs":[{"path":"20191103\/_2019110323214593832_370.jpg","isCover":1},{"path":"20191103\/_2019110322165993268_370.jpeg","isCover":0},{"path":"20191103\/_2019110322170125783_370.jpeg","isCover":0}],"writer":{"columnTitle":"","columnistID":"","trait":"","writer":""},"layout":"1","share_link":""},{"id":"1128265","newsID":"","title":"\u653f\u5e9c\u56b4\u53b2\u8b74\u8cac\u592a\u53e4\u57ce\u7b49\u591a\u5340\u66b4\u529b \u6307\u7d55\u4e0d\u53ef\u8511\u8996\u6cd5\u7d00\u884c\u4f7f\u79c1\u5211","content":"","section":"1","cat":"1","publish_datetime":"2019-11-03 22:53:00","vdo":{"cover_path":"","headline":"","id":"","video_path":""},"imgs":[{"path":"20191103\/_2019110322594571523_370.jpg","isCover":1},{"path":"20191103\/_2019110322594694489_370.jpg","isCover":0},{"path":"20191103\/_2019110323132866116_370.jpg","isCover":0}],"writer":{"columnTitle":"","columnistID":"","trait":"","writer":""},"layout":"1","share_link":""},{"id":"1128292","newsID":"","title":"\u3010\u4fee\u4f8b\u98a8\u6ce2\u3011\u8b66\u8b74\u8cac\u793a\u5a01\u8005\u7834\u58de\u5546\u5e97 \u6703\u7a4d\u6975\u8abf\u67e5\u592a\u53e4\u57ce\u56b4\u91cd\u50b7\u4eba\u6848","content":"","section":"1","cat":"1","publish_datetime":"2019-11-04 06:46:00","vdo":{"cover_path":"","headline":"","id":"","video_path":""},"imgs":[{"path":"20191104\/_2019110406531360451_370.jpg","isCover":1}],"writer":{"columnTitle":"","columnistID":"","trait":"","writer":""},"layout":"1","share_link":""},{"id":"1128295","newsID":"","title":"\u3010\u5c08\u6b04\u3011\u6797\u912d\u679c\u771f\u300c\u7121\u5fc3\u6200\u6230\u300d\uff1f","content":"","section":"1","cat":"1","publish_datetime":"2019-11-04 06:54:00","vdo":{"cover_path":"","headline":"","id":"","video_path":""},"imgs":[{"path":"20191104\/_2019110407041054949_370.jpg","isCover":1}],"writer":{"columnTitle":"","columnistID":"","trait":"","writer":""},"layout":"1","share_link":""}],"relevant_news":[],"topic":[],"share_link":"http:\/\/hd.stheadline.com\/news\/realtime\/hk\/1628331"}