{"id":"1128772","newsID":"","title":"\u3010\u4fee\u4f8b\u98a8\u6ce2\u3011\u8b66\u65b9\u91cd\u6848\u7d44\u5230\u6771\u5340\u91ab\u9662\u8abf\u67e5\u592a\u53e4\u50b7\u4eba\u6848","content":["\u592a\u53e4\u6301\u5200\u50b7\u4eba\u53ca\u6253\u9b25\u4e8b\u4ef6\uff0c\u6700\u5c115\u4eba\u53d7\u50b7\uff0c\u6c11\u4e3b\u9ee8\u5340\u8b70\u54e1\u8d99\u5bb6\u8ce2\u88ab\u4eba\u54ac\u7529\u5de6\u8033\u3002\u6848\u4ef6\u4e2d\u7684\u50b7\u8005\u88ab\u9001\u5f80\u6771\u5340\u91ab\u9662\u6cbb\u7406\u3002\u6578\u540d\u6771\u5340\u91cd\u6848\u7d44\u8b66\u54e1\u4e0b\u5348\u5230\u91ab\u9662\u6df1\u5207\u6cbb\u7642\u90e8\u6a13\u5c64\u8abf\u67e5\uff0c\u9017\u7559\u7d0410\u5206\u9418\u5f8c\u96e2\u958b\u3002\u003Cbr \/\u003E\u003Cbr \/\u003E\u53e6\u4e00\u540d\u88ab\u65ac\u50b7\u7684\u7537\u5b50\uff0c\u76ee\u524d\u60c5\u6cc1\u4ecd\u7136\u5371\u6b86\u3002\u81f3\u65bc\u61f7\u7591\u7528\u751f\u679c\u5200\u65bd\u8972\u5f8c\uff0c\u88ab\u5176\u4ed6\u4eba\u570d\u6bc6\u7684\u7537\u5b50\uff0c\u4ecd\u7136\u7559\u91ab\uff0c\u60c5\u6cc1\u540c\u6a23\u5371\u6b86\u3002\u003Cbr \/\u003E\u003Cbr \/\u003E\u5168\u6e2f\u591a\u5340\u6628\u65e5\u7206\u767c\u885d\u7a81\uff0c\u91ab\u7ba1\u5c40\u8868\u793a\uff0c\u5171\u670930\u4eba\u53d7\u50b7\u9001\u9662\uff0c\u5e74\u9f61\u753118\u81f355\u6b72\uff0c\u7576\u4e2d3\u540d\u7537\u5b50\u5371\u6b86\uff0c\u53e6\u59161\u75371\u5973\u50b7\u52e2\u56b4\u91cd\u3002\u003Cbr \/\u003E\u003Cbr \/\u003E\u8d99\u5bb6\u8ce2\u5c0b\u6c42\u9023\u4efb\u7684\u592a\u53e4\u57ce\u897f\u9078\u5340\uff0c\u53e6\u4e00\u540d\u5019\u9078\u4eba\u662f\u7d93\u6c11\u806f\u7684\u4e01\u714c\u3002","",""],"section":"1","cat":"1","publish_datetime":"2019-11-04 15:13:00","vdo":{"cover_path":"","headline":"","id":"","video_path":""},"vid":{"cover_path":"","headline":"","id":"","video_path":""},"imgs":[{"path":"20191104\/_2019110415180644911_600.jpg","caption":"\u8b66\u54e1\u5230\u91ab\u9662\u63a5\u89f8\u50b7\u8005\u3002","isCover":0},{"path":"20191104\/_2019110415180725629_600.jpg","caption":"\u8b66\u54e1\u5230\u91ab\u9662\u63a5\u89f8\u50b7\u8005\u3002","isCover":0},{"path":"20191104\/_2019110415180833048_600.jpg","caption":"\u8b66\u54e1\u5230\u91ab\u9662\u63a5\u89f8\u50b7\u8005\u3002","isCover":0}],"writer":{"columnTitle":"","columnistID":"","trait":"","writer":""},"layout":"4","keyword":["\u8b66\u65b9","\u91cd\u6848\u7d44","\u6771\u5340\u91ab\u9662","\u592a\u53e4\u57ce","\u50b7\u4eba"],"related_news":[{"id":"1128166","newsID":"","title":"\u3010\u4fee\u4f8b\u98a8\u6ce2\u3011\u793a\u5a01\u8005\u64f2\u7269 \u8b66\u65b9\u518d\u9032\u5927\u57d4\u8d85\u7d1a\u57ce\u5236\u670d\u591a\u4eba","content":"","section":"1","cat":"1","publish_datetime":"2019-11-03 19:38:00","vdo":{"cover_path":"","headline":"","id":"","video_path":""},"imgs":[{"path":"20191103\/_2019110319442958368_370.jpg","isCover":1},{"path":"20191103\/_2019110319442898710_370.jpg","isCover":0},{"path":"20191103\/_2019110319442958728_370.jpg","isCover":0}],"writer":{"columnTitle":"","columnistID":"","trait":"","writer":""},"layout":"1","share_link":""},{"id":"1128184","newsID":"","title":"\u3010\u592a\u53e4\u57ce\u65ac\u4eba\u3011\u5c45\u6c11\u76ee\u64ca\u65bd\u8972\u6f22\u8207\u50b7\u8005\u7cfe\u7e8f \u6709\u5c0f\u670b\u53cb\u9a5a\u614c\u5931\u63aa","content":"","section":"1","cat":"1","publish_datetime":"2019-11-03 20:37:00","vdo":{"cover_path":"","headline":"","id":"","video_path":""},"imgs":[{"path":"20191103\/_2019110320344730866_370.jpg","isCover":1},{"path":"20191103\/_2019110320344119603_370.jpg","isCover":0},{"path":"20191103\/_2019110320344282608_370.jpg","isCover":0}],"writer":{"columnTitle":"","columnistID":"","trait":"","writer":""},"layout":"1","share_link":""},{"id":"1128211","newsID":"","title":"\u3010\u4fee\u4f8b\u98a8\u6ce2\u3011\u592a\u53e4\u57ce\u518d\u7206\u885d\u7a81  \u8b66\u65bd\u80e1\u6912\u5674\u9727\u5236\u670d\u81f3\u5c11\u4e00\u4eba","content":"","section":"1","cat":"1","publish_datetime":"2019-11-03 21:30:00","vdo":{"cover_path":"","headline":"","id":"","video_path":""},"imgs":[{"path":"20191103\/_2019110321152245784_370.jpeg","isCover":1},{"path":"20191103\/_2019110321152429457_370.jpeg","isCover":0},{"path":"20191103\/_2019110321152530063_370.jpeg","isCover":0}],"writer":{"columnTitle":"","columnistID":"","trait":"","writer":""},"layout":"1","share_link":""},{"id":"1128223","newsID":"","title":"\u3010\u4fee\u4f8b\u98a8\u6ce2\u3011\u9f8d\u87e0\u82d1\u5c45\u6c11\u4e0d\u6eff\u9032\u5165\u5c4b\u82d1\u5c0d\u7f75 \u8b66\u65b9\u85cd\u65d7\u8b66\u544a","content":"","section":"1","cat":"1","publish_datetime":"2019-11-03 21:37:00","vdo":{"cover_path":"","headline":"","id":"","video_path":""},"imgs":[{"path":"20191103\/_2019110321462214270_370.jpg","isCover":1}],"writer":{"columnTitle":"","columnistID":"","trait":"","writer":""},"layout":"1","share_link":""},{"id":"1128232","newsID":"","title":"\u3010\u4fee\u4f8b\u98a8\u6ce2\u3011\u6d78\u5927\u5b78\u751f\u6703\u6307\u8a18\u8005\u592a\u53e4\u57ce\u906d\u5e36\u8d70 \u6709\u7db2\u5a92\u651d\u8a18\u88ab\u6355","content":"","section":"1","cat":"1","publish_datetime":"2019-11-03 21:49:00","vdo":{"cover_path":"","headline":"","id":"","video_path":""},"imgs":[{"path":"20191103\/_2019110321590818240_370.jpg","isCover":1},{"path":"20191103\/_2019110321590925938_370.jpg","isCover":0},{"path":"20191103\/_2019110321590644057_370.jpg","isCover":0}],"writer":{"columnTitle":"","columnistID":"","trait":"","writer":""},"layout":"1","share_link":""},{"id":"1128241","newsID":"","title":"\u3010\u4fee\u4f8b\u98a8\u6ce2\u3011\u592a\u53e4\u57ce\u6578\u767e\u4eba\u805a\u96c6\u6709\u4eba\u64f2\u7269 \u8b66\u65b9\u767c\u5c04\u50ac\u6dda\u5f48","content":"","section":"1","cat":"1","publish_datetime":"2019-11-03 23:17:00","vdo":{"cover_path":"","headline":"","id":"","video_path":""},"imgs":[{"path":"20191103\/_2019110323175272204_370.jpg","isCover":1},{"path":"20191103\/_2019110323175023571_370.jpg","isCover":0},{"path":"20191103\/_2019110322202870197_370.jpg","isCover":0}],"writer":{"columnTitle":"","columnistID":"","trait":"","writer":""},"layout":"1","share_link":""},{"id":"1128265","newsID":"","title":"\u653f\u5e9c\u56b4\u53b2\u8b74\u8cac\u592a\u53e4\u57ce\u7b49\u591a\u5340\u66b4\u529b \u6307\u7d55\u4e0d\u53ef\u8511\u8996\u6cd5\u7d00\u884c\u4f7f\u79c1\u5211","content":"","section":"1","cat":"1","publish_datetime":"2019-11-03 22:53:00","vdo":{"cover_path":"","headline":"","id":"","video_path":""},"imgs":[{"path":"20191103\/_2019110322594571523_370.jpg","isCover":1},{"path":"20191103\/_2019110322594694489_370.jpg","isCover":0},{"path":"20191103\/_2019110323132866116_370.jpg","isCover":0}],"writer":{"columnTitle":"","columnistID":"","trait":"","writer":""},"layout":"1","share_link":""},{"id":"1128277","newsID":"","title":"\u3010\u592a\u53e4\u57ce\u65ac\u4eba\u3011\u6c11\u4e3b\u6d3e\u8b74\u8cac\u5147\u5f92\u66b4\u884c \u4fc3\u653f\u5e9c\u4e0d\u8981\u62d6\u5ef6\u6216\u53d6\u6d88\u5340\u9078","content":"","section":"1","cat":"1","publish_datetime":"2019-11-03 23:30:00","vdo":{"cover_path":"","headline":"","id":"","video_path":""},"imgs":[{"path":"20191103\/_2019110323374348791_370.jpg","isCover":1}],"writer":{"columnTitle":"","columnistID":"","trait":"","writer":""},"layout":"1","share_link":""},{"id":"1128292","newsID":"","title":"\u3010\u4fee\u4f8b\u98a8\u6ce2\u3011\u8b66\u8b74\u8cac\u793a\u5a01\u8005\u7834\u58de\u5546\u5e97 \u6703\u7a4d\u6975\u8abf\u67e5\u592a\u53e4\u57ce\u56b4\u91cd\u50b7\u4eba\u6848","content":"","section":"1","cat":"1","publish_datetime":"2019-11-04 06:46:00","vdo":{"cover_path":"","headline":"","id":"","video_path":""},"imgs":[{"path":"20191104\/_2019110406531360451_370.jpg","isCover":1}],"writer":{"columnTitle":"","columnistID":"","trait":"","writer":""},"layout":"1","share_link":""},{"id":"1128700","newsID":"","title":"\u3010\u4fee\u4f8b\u98a8\u6ce2\u3011\u8449\u5289\u6dd1\u5100\u4fc3\u653f\u5e9c\u627f\u8afe12\u6708\u4e2d\u65ec\u524d\u5e73\u606f\u653f\u6cbb\u98a8\u66b4","content":"","section":"1","cat":"1","publish_datetime":"2019-11-04 14:32:00","vdo":{"cover_path":"","headline":"","id":"","video_path":""},"imgs":[{"path":"20191104\/_2019110414421579188_370.jpg","isCover":1},{"path":"20191104\/_2019110414421049008_370.jpg","isCover":0},{"path":"20191104\/_2019110414421158886_370.jpg","isCover":0}],"writer":{"columnTitle":"","columnistID":"","trait":"","writer":""},"layout":"1","share_link":""}],"relevant_news":[],"topic":[],"share_link":"http:\/\/hd.stheadline.com\/news\/realtime\/hk\/1628772"}