{"id":"1128355","newsID":"","title":"\u3010\u4fee\u4f8b\u98a8\u6ce2\u3011\u9023\u5834\u793a\u5a01\u885d\u7a8130\u4eba\u9001\u9662 3\u5371\u6b862\u56b4\u91cd","content":["\u6e2f\u4e5d\u65b0\u754c\u591a\u5340\u6628\u65e5\u81f3\u4eca\u65e5\u51cc\u6668\u5148\u5f8c\u767c\u751f\u591a\u5834\u793a\u5a01\u885d\u7a81\uff0c\u81f3\u5c1130\u4eba\u53d7\u50b7\u9001\u516c\u7acb\u91ab\u9662\u6cbb\u7406\u3002\u003Cbr \/\u003E\u003Cbr \/\u003E\u91ab\u7ba1\u5c40\u8868\u793a\uff0c\u50b7\u8005\u5305\u62ec25\u75375\u5973\uff0c\u5e74\u9f61\u4ecb\u4e4e18\u81f355\u6b72\uff0c\u5176\u4e2d3\u540d\u7537\u5b50\u60c5\u6cc1\u5371\u6b86\uff0c\u5206\u5225\u5728\u6771\u5340\u91ab\u9662\u53ca\u4f0a\u5229\u6c99\u4f2f\u91ab\u9662\u7559\u91ab\uff1b\u53e6\u67091\u75371\u5973\u50b7\u91cd\uff0c11\u75374\u5973\u7a69\u5b9a\uff0c\u5176\u9918\u5df2\u51fa\u9662\u6216\u60c5\u6cc1\u4e0d\u660e\u3002\u003Cbr \/\u003E\u003Cbr \/\u003E\u800c\u622a\u81f3\u65e9\u4e0a7\u6642\u534a\u7684\u6578\u5b57\uff0c\u81f3\u5c1117\u4eba\u53d7\u50b7\u9001\u516c\u7acb\u91ab\u9662\u6cbb\u7406\u3002\u50b7\u8005\u5305\u62ec14\u75373\u5973\uff0c\u5e74\u9f61\u4ecb\u4e4e19\u81f355\u6b72\uff0c\u5176\u4e2d\u5169\u540d\u7537\u5b50\u60c5\u6cc1\u5371\u6b86\uff0c\u5728\u6771\u5340\u91ab\u9662\u7559\u91ab\uff0c1\u75371\u5973\u50b7\u91cd\uff0c7\u75371\u5973\u7a69\u5b9a\uff0c4\u4eba\u5df2\u51fa\u9662\uff0c1\u4eba\u672a\u78ba\u5b9a\u60c5\u6cc1\u3002\u003Cbr \/\u003E\u003Cbr \/\u003E\u5efa\u7acb\u6642\u9593\uff1a08:40\u003Cbr \/\u003E\u66f4\u65b0\u6642\u9593\uff1a12:42","",""],"section":"1","cat":"1","publish_datetime":"2019-11-04 12:42:00","vdo":{"cover_path":"","headline":"","id":"","video_path":""},"vid":{"cover_path":"","headline":"","id":"","video_path":""},"imgs":[{"path":"20191104\/_2019110408421528775_600.jpg","caption":"\u9023\u5834\u793a\u5a01\u885d\u7a81\u81f3\u5c1130\u4eba\u53d7\u50b7\u9001\u516c\u7acb\u91ab\u9662\u6cbb\u7406\u3002","isCover":0}],"writer":{"columnTitle":"","columnistID":"","trait":"","writer":""},"layout":"4","keyword":["\u4fee\u4f8b\u98a8\u6ce2"],"related_news":[{"id":"1128331","newsID":"","title":"\u3010\u4fee\u4f8b\u98a8\u6ce2\u3011\u592a\u53e4\u65ac\u4eba\u5169\u592b\u5a66\u4e2d\u5200 \u7537\u5b50\u7a7f\u80ba\u547d\u5371","content":"","section":"1","cat":"1","publish_datetime":"2019-11-04 07:46:00","vdo":{"cover_path":"","headline":"","id":"","video_path":""},"imgs":[{"path":"20191104\/_2019110407542799166_370.jpg","isCover":1}],"writer":{"columnTitle":"","columnistID":"","trait":"","writer":""},"layout":"1","share_link":""},{"id":"1128334","newsID":"","title":"\u3010\u4fee\u4f8b\u98a8\u6ce2\u3011\u79d1\u5927\u751f\u5c07\u8ecd\u6fb3\u907f\u50ac\u6dda\u5f48 \u5931\u8db3\u58ae\u6a13\u547d\u5371","content":"","section":"1","cat":"1","publish_datetime":"2019-11-04 11:32:00","vdo":{"cover_path":"","headline":"","id":"","video_path":""},"imgs":[{"path":"20191104\/_2019110411314223909_370.jpg","isCover":1},{"path":"20191104\/_2019110408002228246_370.jpg","isCover":0},{"path":"20191104\/_2019110408291222534_370.jpg","isCover":0}],"writer":{"columnTitle":"","columnistID":"","trait":"","writer":""},"layout":"1","share_link":""},{"id":"1128358","newsID":"","title":"\u3010\u4fee\u4f8b\u98a8\u6ce2\u3011\u6d78\u5927\u65b0\u805e\u7cfb\u751f\u592a\u53e4\u57ce\u63a1\u8a2a\u88ab\u6355 \u6821\u9577\u9322\u5927\u5eb7\u4fc3\u516c\u5e73\u5c0d\u5f85","content":"","section":"1","cat":"1","publish_datetime":"2019-11-04 13:18:00","vdo":{"cover_path":"","headline":"","id":"","video_path":""},"imgs":[{"path":"20191104\/_2019110409064637073_370.jpg","isCover":1}],"writer":{"columnTitle":"","columnistID":"","trait":"","writer":""},"layout":"1","share_link":""},{"id":"1128427","newsID":"","title":"\u3010\u4fee\u4f8b\u98a8\u6ce2\u3011\u50ac\u6dda\u5f48\u71d2\u50b7\u6025\u6551\u7fa9\u5de5\u80cc\u90e8 \u6a39\u4ec1\u51fd\u8b66\u4fc3\u4ea4\u4ee3\u4e8b\u4ef6","content":"","section":"1","cat":"1","publish_datetime":"2019-11-04 09:43:00","vdo":{"cover_path":"","headline":"","id":"","video_path":""},"imgs":[{"path":"20191104\/_2019110409430271096_370.jpg","isCover":1}],"writer":{"columnTitle":"","columnistID":"","trait":"","writer":""},"layout":"1","share_link":""},{"id":"1128436","newsID":"","title":"\u3010\u5927\u68cb\u76e4\u3011\u6797\u912d\u679c\u771f\u300c\u7121\u5fc3\u6200\u6230\u300d\uff1f","content":"","section":"1","cat":"1","publish_datetime":"2019-11-04 10:23:00","vdo":{"cover_path":"","headline":"","id":"","video_path":""},"imgs":[{"path":"20191104\/_2019110410205586296_370.jpg","isCover":1}],"writer":{"columnTitle":"","columnistID":"","trait":"","writer":""},"layout":"1","share_link":""},{"id":"1128439","newsID":"","title":"\u3010\u4fee\u4f8b\u98a8\u6ce2\u3011\u7a31\u653e\u68c4\u300c\u88ab\u6d17\u8166\u300d\u9752\u5e74 \u4f0d\u6dd1\u6e05\uff1a\u9999\u6e2f\u5931\u53bb\u5169\u4ee3\u5e74\u8f15\u4eba","content":"","section":"1","cat":"1","publish_datetime":"2019-11-04 10:21:00","vdo":{"cover_path":"","headline":"","id":"","video_path":""},"imgs":[{"path":"20191104\/_2019110410215983804_370.jpg","isCover":1}],"writer":{"columnTitle":"","columnistID":"","trait":"","writer":""},"layout":"1","share_link":""},{"id":"1128445","newsID":"","title":"\u3010\u5c08\u6b04\u3011\u5e73\u4e82\u8981\u5b78\u6f22\u666f\u5e1d","content":"","section":"1","cat":"1","publish_datetime":"2019-11-04 10:55:00","vdo":{"cover_path":"","headline":"","id":"","video_path":""},"imgs":[{"path":"20191104\/_2019110410354445875_370.jpg","isCover":1}],"writer":{"columnTitle":"","columnistID":"","trait":"","writer":""},"layout":"1","share_link":""},{"id":"1128481","newsID":"","title":"\u3010\u4fee\u4f8b\u98a8\u6ce2\u3011\u6797\u5353\u5ef7:\u8d99\u5bb6\u8ce2\u5df2\u505a\u624b\u8853\u99c1\u56de\u8033\u6735","content":"","section":"1","cat":"1","publish_datetime":"2019-11-04 10:51:00","vdo":{"cover_path":"","headline":"","id":"","video_path":""},"imgs":[{"path":"20191104\/_2019110411363663958_370.jpg","isCover":1},{"path":"20191104\/_2019110411561987481_370.jpg","isCover":0},{"path":"20191104\/_2019110411562170127_370.jpg","isCover":0}],"writer":{"columnTitle":"","columnistID":"","trait":"","writer":""},"layout":"1","share_link":""},{"id":"1128487","newsID":"","title":"\u3010\u4fee\u4f8b\u98a8\u6ce2\u3011\u6a39\u4ec1\u6025\u6551\u54e1\u4e2d\u50ac\u6dda\u5f48\u4e09\u7d1a\u71d2\u50b7 \u6bcd\u6821\u8463\u7389\u5a23\u4e2d\u5b78\u611f\u96e3\u904e","content":"","section":"1","cat":"1","publish_datetime":"2019-11-04 11:14:00","vdo":{"cover_path":"","headline":"","id":"","video_path":""},"imgs":[{"path":"20191104\/_2019110411182435064_370.jpg","isCover":1}],"writer":{"columnTitle":"","columnistID":"","trait":"","writer":""},"layout":"1","share_link":""},{"id":"1128538","newsID":"","title":"\u3010\u4fee\u4f8b\u98a8\u6ce2\u3011\u4e2d\u5927\u91ab\u5b78\u96623\u5b78\u751f\u524d\u65e5\u88ab\u6355 \u5b78\u751f\u6703\u4fc3\u6821\u65b9\u56de\u61c9","content":"","section":"1","cat":"1","publish_datetime":"2019-11-04 12:00:00","vdo":{"cover_path":"","headline":"","id":"","video_path":""},"imgs":[{"path":"20191104\/_2019110412042747214_370.jpg","isCover":1}],"writer":{"columnTitle":"","columnistID":"","trait":"","writer":""},"layout":"1","share_link":""}],"relevant_news":[],"topic":[],"share_link":"http:\/\/hd.stheadline.com\/news\/realtime\/hk\/1628355"}