{"id":"1128697","newsID":"","title":"\u9752\u5e74\u5929\u6c34\u570d\u9ad8\u8655\u58ae\u4e0b\u4ea1\u3000","content":["\u5929\u6c34\u570d\u5929\u6052\u90a8\u6052\u5065\u6a13\uff0c\u51cc\u66684\u6642\u591a\uff0c\u4fdd\u5b89\u54e1\u767c\u73fe\u4e00\u540d\u7537\u5b50\u5f9e\u9ad8\u8655\u58ae\u4e0b\uff0c\u5012\u81e5\u5728\u5927\u5ec8\u5c0d\u958b\u8def\u65c1\uff0c\u65bc\u662f\u5831\u8b66\u3002\u8b66\u54e1\u53ca\u6551\u8b77\u54e1\u5230\u5834\uff0c\u8b49\u5be6\u7537\u5b50\u5df2\u50b7\u91cd\u6b7b\u4ea1\u3002\u003Cbr \/\u003E\u003Cbr \/\u003E\u6d88\u606f\u6307\u7537\u5b50\u59d3\u738b22\u6b72\uff0c\u8b66\u65b9\u521d\u6b65\u8abf\u67e5\u76f8\u4fe1\u7537\u5b50\u5f9e\u5929\u53f0\u58ae\u4e0b\uff0c\u4e8b\u4ef6\u7121\u53ef\u7591\uff0c\u6b63\u8ffd\u67e5\u7537\u5b50\u8eab\u4efd\u53ca\u58ae\u4e0b\u539f\u56e0\u3002","",""],"section":"1","cat":"1","publish_datetime":"2019-11-04 14:39:00","vdo":{"cover_path":"","headline":"","id":"","video_path":""},"vid":{"cover_path":"","headline":"","id":"","video_path":""},"imgs":[{"path":"20191104\/_2019110414405652167_600.jpg","caption":"\u8b66\u65b9\u7528\u5e06\u5e03\u5c07\u907a\u9ad4\u906e\u84cb\u3002\u7db2\u6c11\uff1aNico Chan\u200e\u9999\u6e2f\u7a81\u767c\u4e8b\u6545\u5831\u6599\u5340","isCover":0}],"writer":{"columnTitle":"","columnistID":"","trait":"","writer":""},"layout":"4","keyword":["\u58ae\u6a13"],"related_news":[{"id":"1116889","newsID":"","title":"\u516d\u65ec\u5a66\u9ec3\u57d4\u82b1\u5712\u58ae\u6583 ","content":"","section":"1","cat":"1","publish_datetime":"2019-10-19 10:07:00","vdo":{"cover_path":"","headline":"","id":"","video_path":""},"imgs":[{"path":"20191019\/_2019101910100445214_370.jpg","isCover":1}],"writer":{"columnTitle":"","columnistID":"","trait":"","writer":""},"layout":"1","share_link":""},{"id":"1117223","newsID":"","title":"\u7d05\u78e147\u6b72\u5973\u5b50\u9152\u5e97\u58ae\u6583","content":"","section":"1","cat":"1","publish_datetime":"2019-10-20 08:03:00","vdo":{"cover_path":"","headline":"","id":"","video_path":""},"imgs":[{"path":"20191020\/_2019102008135631257_370.jpg","isCover":1}],"writer":{"columnTitle":"","columnistID":"","trait":"","writer":""},"layout":"1","share_link":""},{"id":"1117799","newsID":"","title":"\u8d64\u88f8\u6d0b\u6f22\u4e2d\u5340\u9152\u5e97\u623f\u9593\u9732\u53f0\u58ae\u6583","content":"","section":"1","cat":"1","publish_datetime":"2019-10-21 07:44:00","vdo":{"cover_path":"","headline":"","id":"","video_path":""},"imgs":[{"path":"20191021\/_2019102109554928692_370.jpg","isCover":1},{"path":"20191021\/_2019102109554538003_370.jpg","isCover":0},{"path":"20191021\/_2019102109554620020_370.jpg","isCover":0}],"writer":{"columnTitle":"","columnistID":"","trait":"","writer":""},"layout":"1","share_link":""},{"id":"1118048","newsID":"","title":"\u7537\u5b50\u4e0a\u6c34\u592a\u5e73\u90a8\u58ae\u6a13 \u7576\u5834\u6583\u547d","content":"","section":"1","cat":"1","publish_datetime":"2019-10-21 11:59:00","vdo":{"cover_path":"","headline":"","id":"","video_path":""},"imgs":[{"path":"20191021\/_2019102112055442395_370.jpg","isCover":1}],"writer":{"columnTitle":"","columnistID":"","trait":"","writer":""},"layout":"1","share_link":""},{"id":"1121692","newsID":"","title":"\u516d\u65ec\u5a66\u592a\u53e4\u57ce\u58ae\u6a13 \u5012\u6583\u5e73\u53f0","content":"","section":"1","cat":"1","publish_datetime":"2019-10-25 17:40:00","vdo":{"cover_path":"","headline":"","id":"","video_path":""},"imgs":[{"path":"20191025\/_2019102515382113712_370.jpeg","isCover":1},{"path":"20191025\/_2019102515382252861_370.jpeg","isCover":0},{"path":"20191025\/_2019102515382343792_370.jpeg","isCover":0}],"writer":{"columnTitle":"","columnistID":"","trait":"","writer":""},"layout":"1","share_link":""},{"id":"1122124","newsID":"","title":"\u5c16\u6c99\u5634\u5546\u5834\u4e2d\u5e74\u5973\u5b50\u58ae\u6583 ","content":"","section":"1","cat":"1","publish_datetime":"2019-10-26 08:35:00","vdo":{"cover_path":"","headline":"","id":"","video_path":""},"imgs":[{"path":"20191026\/_2019102600282489215_370.jpg","isCover":1}],"writer":{"columnTitle":"","columnistID":"","trait":"","writer":""},"layout":"1","share_link":""},{"id":"1125700","newsID":"","title":"\u5efa\u751f\u90a8\u4e2d\u5e74\u6f22\u9ad8\u8655\u58ae\u4e0b \u7576\u5834\u6b7b\u4ea1","content":"","section":"1","cat":"1","publish_datetime":"2019-10-31 09:46:00","vdo":{"cover_path":"","headline":"","id":"","video_path":""},"imgs":[{"path":"20191031\/_2019103109480020426_370.jpg","isCover":1}],"writer":{"columnTitle":"","columnistID":"","trait":"","writer":""},"layout":"1","share_link":""},{"id":"1125847","newsID":"","title":"\u963f\u516c\u5ca9\u9053\u5973\u5b50\u58ae\u6a13\u4ea1","content":"","section":"1","cat":"1","publish_datetime":"2019-10-31 11:51:00","vdo":{"cover_path":"","headline":"","id":"","video_path":""},"imgs":[{"path":"20191031\/_2019103112112257562_370.jpg","isCover":1}],"writer":{"columnTitle":"","columnistID":"","trait":"","writer":""},"layout":"1","share_link":""},{"id":"1125964","newsID":"","title":"\u9cf3\u5fb7\u90a8\u7537\u5b50\u58ae\u6a13\u9001\u9662\u6436\u6551 ","content":"","section":"1","cat":"1","publish_datetime":"2019-10-31 13:28:00","vdo":{"cover_path":"","headline":"","id":"","video_path":""},"imgs":[{"path":"20191031\/_2019103116493520235_370.jpg","isCover":1}],"writer":{"columnTitle":"","columnistID":"","trait":"","writer":""},"layout":"1","share_link":""},{"id":"1126777","newsID":"","title":"\u4e0a\u74b0\u7537\u5b50\u58ae\u6a13 \u5012\u6583\u5e73\u53f0","content":"","section":"1","cat":"1","publish_datetime":"2019-11-01 11:35:00","vdo":{"cover_path":"","headline":"","id":"","video_path":""},"imgs":[{"path":"20191101\/_2019110111392214673_370.jpeg","isCover":1},{"path":"20191101\/_2019110111392083021_370.jpeg","isCover":0},{"path":"20191101\/_2019110111392145192_370.jpeg","isCover":0}],"writer":{"columnTitle":"","columnistID":"","trait":"","writer":""},"layout":"1","share_link":""}],"relevant_news":[],"topic":[],"share_link":"http:\/\/hd.stheadline.com\/news\/realtime\/hk\/1628697"}