{"id":"1098725","newsID":"","title":"\u6d77\u95dc\u6e2f\u73e0\u6fb3\u5927\u6a4b\u6aa2\u8d70\u79c1\u667a\u80fd\u96fb\u8a71 \u4f30\u8a08\u5e02\u503c\u7d04100\u842c\u5143","content":["\u6d77\u95dc\u5728\u6e2f\u73e0\u6fb3\u5927\u6a4b\u9999\u6e2f\u53e3\u5cb8\u6aa2\u7372328\u90e8\u61f7\u7591\u8d70\u79c1\u667a\u80fd\u96fb\u8a71\uff0c\u4f30\u8a08\u5e02\u503c\u7d04100\u842c\u5143\u3002\u003Cbr \/\u003E\u003Cbr \/\u003E\u6d77\u95dc\u4eba\u54e1\u4eca\u65e5\u51cc\u6668\u5728\u6e2f\u73e0\u6fb3\u5927\u6a4b\u9999\u6e2f\u53e3\u5cb8\u622a\u67e5\u4e00\u8f1b\u51fa\u5883\u79c1\u5bb6\u8eca\uff0c\u767c\u73fe\u8a72\u6279\u667a\u80fd\u96fb\u8a71\u5206\u5225\u6536\u85cf\u5728\u524d\u5ea7\u4e58\u5ba2\u5ea7\u4f4d\u4e0b\u53ca\u5f8c\u5099\u8f2a\u80ce\u5167\u3002\u4e00\u540d45\u6b72\u5973\u53f8\u6a5f\u53ca\u5169\u540d\u5206\u522556\u53ca58\u6b72\u7537\u4e58\u5ba2\u88ab\u6355\u3002\u6848\u4ef6\u4ecd\u5728\u8abf\u67e5\u4e2d\u3002\u003Cbr \/\u003E\u003Cbr \/\u003E\u8d70\u79c1\u5c6c\u56b4\u91cd\u7f6a\u884c\u3002\u6839\u64da\u300a\u9032\u51fa\u53e3\u689d\u4f8b\u300b\uff0c\u4efb\u4f55\u4eba\u8f38\u5165\u6216\u8f38\u51fa\u672a\u5217\u8259\u55ae\u8ca8\u7269\uff0c\u4e00\u7d93\u5b9a\u7f6a\uff0c\u6700\u9ad8\u53ef\u88ab\u5224\u7f70\u6b3e200\u842c\u5143\u53ca\u76e3\u79817\u5e74\u3002\u003Cbr \/\u003E\u003Cbr \/\u003E","",""],"section":"1","cat":"1","publish_datetime":"2019-09-24 22:42:00","vdo":{"cover_path":"","headline":"","id":"","video_path":""},"vid":{"cover_path":"","headline":"","id":"","video_path":""},"imgs":[{"path":"20190924\/_2019092422435425671_600.jpg","caption":"\u5716\u793a\u6536\u85cf\u5728\u524d\u5ea7\u4e58\u5ba2\u5ea7\u4f4d\u4e0b\u7684\u61f7\u7591\u8d70\u79c1\u667a\u80fd\u96fb\u8a71\u3002\u653f\u5e9c\u65b0\u805e\u8655\u5716\u7247","isCover":0},{"path":"20190924\/_2019092422435530792_600.jpg","caption":"\u5716\u793a\u6536\u85cf\u5728\u5f8c\u5099\u8f2a\u80ce\u5167\u7684\u61f7\u7591\u8d70\u79c1\u667a\u80fd\u96fb\u8a71\u3002\u653f\u5e9c\u65b0\u805e\u8655\u5716\u7247","isCover":0}],"writer":{"columnTitle":"","columnistID":"","trait":"","writer":""},"layout":"4","keyword":["\u6d77\u95dc","\u6e2f\u73e0\u6fb3\u5927\u6a4b","\u8d70\u79c1","\u667a\u80fd\u96fb\u8a71"],"related_news":[{"id":"1094393","newsID":"","title":"\u6d77\u95dc\u73e0\u5bf6\u9996\u98fe\u5c55\u6aa2\u5192\u724c\u624b\u93c8\u6212\u6307 3\u516c\u53f8\u8463\u4e8b\u88ab\u6355","content":"","section":"1","cat":"1","publish_datetime":"2019-09-18 19:29:00","vdo":{"cover_path":"","headline":"","id":"","video_path":""},"imgs":[{"path":"20190918\/_2019091819300237958_370.jpg","isCover":1}],"writer":{"columnTitle":"","columnistID":"","trait":"","writer":""},"layout":"1","share_link":""},{"id":"1098689","newsID":"","title":"\u6d77\u95dc\u6587\u9326\u6e21\u6aa218.2\u842c\u4ef6\u7159\u6cb9\u5323 \u7834\u4eca\u5e74\u6700\u5927\u5b97\u540c\u985e\u9678\u8def\u8d70\u79c1\u6848","content":"","section":"1","cat":"1","publish_datetime":"2019-09-24 21:16:00","vdo":{"cover_path":"","headline":"","id":"","video_path":""},"imgs":[{"path":"20190924\/_2019092421175698946_370.jpg","isCover":1}],"writer":{"columnTitle":"","columnistID":"","trait":"","writer":""},"layout":"1","share_link":""}],"relevant_news":[],"topic":[],"share_link":"http:\/\/hd.stheadline.com\/news\/realtime\/hk\/1598725"}