{"id":"1134635","newsID":"","title":"\u7684\u54e5\u5012\u6583\u7684\u58eb\u8eca\u5ec2 \u8b66\u8abf\u67e5\u6b7b\u4ea1\u539f\u56e0","content":["\u4e00\u8f1b\u505c\u6cca\u5728\u6c99\u7530\u77f3\u9580\u5b89\u7fa4\u8857\u8fd1\u5b89\u9e97\u8857\u8def\u908a\u7684\u7684\u58eb\uff0c\u53f8\u6a5f\u51cc\u6668\u96f6\u6642\u8a31\u88ab\u767c\u73fe\u5728\u8eca\u5ec2\u5167\u660f\u8ff7\u4e0d\u9192\uff0c\u6551\u8b77\u54e1\u8d95\u81f3\u73fe\u5834\uff0c\u5c07\u50b7\u8005\u9001\u9662\u6436\u6551\uff0c\u60dc\u7d42\u544a\u4e0d\u6cbb\uff0c\u7684\u58eb\u8eca\u4e3b\u4e8b\u5f8c\u5230\u5834\u5354\u52a9\u8abf\u67e5\uff0c\u64da\u4e86\u89e3\uff0c\u6b7b\u8005\u8eab\u9ad4\u5065\u5eb7\u4e26\u7121\u75c5\u60a3\uff0c\u8b66\u65b9\u4e8b\u5f8c\u806f\u7d61\u5176\u5bb6\u4eba\u53ca\u8abf\u67e5\u6b7b\u4ea1\u539f\u56e0\u3002","",""],"section":"1","cat":"1","publish_datetime":"2019-11-12 07:09:00","vdo":{"cover_path":"","headline":"","id":"","video_path":""},"vid":{"cover_path":"","headline":"","id":"","video_path":""},"imgs":[{"path":"20191112\/_2019111207130760500_600.jpg","caption":"\u7684\u54e5\u5012\u6583\u7684\u58eb\u8eca\u5ec2\u3002","isCover":0}],"writer":{"columnTitle":"","columnistID":"","trait":"","writer":""},"layout":"4","keyword":["\u7684\u58eb","\u5012\u6583"],"related_news":[{"id":"1107791","newsID":"","title":"\u3010\u4fee\u4f8b\u98a8\u6ce2\u3011\u6df1\u6c34\u57d7\u7684\u58eb\u649e\u50b7\u5973\u5b50\u81f4\u9aa8\u6298 \u8b66\u62d820\u6b72\u7537\u5b50\u6d89\u66b4\u52d5","content":"","section":"1","cat":"1","publish_datetime":"2019-10-08 09:33:00","vdo":{"cover_path":"","headline":"","id":"","video_path":""},"imgs":[{"path":"20191008\/_2019100809355487535_370.jpg","isCover":1}],"writer":{"columnTitle":"","columnistID":"","trait":"","writer":""},"layout":"1","share_link":""},{"id":"1111330","newsID":"","title":"\u5929\u6c34\u570d\u547d\u6848\u8b66\u63a751\u6b72\u5973\u5b50\u8b00\u6bba \u5468\u4e00\u63d0\u5802","content":"","section":"1","cat":"1","publish_datetime":"2019-10-12 13:23:00","vdo":{"cover_path":"","headline":"","id":"","video_path":""},"imgs":[{"path":"20191012\/_2019101213265188220_370.jpg","isCover":1}],"writer":{"columnTitle":"","columnistID":"","trait":"","writer":""},"layout":"1","share_link":""},{"id":"1111447","newsID":"","title":"\u642d\u7684\u58eb\u5411\u53f8\u6a5f\u7d22\u543b \u8cb4\u5dde\u9189\u9152\u7537\u4e58\u5ba2\uff1a\u4f60\u4e0d\u89aa\u6211\u4e0d\u8d70\uff01","content":"","section":"1","cat":"3","publish_datetime":"2019-10-12 19:35:00","vdo":{"cover_path":"","headline":"","id":"","video_path":""},"imgs":[{"path":"20191012\/_2019101216364678910_370.jpg","isCover":1}],"writer":{"columnTitle":"","columnistID":"","trait":"","writer":""},"layout":"1","share_link":""},{"id":"1111753","newsID":"","title":"\u7684\u54e5\u975e\u79ae\u5973\u4e58\u5ba2\u7a31\u300c\u4f60\u597d\u975a\u300d \u7247\u6bb5\u518d\u760b\u50b3\u7c72\u5973\u58eb\u5c0f\u5fc3","content":"","section":"1","cat":"3","publish_datetime":"2019-10-13 16:47:00","vdo":{"cover_path":"","headline":"","id":"","video_path":""},"imgs":[{"path":"20191013\/_2019101311200221077_370.jpg","isCover":1}],"writer":{"columnTitle":"","columnistID":"","trait":"","writer":""},"layout":"1","share_link":""},{"id":"1113076","newsID":"","title":"\u3010\u4fee\u4f8b\u98a8\u6ce2\u3011\u7684\u54e5\u649e\u50b7\u5973\u5b50\u5f8c\u88ab\u300c\u79c1\u4e86\u300d \u8b66\u518d\u62d81\u7537\u6d89\u66b4\u52d5","content":"","section":"1","cat":"1","publish_datetime":"2019-10-15 07:55:00","vdo":{"cover_path":"","headline":"","id":"","video_path":""},"imgs":[{"path":"20191015\/_2019101508100127351_370.jpg","isCover":1}],"writer":{"columnTitle":"","columnistID":"","trait":"","writer":""},"layout":"1","share_link":""},{"id":"1113088","newsID":"","title":"\u516d\u65ec\u7fc1\u5012\u6583\u8343\u7063\u6751\u5c4b\u50b3\u7570\u5473 \u5152\u767b\u9580\u63ed\u767c","content":"","section":"1","cat":"1","publish_datetime":"2019-10-15 08:30:00","vdo":{"cover_path":"","headline":"","id":"","video_path":""},"imgs":[{"path":"20191015\/_2019101508330198206_370.jpg","isCover":1}],"writer":{"columnTitle":"","columnistID":"","trait":"","writer":""},"layout":"1","share_link":""},{"id":"1119976","newsID":"","title":"\u98db\u884c\u7684\u58ebVoloCity\u65b0\u52a0\u5761\u8a66\u98db \u6700\u5feb\u5169\u5e74\u5f8c\u6295\u5165\u670d\u52d9","content":"","section":"1","cat":"4","publish_datetime":"2019-10-23 15:05:00","vdo":{"cover_path":"","headline":"","id":"","video_path":""},"imgs":[{"path":"20191023\/_2019102315073218277_370.jpg","isCover":1}],"writer":{"columnTitle":"","columnistID":"","trait":"","writer":""},"layout":"1","share_link":""},{"id":"1123021","newsID":"","title":"\u3010\u7368\u5bb6\u3011\u300c\u7684\u54e5\u300d\u6536\u5165\u8dcc\u534a \u8eca\u4e3b\u6e1b\u79df\u6551\u4ea1","content":"","section":"1","cat":"1","publish_datetime":"2019-10-28 07:01:00","vdo":{"cover_path":"","headline":"","id":"","video_path":""},"imgs":[{"path":"20191028\/_2019102807042012141_370.jpg","isCover":1}],"writer":{"columnTitle":"","columnistID":"","trait":"","writer":""},"layout":"1","share_link":""},{"id":"1123024","newsID":"","title":"\u7684\u58eb\u76c8\u5229\u80fd\u529b\u964d \u724c\u50f9\u6025\u8dcc\u4e00\u6210","content":"","section":"1","cat":"1","publish_datetime":"2019-10-28 07:06:00","vdo":{"cover_path":"","headline":"","id":"","video_path":""},"imgs":[{"path":"20191028\/_2019102807074460156_370.jpg","isCover":1}],"writer":{"columnTitle":"","columnistID":"","trait":"","writer":""},"layout":"1","share_link":""},{"id":"1127995","newsID":"","title":"\u6e56\u5317\u7537\u65b7\u6307\u907a\u7559\u7684\u58eb\u96aa\u932f\u904e\u6700\u4f73\u624b\u8853\u6642\u9593  \u8b66\u54e1\u5e6b\u5c0b\u53f8\u6a5f\u53ca\u6642\u9001\u56de","content":"","section":"1","cat":"3","publish_datetime":"2019-11-03 16:18:00","vdo":{"cover_path":"","headline":"","id":"","video_path":""},"imgs":[{"path":"20191103\/_2019110315112160812_370.jpg","isCover":1}],"writer":{"columnTitle":"","columnistID":"","trait":"","writer":""},"layout":"1","share_link":""}],"relevant_news":[],"topic":[],"share_link":"http:\/\/hd.stheadline.com\/news\/realtime\/hk\/1634635"}