{"id":"1134587","newsID":"","title":"\u3010Kelly Online\u3011\u4e2d\u74b0\u4e00\u5730\u78da\u982d\u96dc\u7269 \u767d\u9818\u653e\u5de5\u81ea\u767c\u6e05\u7406\uff08\u6709\u7247\uff09","content":["\u7db2\u6c11\u767c\u8d77\u4eca\u300c\u4e09\u7f77\u300d\uff0c\u6709\u4eba\u5728\u4e2d\u74b0\u5feb\u9583\u5835\u8def\uff0c\u793a\u5a01\u8005\u8207\u8b66\u5bdf\u4e00\u5ea6\u7206\u767c\u6fc0\u70c8\u885d\u7a81\uff0c\u8b66\u65b9\u65bd\u653e\u591a\u6b21\u50ac\u6dda\u5f48\u9a45\u6563\uff0c\u4e2d\u74b0\u8857\u982d\u4e00\u7a81\u8b8a\u6230\u5834\uff0c\u4e00\u7247\u6df7\u4e82\u3002\u5230\u508d\u665a5\u6642\u8a31\u7684\u653e\u5de5\u6642\u9593\uff0c\u4e0d\u5c11\u4e2d\u74b0\u653e\u5de5\u7684\u5e02\u6c11\uff0c\u8def\u7d93\u4e00\u7247\u9839\u57a3\u8857\u9053\uff0c\u7d1b\u7d1b\u81ea\u767c\u6e05\u7406\uff0c\u5c07\u5730\u4e0a\u78da\u982d\u96dc\u7269\u7b49\u6383\u5230\u4e00\u65c1\uff0c\u4ee5\u671f\u6e05\u7406\u8def\u9762\u76e1\u5feb\u6062\u5fa9\u4ea4\u901a\u3002","",""],"section":"1","cat":"1","publish_datetime":"2019-11-11 23:15:00","vdo":{"cover_path":"","headline":"","id":"","video_path":"20191111\/__2019111123194837598.mp4"},"vid":{"cover_path":"","headline":"","id":"","video_path":""},"imgs":[{"path":"20191111\/_2019111123194997287_600.jpg","caption":"\u7687\u540e\u5927\u9053\u4e2d\u8207\u7835\u7538\u4e4d\u8857\u4ea4\u754c\uff0c\u4ea6\u906d\u5230\u793a\u5a01\u8005\u5835\u8def\u3002\u5f71\u7247\u622a\u5716","isCover":0}],"writer":{"columnTitle":"","columnistID":"","trait":"","writer":""},"layout":"4","keyword":["\u4e2d\u74b0","\u653e\u5de5\u4eba\u58eb"],"related_news":[{"id":"1126468","newsID":"","title":"\u3010\u4fee\u4f8b\u98a8\u6ce2\u3011\u4e2d\u74b0\u793a\u5a01\u8005\u5835\u8def\u7206\u63a8\u649e \u8b66\u65b9\u5e72\u8afe\u9053\u4e2d\u653e\u50ac\u6dda\u5f48\u9a45\u6563","content":"","section":"1","cat":"1","publish_datetime":"2019-10-31 22:05:00","vdo":{"cover_path":"","headline":"","id":"","video_path":""},"imgs":[{"path":"20191031\/_2019103121560167924_370.jpeg","isCover":1},{"path":"20191031\/_2019103121560271361_370.jpeg","isCover":0},{"path":"20191031\/_2019103121560079770_370.jpeg","isCover":0}],"writer":{"columnTitle":"","columnistID":"","trait":"","writer":""},"layout":"1","share_link":""},{"id":"1126474","newsID":"","title":"\u3010\u4fee\u4f8b\u98a8\u6ce2\u3011\u4e2d\u74b0\u4eba\u7fa4\u50ac\u6dda\u7159\u4e2d\u8d70\u907f\u9152\u5427\u843d\u9598 \u9632\u66b4\u8b66\u5bdf\u85cd\u65d7\u8b66\u544a","content":"","section":"1","cat":"1","publish_datetime":"2019-10-31 23:45:00","vdo":{"cover_path":"","headline":"","id":"","video_path":""},"imgs":[{"path":"20191031\/_2019103122215238847_370.jpg","isCover":1},{"path":"20191031\/_2019103122215335423_370.jpg","isCover":0},{"path":"20191031\/_2019103122214920296_370.jpg","isCover":0}],"writer":{"columnTitle":"","columnistID":"","trait":"","writer":""},"layout":"1","share_link":""},{"id":"1126513","newsID":"","title":"\u3010\u4fee\u4f8b\u98a8\u6ce2\u3011\u6e2f\u53f0\u651d\u5f71\u8a18\u8005\u862d\u6842\u574a\u9644\u8fd1\u5169\u5ea6\u88ab\u8b66\u5674\u80e1\u6912\u6c34\u9700\u9001\u9662","content":"","section":"1","cat":"1","publish_datetime":"2019-10-31 23:34:00","vdo":{"cover_path":"","headline":"","id":"","video_path":""},"imgs":[{"path":"20191031\/_2019103123382820133_370.jpg","isCover":1},{"path":"20191031\/_2019103123382992947_370.jpg","isCover":0},{"path":"20191031\/_2019103123382616094_370.jpg","isCover":0}],"writer":{"columnTitle":"","columnistID":"","trait":"","writer":""},"layout":"1","share_link":""},{"id":"1126519","newsID":"","title":"\u653f\u5e9c\u8b74\u8cac\u66b4\u5f92\u5371\u5bb3\u5e02\u6c11\u5b89\u5168 \u65a5\u6709\u4eba\u84c4\u610f\u9078\u64c7\u8aa4\u4fe1\u7db2\u4e0a\u8b20\u8a00","content":"","section":"1","cat":"1","publish_datetime":"2019-10-31 23:55:00","vdo":{"cover_path":"","headline":"","id":"","video_path":""},"imgs":[{"path":"20191031\/_2019103123590657558_370.jpg","isCover":1},{"path":"20191031\/_2019103123590849708_370.jpg","isCover":0},{"path":"20191031\/_2019103123591327401_370.jpg","isCover":0}],"writer":{"columnTitle":"","columnistID":"","trait":"","writer":""},"layout":"1","share_link":""},{"id":"1126528","newsID":"","title":"\u3010\u4fee\u4f8b\u98a8\u6ce2\u3011\u4e2d\u74b0\u64fa\u82b1\u8857\u9632\u66b4\u8b66\u5bdf\u8209\u8d77\u9ed1\u65d7 \u9a45\u6563\u805a\u96c6\u4eba\u58eb","content":"","section":"1","cat":"1","publish_datetime":"2019-11-01 00:29:00","vdo":{"cover_path":"","headline":"","id":"","video_path":""},"imgs":[{"path":"20191101\/_2019110100380244281_370.jpg","isCover":1},{"path":"20191101\/_2019110100380327897_370.jpg","isCover":0},{"path":"20191101\/_2019110100380071640_370.jpg","isCover":0}],"writer":{"columnTitle":"","columnistID":"","trait":"","writer":""},"layout":"1","share_link":""},{"id":"1126837","newsID":"","title":"\u3010\u4fee\u4f8b\u98a8\u6ce2\u3011\u7db2\u6c11\u4e2d\u74b0\u89c0\u5858\u5feb\u9583\u904a\u884c \u6297\u8b70\u8b66\u65b9\u6feb\u7528\u66b4\u529b","content":"","section":"1","cat":"1","publish_datetime":"2019-11-01 13:59:00","vdo":{"cover_path":"","headline":"","id":"","video_path":""},"imgs":[{"path":"20191101\/_2019110112594290713_370.jpg","isCover":1},{"path":"20191101\/_2019110112594139404_370.jpg","isCover":0},{"path":"20191101\/_2019110113050240147_370.jpg","isCover":0}],"writer":{"columnTitle":"","columnistID":"","trait":"","writer":""},"layout":"1","share_link":""},{"id":"1127665","newsID":"","title":"\u3010\u4fee\u4f8b\u98a8\u6ce2\u3011\u793a\u5a01\u8005\u4e2d\u74b0\u591a\u8655\u5835\u8def\u639f\u6c7d\u6cb9\u5f48 \u8b66\u65b9\u50ac\u6dda\u5f48\u9a45\u6563","content":"","section":"1","cat":"1","publish_datetime":"2019-11-02 17:56:00","vdo":{"cover_path":"","headline":"","id":"","video_path":""},"imgs":[{"path":"20191102\/_2019110217580275015_370.jpg","isCover":1},{"path":"20191102\/_2019110217580281824_370.jpg","isCover":0},{"path":"20191102\/_2019110217580372585_370.jpg","isCover":0}],"writer":{"columnTitle":"","columnistID":"","trait":"","writer":""},"layout":"1","share_link":""},{"id":"1127701","newsID":"","title":"\u3010\u4fee\u4f8b\u98a8\u6ce2\u3011\u793a\u5a01\u8005\u6417\u4e82\u4e2d\u74b0\u9280\u884c\u5feb\u9910\u5e97 \u8b66\u63a8\u9032\u81f3\u4e0a\u74b0","content":"","section":"1","cat":"1","publish_datetime":"2019-11-02 19:39:00","vdo":{"cover_path":"","headline":"","id":"","video_path":""},"imgs":[{"path":"20191102\/_2019110218543674188_370.jpg","isCover":1},{"path":"20191102\/_2019110218543344905_370.jpg","isCover":0},{"path":"20191102\/_2019110218571660992_370.jpg","isCover":0}],"writer":{"columnTitle":"","columnistID":"","trait":"","writer":""},"layout":"1","share_link":""},{"id":"1127722","newsID":"","title":"\u9999\u6e2f\u7ad9\u9810\u8fa6\u767b\u6a5f\u670d\u52d9\u66ab\u505c","content":"","section":"1","cat":"1","publish_datetime":"2019-11-02 20:08:00","vdo":{"cover_path":"","headline":"","id":"","video_path":""},"imgs":[{"path":"20191102\/_2019110220113644010_370.jpg","isCover":1}],"writer":{"columnTitle":"","columnistID":"","trait":"","writer":""},"layout":"1","share_link":""},{"id":"1132319","newsID":"","title":"\u3010\u4fee\u4f8b\u98a8\u6ce2\u3011\u7fa4\u773e\u4e2d\u74b0\u805a\u96c6 \u8b66\u4e2d\u74b0\u7ad9\u5674\u6912\u62d8\u4e00\u7537","content":"","section":"1","cat":"1","publish_datetime":"2019-11-08 16:21:00","vdo":{"cover_path":"","headline":"","id":"","video_path":""},"imgs":[{"path":"20191108\/_2019110816063278546_370.jpg","isCover":1},{"path":"20191108\/_2019110815551356399_370.jpg","isCover":0},{"path":"20191108\/_2019110816011591904_370.jpeg","isCover":0}],"writer":{"columnTitle":"","columnistID":"","trait":"","writer":""},"layout":"1","share_link":""}],"relevant_news":[],"topic":[],"share_link":"http:\/\/hd.stheadline.com\/news\/realtime\/hk\/1634587"}