{"id":"1134638","newsID":"","title":"\u3010\u5927\u4e09\u7f77\u3011\u524d\u5468\u520a\u8a18\u8005\u906d\u300c\u79c1\u4e86\u300d\u50b7\u773c","content":["\u9ed1\u8863\u793a\u5a01\u8005\u6628\u5929\u5728\u6e2f\u4e5d\u5404\u8655\u7834\u58de\uff0c\u671f\u9593\u7206\u767c\u591a\u5b97\u300c\u79c1\u4e86\u300d\u4e8b\u4ef6\u3002\u5176\u4e2d\u4e00\u540d\u4e2d\u5e74\u7537\u58eb\u5728\u5728\u65fa\u89d2\u767b\u6253\u58eb\u8857\u793a\u5a01\u73fe\u5834\u62cd\u651d\u6642\uff0c\u88ab\u9ed1\u8863\u4eba\u300c\u79c1\u4e86\u300d\u3002\u8a72\u540d\u88ab\u300c\u79c1\u4e86\u300d\u7684\u7537\u5b50\uff0c\u662f\u5df2\u9000\u4f11\u7684\u524d\u300a\u4e9e\u6d32\u5468\u520a\u300b\u8a18\u8005\u9673\u7af6\u65b0\uff0c\u4ed6\u6307\u6628\u65e5\u6c42\u91ab\u5f8c\u9014\u7d93\u793a\u5a01\u73fe\u5834\uff0c\u5e0c\u671b\u62cd\u651d\u8a18\u9304\u6b77\u53f2\uff0c\u60df\u9ed1\u8863\u4eba\u770b\u898b\u4ed6\u62cd\u651d\u61f7\u7591\u4ed6\u5077\u62cd\uff0c\u96a8\u5373\u5c0d\u5176\u300c\u79c1\u4e86\u300d\u3002\u9673\u53f3\u773c\u53d7\u50b7\u6d41\u8840\uff0c\u773c\u93e1\u98db\u812b\u88ab\u6253\u721b\u6210\u5169\u622a\u3002\u003Cbr \/\u003E\u003Cbr \/\u003E\u9673\u6307\u773c\u93e1\u662f\u59bb\u5b50\u9001\u8d08\u7684\u79ae\u7269\uff0c\u5341\u5206\u73cd\u60dc\uff0c\u54ed\u8a34\u300c\u908a\u500b\u8ce0\u7540\u6211\uff1f\u300d\u3002\u9673\u4e4b\u5f8c\u51fa\u793a\u5df2\u904e\u671f\u7684\u8a18\u5354\u8a18\u8005\u8b49\uff0c\u8868\u660e\u81ea\u5df1\u66fe\u4efb\u8a18\u8005\uff0c\u4e26\u7372\u6551\u8b77\u54e1\u5e6b\u4ed6\u8655\u7406\u50b7\u53e3\u3002\u003Cbr \/\u003E\u003Cbr \/\u003E\u9673\u7af6\u65b0\u66fe\u4efb\u8077\u53f0\u7063\u300a\u806f\u5408\u5831\u300b\uff0c\u662f\u53f0\u7063\u554f\u984c\u7684\u5c08\u5bb6\uff0c\u4ea6\u591a\u6b21\u5728\u9999\u6e2f\u652f\u806f\u6703\u8207\u8521\u8000\u660c\u7684\u7db2\u53f0\u63a5\u53d7\u8a2a\u554f\u548c\u8a0e\u8ad6\u6642\u653f\uff0c\u70ba\u653f\u754c\u53ca\u5b78\u904b\u4eba\u58eb\u6240\u8a8d\u8b58\uff0c\u4eca\u6b21\u88ab\u8972\u64ca\uff0c\u4e00\u73ed\u820a\u884c\u5bb6\u90fd\u70ba\u4ed6\u611f\u5230\u96e3\u904e\u3002","",""],"section":"1","cat":"1","publish_datetime":"2019-11-12 07:20:00","vdo":{"cover_path":"","headline":"","id":"","video_path":""},"vid":{"cover_path":"","headline":"","id":"","video_path":""},"imgs":[{"path":"20191112\/_2019111207230132958_600.jpg","caption":"SocREC \u793e\u6703\u8a18\u9304\u983b\u9053FB\u5716\u7247\u3002","isCover":0}],"writer":{"columnTitle":"","columnistID":"","trait":"","writer":""},"layout":"4","keyword":["\u9673\u7af6\u65b0","\u806f\u5408\u5831","\u79c1\u4e86","\u5927\u4e09\u7f77"],"related_news":[{"id":"1134302","newsID":"","title":"\u3010\u5927\u4e09\u7f77\u3011\u6e2f\u5927\u4e2d\u5927\u7b49\u5ba3\u5e03\u660e\u65e5\u505c\u8ab2","content":"","section":"1","cat":"1","publish_datetime":"2019-11-11 18:41:00","vdo":{"cover_path":"","headline":"","id":"","video_path":""},"imgs":[{"path":"20191111\/_2019111118525863922_370.jpg","isCover":1}],"writer":{"columnTitle":"","columnistID":"","trait":"","writer":""},"layout":"1","share_link":""},{"id":"1134515","newsID":"","title":"\u3010\u5927\u4e09\u7f77\u3011\u8b66\u54e1\u9032\u5165\u6559\u5802\u8ffd\u6355\u793a\u5a01\u8005 \u5929\u4e3b\u6559\u5340:\u5df2\u7121\u6cd5\u4fdd\u969c\u4e0d\u88ab\u902e\u6355","content":"","section":"1","cat":"1","publish_datetime":"2019-11-11 20:38:00","vdo":{"cover_path":"","headline":"","id":"","video_path":""},"imgs":[{"path":"20191111\/_2019111119452515765_370.jpeg","isCover":1}],"writer":{"columnTitle":"","columnistID":"","trait":"","writer":""},"layout":"1","share_link":""},{"id":"1134527","newsID":"","title":"\u3010\u5927\u4e09\u7f77\u3011\u6148\u5e7c\u4e2d\u5b78\u820a\u751f\u897f\u7063\u6cb3\u4e2d\u69cd \u6148\u5e7c\u6703\u75db\u5fc3\u8b74\u8cac\u8b66\u6feb\u7528\u6b66\u529b","content":"","section":"1","cat":"1","publish_datetime":"2019-11-11 19:48:00","vdo":{"cover_path":"","headline":"","id":"","video_path":""},"imgs":[{"path":"20191111\/_2019111120015092777_370.jpg","isCover":1}],"writer":{"columnTitle":"","columnistID":"","trait":"","writer":""},"layout":"1","share_link":""},{"id":"1134563","newsID":"","title":"\u3010\u5927\u4e09\u7f77\u3011\u570b\u6cf0\u7a7a\u670d\u54e1\u5de5\u6703\u7c72\u8003\u616e\u662f\u5426\u9069\u5408\u4e0a\u73ed \u8b74\u8cac\u8b66\u65b9\u904e\u5ea6\u6b66\u529b","content":"","section":"1","cat":"1","publish_datetime":"2019-11-11 22:09:00","vdo":{"cover_path":"","headline":"","id":"","video_path":""},"imgs":[{"path":"20191111\/_2019111122160174270_370.jpg","isCover":1},{"path":"20191111\/_2019111122160394835_370.jpg","isCover":0},{"path":"20191111\/_2019111122160437141_370.jpg","isCover":0}],"writer":{"columnTitle":"","columnistID":"","trait":"","writer":""},"layout":"1","share_link":""},{"id":"1134578","newsID":"","title":"\u3010\u5927\u4e09\u7f77\u3011\u793a\u5a01\u8005\u7e31\u706b\u8b66\u5c04\u50ac\u6dda\u5f48 \u5c6f\u9580\u7ad9\u95dc\u9589","content":"","section":"1","cat":"1","publish_datetime":"2019-11-11 22:40:00","vdo":{"cover_path":"","headline":"","id":"","video_path":""},"imgs":[{"path":"20191111\/_2019111122552512241_370.jpg","isCover":1}],"writer":{"columnTitle":"","columnistID":"","trait":"","writer":""},"layout":"1","share_link":""},{"id":"1134584","newsID":"","title":"\u3010\u5927\u4e09\u7f77\u3011\u8b66\u65b9\u65fa\u89d2\u5bc6\u96c6\u767c\u5c04\u50ac\u6dda\u5f48 \u8a18\u8005\u80cc\u90e8\u64ca\u4e2d\u71d9\u50b7","content":"","section":"1","cat":"1","publish_datetime":"2019-11-11 23:08:00","vdo":{"cover_path":"","headline":"","id":"","video_path":""},"imgs":[{"path":"20191111\/_2019111123174794443_370.jpg","isCover":1},{"path":"20191111\/_2019111123174841161_370.jpg","isCover":0},{"path":"20191111\/_2019111123174956858_370.jpg","isCover":0}],"writer":{"columnTitle":"","columnistID":"","trait":"","writer":""},"layout":"1","share_link":""},{"id":"1134605","newsID":"","title":"\u3010\u5927\u4e09\u7f77\u3011\u8b66\u65b9:\u5168\u65e5\u62d8\u6355\u8d85\u904e260\u4eba","content":"","section":"1","cat":"1","publish_datetime":"2019-11-11 23:58:00","vdo":{"cover_path":"","headline":"","id":"","video_path":""},"imgs":[{"path":"20191112\/_2019111200124957204_370.jpeg","isCover":1},{"path":"20191112\/_2019111200125065858_370.jpeg","isCover":0},{"path":"20191112\/_2019111200125231811_370.jpeg","isCover":0}],"writer":{"columnTitle":"","columnistID":"","trait":"","writer":""},"layout":"1","share_link":""},{"id":"1134611","newsID":"","title":"\u3010\u5927\u4e09\u7f77\u3011\u6e2f\u9435\u897f\u7063\u6cb3\u53ca\u8475\u82b3\u7ad9\u95dc\u9589 \u591a\u689d\u5df4\u58eb\u7dda\u505c\u99db\u6539\u9053","content":"","section":"1","cat":"1","publish_datetime":"2019-11-12 06:30:00","vdo":{"cover_path":"","headline":"","id":"","video_path":""},"imgs":[{"path":"20191112\/_2019111206350853620_370.jpg","isCover":1}],"writer":{"columnTitle":"","columnistID":"","trait":"","writer":""},"layout":"1","share_link":""},{"id":"1134626","newsID":"","title":"\u3010\u5927\u4e09\u7f77\u3011\u65fa\u89d2\u7fe0\u83ef\u906d\u7834\u58de \u8a2d\u5099\u73bb\u7483\u640d\u6bc0","content":"","section":"1","cat":"1","publish_datetime":"2019-11-12 06:58:00","vdo":{"cover_path":"","headline":"","id":"","video_path":""},"imgs":[{"path":"20191112\/_2019111207023238120_370.jpg","isCover":1},{"path":"20191112\/_2019111207023325951_370.jpg","isCover":0},{"path":"20191112\/_2019111207023582633_370.jpg","isCover":0}],"writer":{"columnTitle":"","columnistID":"","trait":"","writer":""},"layout":"1","share_link":""},{"id":"1134629","newsID":"","title":"\u3010\u5927\u4e09\u7f77\u3011\u6771\u6d8c\u7ad9\u9326\u4e0a\u8def\u81f3\u5c6f\u9580\u7ad9\u66ab\u505c\u670d\u52d9 \u706b\u70ad\u7ad9\u81f3\u5927\u57d4\u7ad9\u505c\u99db","content":"","section":"1","cat":"1","publish_datetime":"2019-11-12 08:19:00","vdo":{"cover_path":"","headline":"","id":"","video_path":""},"imgs":[{"path":"20191112\/_2019111207364679625_370.jpg","isCover":1},{"path":"20191112\/_2019111207364810517_370.jpg","isCover":0},{"path":"20191112\/_2019111207493077430_370.jpg","isCover":0}],"writer":{"columnTitle":"","columnistID":"","trait":"","writer":""},"layout":"1","share_link":""}],"relevant_news":[],"topic":[],"share_link":"http:\/\/hd.stheadline.com\/news\/realtime\/hk\/1634638"}