{"id":"1134056","newsID":"","title":"\u793e\u6703\u5c40\u52e2\u4e0d\u7a69 \u6e2f\u80a1\u5348\u5f8c\u6025\u632b\u903e800\u9ede","content":["\u793e\u6703\u5c40\u52e2\u4e0d\u7a69\uff0c\u6e2f\u80a1\u5348\u5f8c\u6025\u632b\u903e800\u9ede\u3002\u6052\u751f\u6307\u6578\u65b0\u583126849\uff0c\u8dcc801\u62162.9%\uff1b\u570b\u4f01\u6307\u6578\u65b0\u583110587\uff0c\u8dcc295\u9ede\u62162.71%\uff0c\u6210\u4ea4\u91d1\u984d592.25\u5104\u5143\u3002\u003Cbr \/\u003E\u003Cbr \/\u003E\u800c\u4e2d\u5348\u6642\uff0c\u6052\u6307\u534a\u65e5\u6536\u583127070\uff0c\u8dcc580\u9ede\u62162.1%\uff1b\u570b\u4f01\u6307\u6578\u6536\u583110682\uff0c\u8dcc199\u9ede\u62161.83%\uff0c\u6210\u4ea4\u91d1\u984d435.17\u5104\u5143\u3002","",""],"section":"1","cat":"1","publish_datetime":"2019-11-11 14:36:00","vdo":{"cover_path":"","headline":"","id":"","video_path":""},"vid":{"cover_path":"","headline":"","id":"","video_path":""},"imgs":[{"path":"20191111\/_2019111114375854812_600.jpg","caption":"","isCover":0}],"writer":{"columnTitle":"","columnistID":"","trait":"","writer":""},"layout":"4","keyword":[],"related_news":[{"id":"1134146","newsID":"","title":"\u3010\u5927\u4e09\u7f77\u3011\u7d05\u68c9\u8def\u53ca\u5927\u6703\u5802\u5a5a\u59fb\u767b\u8a18\u8655\u5df2\u65bc\u4e0b\u53482\u6642\u95dc\u9589","content":"","section":"1","cat":"1","publish_datetime":"2019-11-11 15:11:00","vdo":{"cover_path":"","headline":"","id":"","video_path":""},"imgs":[{"path":"20191111\/_2019111115135098459_370.jpg","isCover":1}],"writer":{"columnTitle":"","columnistID":"","trait":"","writer":""},"layout":"1","share_link":""},{"id":"1134143","newsID":"","title":"\u3010\u5927\u4e09\u7f77\u3011\u8b66\u65b9\u4e0b\u5348\u53ec\u958b\u8a18\u8005\u6703","content":"","section":"1","cat":"1","publish_datetime":"2019-11-11 15:06:00","vdo":{"cover_path":"","headline":"","id":"","video_path":""},"imgs":[{"path":"20191111\/_2019111115102640049_370.jpg","isCover":1}],"writer":{"columnTitle":"","columnistID":"","trait":"","writer":""},"layout":"1","share_link":""},{"id":"1134137","newsID":"","title":"\u3010\u73fe\u5e02\u6cc1\u3011\u6052\u6307\u632b754\u9ede\u583126896 \u6210\u4ea4671\u5104\u5143","content":"","section":"1","cat":"6","publish_datetime":"2019-11-11 15:02:00","vdo":{"cover_path":"","headline":"","id":"","video_path":""},"imgs":[{"path":"20191111\/1134137_350642_20191111_370.jpg","isCover":1}],"writer":{"columnTitle":"","columnistID":"","trait":"","writer":""},"layout":"1","share_link":""},{"id":"1134035","newsID":"","title":"\u3010\u5927\u4e09\u7f77\u3011\u793a\u5a01\u8005\u7834\u58de\u4e2d\u74b0\u7ad9 \u6417\u4e82\u4e2d\u8cc7\u9280\u884c\u53ca\u98df\u8086","content":"","section":"1","cat":"1","publish_datetime":"2019-11-11 15:02:00","vdo":{"cover_path":"","headline":"","id":"","video_path":""},"imgs":[{"path":"20191111\/_2019111114291738843_370.jpg","isCover":1},{"path":"20191111\/_2019111114291855546_370.jpg","isCover":0},{"path":"20191111\/_2019111115030812681_370.jpg","isCover":0}],"writer":{"columnTitle":"","columnistID":"","trait":"","writer":""},"layout":"1","share_link":""}],"relevant_news":[],"topic":[],"share_link":"http:\/\/hd.stheadline.com\/news\/realtime\/hk\/1634056"}