{"id":"1134422","newsID":"","title":"\u3010\u5927\u4e09\u7f77\u3011\u6797\u912d\u6708\u5a25\uff1a\u9999\u6e2f\u767c\u751f\u5927\u898f\u6a21\u52d5\u4e82\u53ca\u66b4\u529b\u885d\u64ca\u4e8b\u4ef6","content":["\u5927\u6279\u793a\u5a01\u8005\u7671\u7613\u5168\u6e2f\u4ea4\u901a\u4e26\u7834\u58de\u7e31\u706b\uff0c\u884c\u653f\u9577\u5b98\u6797\u912d\u6708\u5a25\u508d\u665a6\u6642\u5728\u653f\u5e9c\u7e3d\u90e8\u6703\u898b\u50b3\u5a92\uff0c\u76f4\u65a5\u4eca\u65e5\u9999\u6e2f\u767c\u751f\u5927\u898f\u6a21\u52d5\u4e82\u53ca\u66b4\u529b\u885d\u64ca\u4e8b\u4ef6\u3002\u003Cbr \/\u003E\u003Cbr \/\u003E\u6797\u912d\u6708\u5a25\u6279\u8a55\uff0c\u6fc0\u9032\u7db2\u6c11\u7531\u6e05\u65e9\u5230\u73fe\u5728\u9032\u884c\u66b4\u529b\u885d\u64ca\u5f71\u97ff\uff0c\u5835\u8def\u3001\u7e31\u706b\u3001\u6295\u64f2\u96dc\u7269\u6c7d\u6cb9\u5f48\uff0c\u8086\u7121\u5fcc\u619a\u7834\u58de\u9999\u6e2f\u793e\u6703\uff0c\u4e0d\u4f46\u4e0a\u73ed\u4e0a\u5b78\u662f\u53d7\u963b\u597d\u56b4\u91cd\uff0c\u751a\u81f3\u4eba\u5fc3\u60f6\u60f6\uff0c\u5927\u5bb6\u90fd\u597d\u64d4\u6182\u80fd\u5426\u5b89\u5168\u751f\u6d3b\u3002\u5979\u547c\u7c72\u5168\u793e\u6703\u5f37\u70c8\u8b74\u8cac\uff0c\u8a8d\u6e05\u4e8b\u4ef6\u672c\u8cea\u662f\u7834\u58de\u6027\u3001\u6467\u6bc0\u6027\uff0c\u4ee4\u9999\u6e2f\u8e0f\u4e0a\u4e0d\u6b78\u8def\u3002\u003Cbr \/\u003E\u003Cbr \/\u003E\u6797\u912d\u6708\u5a25\u5f37\u8abf\uff0c\u4eca\u6b21\u4e8b\u4ef6\u5df2\u7d93\u4e0d\u662f\u4e00\u822c\u7834\u58de\uff0c\u662f\u4ee4\u5f88\u591a\u4eba\u53d7\u50b7\uff0c\u4eca\u65e5\u8d85\u904e60\u4eba\u53d7\u50b7\uff0c\u5176\u4e2d2\u4eba\u50b7\u52e2\u5371\u6b86\uff0c\u60c5\u6cc1\u4ee4\u4eba\u64d4\u6182\u3002\u5176\u4e2d\u4e00\u4f4d\u662f\u5728\u897f\u7063\u6cb3\u53d7\u8b66\u54e1\u958b\u69cd\u50b7\u5bb3\u7684\u4e00\u4f4d\u793a\u5a01\u8005\uff0c\u662f\u4e00\u4f4d\u5e74\u8f15\u5b78\u751f\uff1b\u53e6\u5916\u4e00\u5b97\u66f4\u52a0\u4ee4\u4eba\u9aee\u6307\uff0c\u56e0\u70ba\u610f\u898b\u4e0d\u540c\uff0c\u6d3b\u751f\u751f\u5730\u653e\u706b\u71d2\u4e00\u500b\u4eba\u3002\u003Cbr \/\u003E\u003Cbr \/\u003E\u6797\u912d\u6708\u5a25\u5f62\u5bb9\uff0c\u66b4\u5f92\u7684\u884c\u70ba\u9060\u9060\u8d85\u904e\u8a34\u6c42\uff0c\u8207\u5e02\u6c11\u70ba\u6575\uff0c\u9019\u4e9b\u4e8b\u4ef6\u4ee4\u4eba\u5fc3\u865b\u602f\u3002\u751a\u81f3\u6709\u4eba\u5411\u5979\u53cd\u6620\uff0c\u64d4\u5fc3\u53ef\u5426\u51fa\u8857\u3001\u53ef\u5426\u62ff\u51fa\u624b\u6a5f\u3001\u53ef\u5426\u8b1b\u4e00\u4e9b\u8aaa\u8a71\u3002\u5176\u4ed6\u7684\u884c\u70ba\u4ea6\u53ef\u96a8\u6642\u5c0e\u81f4\u4eba\u547d\u50b7\u4ea1\uff0c\u5305\u62ec\u5728\u9ad8\u7a7a\u64f2\u7269\u4ef6\u3001\u64f2\u6c7d\u6cb9\u5f48\u5165\u5730\u9435\u8eca\u5ec2\uff0c\u4ee5\u53ca\u5c07\u96dc\u7269\u64f2\u9032\u9435\u8def\u8def\u8ecc\uff0c\u90fd\u53ef\u7522\u751f\u5927\u91cf\u4eba\u547d\u50b7\u4ea1\u3002","",""],"section":"1","cat":"1","publish_datetime":"2019-11-11 18:01:00","vdo":{"cover_path":"","headline":"","id":"","video_path":""},"vid":{"cover_path":"","headline":"","id":"","video_path":""},"imgs":[{"path":"20191111\/_2019111119014718972_600.jpeg","caption":"\u6797\u912d\u6708\u5a25\u6703\u898b\u50b3\u5a92\u3002","isCover":0},{"path":"20191111\/_2019111118560627590_600.jpg","caption":"\u6797\u912d\u6708\u5a25\u6703\u898b\u50b3\u5a92\u3002","isCover":0}],"writer":{"columnTitle":"","columnistID":"","trait":"","writer":""},"layout":"4","keyword":["\u6797\u912d\u6708\u5a25"],"related_news":[{"id":"1128436","newsID":"","title":"\u3010\u5927\u68cb\u76e4\u3011\u6797\u912d\u679c\u771f\u300c\u7121\u5fc3\u6200\u6230\u300d\uff1f","content":"","section":"1","cat":"1","publish_datetime":"2019-11-04 10:23:00","vdo":{"cover_path":"","headline":"","id":"","video_path":""},"imgs":[{"path":"20191104\/_2019110410205586296_370.jpg","isCover":1}],"writer":{"columnTitle":"","columnistID":"","trait":"","writer":""},"layout":"1","share_link":""},{"id":"1128445","newsID":"","title":"\u3010\u5c08\u6b04\u3011\u5e73\u4e82\u8981\u5b78\u6f22\u666f\u5e1d","content":"","section":"1","cat":"1","publish_datetime":"2019-11-04 10:55:00","vdo":{"cover_path":"","headline":"","id":"","video_path":""},"imgs":[{"path":"20191104\/_2019110410354445875_370.jpg","isCover":1}],"writer":{"columnTitle":"","columnistID":"","trait":"","writer":""},"layout":"1","share_link":""},{"id":"1128982","newsID":"","title":"\u3010\u4fee\u4f8b\u98a8\u6ce2\u3011\u6c11\u4e3b\u6d3e\u4fc3\u6797\u912d\u5411\u97d3\u6b63\u8acb\u8fad  \u6279\u8b66\u65b9\u6feb\u6b0a\u6feb\u6355\u52a0\u5287","content":"","section":"1","cat":"1","publish_datetime":"2019-11-04 18:13:00","vdo":{"cover_path":"","headline":"","id":"","video_path":""},"imgs":[{"path":"20191104\/_2019110418372120138_370.jpg","isCover":1}],"writer":{"columnTitle":"","columnistID":"","trait":"","writer":""},"layout":"1","share_link":""},{"id":"1129132","newsID":"","title":"\u7fd2\u8fd1\u5e73\u6703\u898b\u6797\u912d \u7a31\u4e2d\u592e\u9ad8\u5ea6\u4fe1\u4efb\u4e26\u4e88\u5145\u5206\u80af\u5b9a","content":"","section":"1","cat":"1","publish_datetime":"2019-11-05 00:49:00","vdo":{"cover_path":"","headline":"","id":"","video_path":""},"imgs":[{"path":"20191105\/_2019110511304966666_370.jpg","isCover":1}],"writer":{"columnTitle":"","columnistID":"","trait":"","writer":""},"layout":"1","share_link":""},{"id":"1129280","newsID":"","title":"\u3010\u4fee\u4f8b\u98a8\u6ce2\u3011\u6307\u4e2d\u592e\u7121\u610f\u63db\u73ed\u5b50 \u8b5a\u8000\u5b97\uff1a\u64a4\u6797\u912d\u50b3\u805e\u4e0d\u653b\u81ea\u7834","content":"","section":"1","cat":"1","publish_datetime":"2019-11-05 10:22:00","vdo":{"cover_path":"","headline":"","id":"","video_path":""},"imgs":[{"path":"20191105\/_2019110510290456475_370.jpg","isCover":1}],"writer":{"columnTitle":"","columnistID":"","trait":"","writer":""},"layout":"1","share_link":""},{"id":"1129786","newsID":"","title":"\u5411\u79d1\u5927\u751f\u81f4\u6df1\u5207\u6170\u554f \u6797\u912d\u6708\u5a25\uff1a\u66ab\u4e0d\u80fd\u5c31\u5176\u53d7\u50b7\u539f\u56e0\u5984\u4e0b\u5b9a\u8ad6 ","content":"","section":"1","cat":"1","publish_datetime":"2019-11-05 18:34:00","vdo":{"cover_path":"","headline":"","id":"","video_path":""},"imgs":[{"path":"20191105\/_2019110518335413180_370.jpg","isCover":1}],"writer":{"columnTitle":"","columnistID":"","trait":"","writer":""},"layout":"1","share_link":""},{"id":"1130125","newsID":"","title":"\u3010\u4fee\u4f8b\u98a8\u6ce2\u3011\u97d3\u6b63\u80af\u5b9a\u6e2f\u5e9c\u8b66\u968a\u5de5\u4f5c \u5180\u6797\u912d\u5e36\u9818\u7ba1\u6cbb\u5718\u968a\u518d\u51fa\u767c","content":"","section":"1","cat":"1","publish_datetime":"2019-11-06 11:08:00","vdo":{"cover_path":"","headline":"","id":"","video_path":""},"imgs":[{"path":"20191106\/_2019110614304199952_370.jpg","isCover":1}],"writer":{"columnTitle":"","columnistID":"","trait":"","writer":""},"layout":"1","share_link":""},{"id":"1130687","newsID":"","title":"\u3010\u4f55\u541b\u582f\u9047\u8972\u3011\u6797\u912d\u6708\u5a25\uff1a\u6703\u76e1\u529b\u8209\u8fa6\u516c\u5e73\u516c\u6b63\u9078\u8209","content":"","section":"1","cat":"1","publish_datetime":"2019-11-06 18:47:00","vdo":{"cover_path":"","headline":"","id":"","video_path":""},"imgs":[{"path":"20191106\/_2019110618485130986_370.jpg","isCover":1}],"writer":{"columnTitle":"","columnistID":"","trait":"","writer":""},"layout":"1","share_link":""},{"id":"1130702","newsID":"","title":"\u6e2f\u4eba\u5927\u7063\u5340\u8cb7\u6a13\u9650\u5236\u7372\u8c41\u514d \u6797\u912d\u516c\u5e0316\u9805\u60e0\u6e2f\u63aa\u65bd","content":"","section":"1","cat":"1","publish_datetime":"2019-11-06 23:00:00","vdo":{"cover_path":"","headline":"","id":"","video_path":""},"imgs":[{"path":"20191106\/_2019110623244995069_370.jpg","isCover":1}],"writer":{"columnTitle":"","columnistID":"","trait":"","writer":""},"layout":"1","share_link":""},{"id":"1133015","newsID":"","title":"\u6797\u912d\u6708\u5a25\u5728\u79ae\u8cd3\u5e9c\u9589\u9580\u6388\u52f3","content":"","section":"1","cat":"1","publish_datetime":"2019-11-09 19:30:00","vdo":{"cover_path":"","headline":"","id":"","video_path":""},"imgs":[{"path":"20191109\/_2019110919373034484_370.jpg","isCover":1}],"writer":{"columnTitle":"","columnistID":"","trait":"","writer":""},"layout":"1","share_link":""}],"relevant_news":[],"topic":[],"share_link":"http:\/\/hd.stheadline.com\/news\/realtime\/hk\/1634422"}