{"id":"1134563","newsID":"","title":"\u3010\u5927\u4e09\u7f77\u3011\u570b\u6cf0\u7a7a\u670d\u54e1\u5de5\u6703\u7c72\u8003\u616e\u662f\u5426\u9069\u5408\u4e0a\u73ed \u8b74\u8cac\u8b66\u65b9\u904e\u5ea6\u6b66\u529b","content":["\u5927\u6279\u793a\u5a01\u8005\u5728\u591a\u5340\u5835\u8def\u7834\u58de\u7e31\u706b\uff0c\u8b66\u65b9\u6301\u7e8c\u5c55\u958b\u9a45\u6563\u3002\u570b\u6cf0\u822a\u7a7a\u7a7a\u4e2d\u670d\u52d9\u54e1\u5de5\u6703\u7406\u4e8b\u767c\u8868\u8072\u660e\uff0c\u6307\u9999\u6e2f\u73fe\u6642\u8655\u65bc\u6975\u5176\u7dca\u5f35\u53ca\u4e0d\u7a69\u5b9a\u4e4b\u6642\u5c40\uff0c\u5de5\u6703\u547c\u7c72\u5404\u6703\u54e1\u65bc\u4eca\u5929\u4ee5\u53ca\u7a0d\u5f8c\u65e5\u5b50\uff0c\u61c9\u8861\u91cf\u500b\u4eba\u5b89\u5168\u53ca\u5fc3\u7406\u72c0\u614b\uff0c\u4ee5\u6c7a\u5b9a\u662f\u5426\u9069\u5408\u4e0a\u73ed\u53ca\u5916\u51fa\u3002\u5728\u4e0d\u660e\u78ba\u7684\u60c5\u6cc1\u4e0b\uff0c\u70ba\u4fdd\u969c\u81ea\u8eab\u5b89\u5168\u60c5\u6cc1\uff0c\u61c9\u7acb\u5373\u806f\u7d61\u516c\u53f8\u3002\u003Cbr \/\u003E\u003Cbr \/\u003E\u5de5\u6703\u5f62\u5bb9\uff0c\u4eca\u65e9\u8b66\u65b9\u518d\u6b21\u65bc\u9999\u6e2f\u4e0d\u540c\u5730\u5340\u4f7f\u7528\u9ad8\u6bba\u50b7\u529b\u6b66\u5668\uff0c\u4f7f\u5e02\u6c11\u7121\u8ad6\u5728\u8857\u4e0a\u3001\u5b78\u6821\u3001\u751a\u81f3\u8eab\u8655\u5bb6\u4e2d\uff0c\u90fd\u9677\u65bc\u6975\u5ea6\u60f6\u6050\u7684\u72c0\u614b\u7576\u4e2d\u3002\u5de5\u6703\u5f37\u70c8\u8b74\u8cac\u8b66\u65b9\u7684\u57f7\u6cd5\u624b\u6bb5\uff0c\u5c24\u5176\u4eca\u65e9\u767c\u751f\u4e4b\u69cd\u64ca\u4e8b\u4ef6\uff0c\u5c0d\u9999\u6e2f\u5e02\u6c11\u4f7f\u7528\u6975\u4e0d\u5408\u7406\u7684\u904e\u4efd\u6b66\u529b\uff0c\u5be6\u5728\u4ee4\u4eba\u6df1\u611f\u61a4\u6012\u53ca\u907a\u61be\u3002\u003Cbr \/\u003E","",""],"section":"1","cat":"1","publish_datetime":"2019-11-11 22:09:00","vdo":{"cover_path":"","headline":"","id":"","video_path":""},"vid":{"cover_path":"","headline":"","id":"","video_path":""},"imgs":[{"path":"20191111\/_2019111122160174270_600.jpg","caption":"\u591a\u5340\u90fd\u7206\u767c\u6fc0\u70c8\u885d\u7a81\u3002","isCover":0},{"path":"20191111\/_2019111122160394835_600.jpg","caption":"\u591a\u5340\u90fd\u7206\u767c\u6fc0\u70c8\u885d\u7a81\u3002","isCover":0},{"path":"20191111\/_2019111122160437141_600.jpg","caption":"\u591a\u5340\u90fd\u7206\u767c\u6fc0\u70c8\u885d\u7a81\u3002","isCover":0}],"writer":{"columnTitle":"","columnistID":"","trait":"","writer":""},"layout":"4","keyword":["\u570b\u6cf0","\u793a\u5a01\u8005","\u7a7a\u670d\u54e1","\u5927\u4e09\u7f77","\u885d\u7a81","\u8b66\u65b9"],"related_news":[{"id":"1133900","newsID":"","title":"\u3010\u5927\u4e09\u7f77\u3011\u9ec3\u57d4\u3001\u89c0\u5858\u53ca\u99ac\u978d\u5c71\u7ad9\u95dc\u9589 \u8f15\u9435\u591a\u689d\u8def\u7dda\u505c\u99db ","content":"","section":"1","cat":"1","publish_datetime":"2019-11-11 17:54:00","vdo":{"cover_path":"","headline":"","id":"","video_path":""},"imgs":[{"path":"20191111\/_2019111116384792176_370.jpeg","isCover":1},{"path":"20191111\/_2019111115193013440_370.jpg","isCover":0},{"path":"20191111\/_2019111115193122959_370.jpg","isCover":0}],"writer":{"columnTitle":"","columnistID":"","trait":"","writer":""},"layout":"1","share_link":""},{"id":"1134050","newsID":"","title":"\u3010\u5927\u4e09\u7f77\u3011\u5168\u6e2f\u591a\u5340\u793a\u5a01\u8005\u5835\u8def \u5df4\u58eb\u5c0f\u5df4\u505c\u99db\u6539\u9053","content":"","section":"1","cat":"1","publish_datetime":"2019-11-11 17:57:00","vdo":{"cover_path":"","headline":"","id":"","video_path":""},"imgs":[{"path":"20191111\/_2019111114354696580_370.jpg","isCover":1}],"writer":{"columnTitle":"","columnistID":"","trait":"","writer":""},"layout":"1","share_link":""},{"id":"1134302","newsID":"","title":"\u3010\u5927\u4e09\u7f77\u3011\u6e2f\u5927\u4e2d\u5927\u7b49\u5ba3\u5e03\u660e\u65e5\u505c\u8ab2","content":"","section":"1","cat":"1","publish_datetime":"2019-11-11 18:41:00","vdo":{"cover_path":"","headline":"","id":"","video_path":""},"imgs":[{"path":"20191111\/_2019111118525863922_370.jpg","isCover":1}],"writer":{"columnTitle":"","columnistID":"","trait":"","writer":""},"layout":"1","share_link":""},{"id":"1134458","newsID":"","title":"\u3010\u5927\u4e09\u7f77\u3011\u5c6f\u9580\u3001\u6a02\u5bcc\u53ca\u8abf\u666f\u5dba\u7b49\u6e2f\u9435\u7ad9\u95dc\u9589","content":"","section":"1","cat":"1","publish_datetime":"2019-11-11 23:02:00","vdo":{"cover_path":"","headline":"","id":"","video_path":""},"imgs":[{"path":"20191111\/_2019111123065178618_370.jpg","isCover":1}],"writer":{"columnTitle":"","columnistID":"","trait":"","writer":""},"layout":"1","share_link":""},{"id":"1134494","newsID":"","title":"\u3010\u5927\u4e09\u7f77\u3011\u793a\u5a01\u8005\u65fa\u89d2\u639f\u6c7d\u6cb9\u5f48\u78da\u982d \u6cb9\u9ebb\u5730\u7ad9\u8d77\u706b","content":"","section":"1","cat":"1","publish_datetime":"2019-11-11 19:02:00","vdo":{"cover_path":"","headline":"","id":"","video_path":""},"imgs":[{"path":"20191111\/_2019111119521534497_370.jpg","isCover":1},{"path":"20191111\/_2019111119520991820_370.jpg","isCover":0},{"path":"20191111\/_2019111119521052547_370.jpg","isCover":0}],"writer":{"columnTitle":"","columnistID":"","trait":"","writer":""},"layout":"1","share_link":""},{"id":"1134506","newsID":"","title":"\u3010\u5927\u4e09\u7f77\u3011\u8b66\u65b9\u64ad\u653e\u88ab\u6355\u7591\u72af\u9003\u8dd1\u7247\u6bb5 \u88ab\u8cea\u7591\u662f\u5426\u4e2d\u69cd\u50b7\u8005","content":"","section":"1","cat":"1","publish_datetime":"2019-11-11 19:20:00","vdo":{"cover_path":"","headline":"","id":"","video_path":""},"imgs":[{"path":"20191111\/_2019111119491962507_370.jpg","isCover":1},{"path":"20191111\/_2019111119492079263_370.jpg","isCover":0},{"path":"20191111\/_2019111119434146885_370.jpg","isCover":0}],"writer":{"columnTitle":"","columnistID":"","trait":"","writer":""},"layout":"1","share_link":""},{"id":"1134515","newsID":"","title":"\u3010\u5927\u4e09\u7f77\u3011\u8b66\u54e1\u9032\u5165\u6559\u5802\u8ffd\u6355\u793a\u5a01\u8005 \u5929\u4e3b\u6559\u5340:\u5df2\u7121\u6cd5\u4fdd\u969c\u4e0d\u88ab\u902e\u6355","content":"","section":"1","cat":"1","publish_datetime":"2019-11-11 20:38:00","vdo":{"cover_path":"","headline":"","id":"","video_path":""},"imgs":[{"path":"20191111\/_2019111119452515765_370.jpeg","isCover":1}],"writer":{"columnTitle":"","columnistID":"","trait":"","writer":""},"layout":"1","share_link":""},{"id":"1134527","newsID":"","title":"\u3010\u5927\u4e09\u7f77\u3011\u6148\u5e7c\u4e2d\u5b78\u820a\u751f\u897f\u7063\u6cb3\u4e2d\u69cd \u6148\u5e7c\u6703\u75db\u5fc3\u8b74\u8cac\u8b66\u6feb\u7528\u6b66\u529b","content":"","section":"1","cat":"1","publish_datetime":"2019-11-11 19:48:00","vdo":{"cover_path":"","headline":"","id":"","video_path":""},"imgs":[{"path":"20191111\/_2019111120015092777_370.jpg","isCover":1}],"writer":{"columnTitle":"","columnistID":"","trait":"","writer":""},"layout":"1","share_link":""},{"id":"1134539","newsID":"","title":"\u3010\u5927\u4e09\u7f77\u3011\u7db2\u6c11\u865f\u53ec\u660e\u65e9\u9032\u884c\u300c\u7834\u66c9\u884c\u52d5\u300d \u52a0\u5f37\u7f77\u5de5\u7671\u7613\u4ea4\u901a","content":"","section":"1","cat":"1","publish_datetime":"2019-11-11 20:13:00","vdo":{"cover_path":"","headline":"","id":"","video_path":""},"imgs":[{"path":"20191111\/_2019111121013753620_370.jpeg","isCover":1}],"writer":{"columnTitle":"","columnistID":"","trait":"","writer":""},"layout":"1","share_link":""},{"id":"1134560","newsID":"","title":"\u3010\u5927\u4e09\u7f77\u3011\u65fa\u89d2\u793a\u5a01\u8005\u570d\u6bc6\u53f8\u6a5f\u53ca\u9014\u4eba \u9632\u66b4\u8b66\u50ac\u6dda\u5f48\u9a45\u6563","content":"","section":"1","cat":"1","publish_datetime":"2019-11-11 21:41:00","vdo":{"cover_path":"","headline":"","id":"","video_path":""},"imgs":[{"path":"20191111\/_2019111122222281578_370.jpg","isCover":1},{"path":"20191111\/_2019111121492471393_370.jpg","isCover":0},{"path":"20191111\/_2019111121492572846_370.jpg","isCover":0}],"writer":{"columnTitle":"","columnistID":"","trait":"","writer":""},"layout":"1","share_link":""}],"relevant_news":[],"topic":[],"share_link":"http:\/\/hd.stheadline.com\/news\/realtime\/hk\/1634563"}