{"id":"1134059","newsID":"","title":"\u8b20\u50b3\u9650\u5236\u5e02\u6c11\u6bcf\u65e5\u63d0\u6b3e \u91d1\u7ba1\u5c40\u5f37\u8abf\u7d55\u7121\u6b64\u4e8b","content":["\u7db2\u4e0a\u6709\u50b3\u57fa\u65bc\u5c40\u52e2\u4e0d\u7a69\uff0c\u653f\u5e9c\u6216\u6703\u505c\u5de5\u6703\u9650\u5236\u63d0\u6b3e\u4e0a\u9650\uff0c\u6bcf\u500b\u6236\u53e3\u6bcf\u65e5\u4e0a\u96506000\u5143\u3002\u5c31\u9650\u5236\u5e02\u6c11\u6bcf\u65e5\u63d0\u6b3e\u4e00\u4e8b\uff0c\u9999\u6e2f\u91d1\u878d\u7ba1\u7406\u5c40\u518d\u6b21\u5f37\u8abf\u7d55\u7121\u6b64\u4e8b\u3002\u91d1\u7ba1\u5c40\u91cd\u7533\uff0c\u672c\u6e2f\u9280\u884c\u9ad4\u7cfb\u5341\u5206\u7a69\u5065\uff0c\u9280\u884c\u6709\u5145\u8db3\u6d41\u52d5\u8cc7\u91d1\u61c9\u4ed8\u5e02\u6c11\u9700\u8981\u3002","",""],"section":"1","cat":"1","publish_datetime":"2019-11-11 14:39:00","vdo":{"cover_path":"","headline":"","id":"","video_path":""},"vid":{"cover_path":"","headline":"","id":"","video_path":""},"imgs":[{"path":"20191111\/_2019111114403432174_600.jpg","caption":"","isCover":0}],"writer":{"columnTitle":"","columnistID":"","trait":"","writer":""},"layout":"4","keyword":[],"related_news":[{"id":"1134146","newsID":"","title":"\u3010\u5927\u4e09\u7f77\u3011\u7d05\u68c9\u8def\u53ca\u5927\u6703\u5802\u5a5a\u59fb\u767b\u8a18\u8655\u5df2\u65bc\u4e0b\u53482\u6642\u95dc\u9589","content":"","section":"1","cat":"1","publish_datetime":"2019-11-11 15:11:00","vdo":{"cover_path":"","headline":"","id":"","video_path":""},"imgs":[{"path":"20191111\/_2019111115135098459_370.jpg","isCover":1}],"writer":{"columnTitle":"","columnistID":"","trait":"","writer":""},"layout":"1","share_link":""},{"id":"1134143","newsID":"","title":"\u3010\u5927\u4e09\u7f77\u3011\u8b66\u65b9\u4e0b\u5348\u53ec\u958b\u8a18\u8005\u6703","content":"","section":"1","cat":"1","publish_datetime":"2019-11-11 15:06:00","vdo":{"cover_path":"","headline":"","id":"","video_path":""},"imgs":[{"path":"20191111\/_2019111115102640049_370.jpg","isCover":1}],"writer":{"columnTitle":"","columnistID":"","trait":"","writer":""},"layout":"1","share_link":""},{"id":"1134137","newsID":"","title":"\u3010\u73fe\u5e02\u6cc1\u3011\u6052\u6307\u632b754\u9ede\u583126896 \u6210\u4ea4671\u5104\u5143","content":"","section":"1","cat":"6","publish_datetime":"2019-11-11 15:02:00","vdo":{"cover_path":"","headline":"","id":"","video_path":""},"imgs":[{"path":"20191111\/1134137_350642_20191111_370.jpg","isCover":1}],"writer":{"columnTitle":"","columnistID":"","trait":"","writer":""},"layout":"1","share_link":""},{"id":"1134035","newsID":"","title":"\u3010\u5927\u4e09\u7f77\u3011\u793a\u5a01\u8005\u7834\u58de\u4e2d\u74b0\u7ad9 \u6417\u4e82\u4e2d\u8cc7\u9280\u884c\u53ca\u98df\u8086","content":"","section":"1","cat":"1","publish_datetime":"2019-11-11 15:02:00","vdo":{"cover_path":"","headline":"","id":"","video_path":""},"imgs":[{"path":"20191111\/_2019111114291738843_370.jpg","isCover":1},{"path":"20191111\/_2019111114291855546_370.jpg","isCover":0},{"path":"20191111\/_2019111115030812681_370.jpg","isCover":0}],"writer":{"columnTitle":"","columnistID":"","trait":"","writer":""},"layout":"1","share_link":""}],"relevant_news":[],"topic":[],"share_link":"http:\/\/hd.stheadline.com\/news\/realtime\/hk\/1634059"}