{"id":"1134170","newsID":"","title":"\u3010\u5927\u4e09\u7f77\u3011\u91ab\u7ba1\u5c40\u6307\u622a\u81f3\u4e0b\u5348\u81f3\u5c1164\u4eba\u9001\u96622\u4eba\u5371\u6b86","content":["\u7db2\u6c11\u4eca\u65e9\u767c\u8d77\u300c\u4e09\u7f77\u300d\uff0c\u591a\u5340\u767c\u751f\u885d\u7a81\u3002\u4eca\u65e5\u5168\u6e2f\u591a\u5340\u5747\u6709\u5927\u578b\u516c\u773e\u6d3b\u52d5\uff0c\u91ab\u7ba1\u5c40\u8868\u793a\u622a\u81f3\u4eca\u53484\u6642\uff0c\u5168\u6e2f\u670964\u540d\u50b7\u8005\u9001\u9662\uff0c\u5e74\u9f61\u4ecb\u4e4e11\u81f361\u6b72\uff0c\u5176\u4e2d\u5df2\u9001\u5f80\u6771\u5340\u91ab\u9662\u768421\u6b72\u4e2d\u69cd\u7537\u5b50\u60c5\u6cc1\u4ecd\u7136\u5371\u6b86\uff0c\u4ea6\u67094\u75371\u5973\u60c5\u6cc1\u56b4\u91cd\u3002\u003Cbr \/\u003E\u003Cbr \/\u003E\u53e6\u5916\uff0c\u4e00\u540d57\u6b72\u7537\u5b50\u4eca\u5348\u5728\u99ac\u978d\u5c71\u88ab\u6dcb\u6f51\u6613\u71c3\u6db2\u9ad4\u4e26\u88ab\u9ede\u706b\uff0c\u77ac\u9593\u6210\u70ba\u300c\u706b\u4eba\u300d\uff0c\u4ed6\u88ab\u9001\u5f80\u5a01\u723e\u65af\u89aa\u738b\u91ab\u9662\uff0c\u60c5\u6cc1\u5371\u6b86\u3002\u003Cbr \/\u003E\u003Cbr \/\u003E\u003Cbr \/\u003E\u66f4\u65b0\u6642\u9593\uff1a2026\u003Cbr \/\u003E\u5efa\u7acb\u6642\u9593\uff1a1528","",""],"section":"1","cat":"1","publish_datetime":"2019-11-11 20:26:00","vdo":{"cover_path":"","headline":"","id":"","video_path":""},"vid":{"cover_path":"","headline":"","id":"","video_path":""},"imgs":[{"path":"20191111\/_2019111120530147286_600.jpeg","caption":"","isCover":0},{"path":"20191111\/_2019111115361438866_600.jpg","caption":"","isCover":0}],"writer":{"columnTitle":"","columnistID":"","trait":"","writer":""},"layout":"4","keyword":["\u4e09\u7f77"],"related_news":[{"id":"1081022","newsID":"","title":"\u3010\u9003\u72af\u689d\u4f8b\u3011\u5de5\u7e3d\u53cd\u5c0d\u300c\u4e09\u7f77\u300d \u6307\u6253\u64ca\u7d93\u6fdf\u53ca\u9752\u5c11\u5e74\u767c\u5c55","content":"","section":"1","cat":"1","publish_datetime":"2019-08-31 19:20:00","vdo":{"cover_path":"","headline":"","id":"","video_path":""},"imgs":[{"path":"20190831\/_2019083119230052895_370.jpg","isCover":1}],"writer":{"columnTitle":"","columnistID":"","trait":"","writer":""},"layout":"1","share_link":""},{"id":"1082921","newsID":"","title":"\u3010\u9003\u72af\u689d\u4f8b\u3011\u7b2c\u4e8c\u65e5\u91d1\u9418\u300c\u4e09\u7f77\u300d\u96c6\u6703 \u5e02\u6c11\u81ea\u88fd\u300c\u9999\u6e2f\u52a0\u6cb9\u300d\u5e03\u689d","content":"","section":"1","cat":"1","publish_datetime":"2019-09-03 15:58:00","vdo":{"cover_path":"","headline":"","id":"","video_path":""},"imgs":[{"path":"20190903\/_2019090316104135518_370.jpg","isCover":1},{"path":"20190903\/_2019090316020286452_370.jpg","isCover":0},{"path":"20190903\/_2019090316020169332_370.jpg","isCover":0}],"writer":{"columnTitle":"","columnistID":"","trait":"","writer":""},"layout":"1","share_link":""},{"id":"1091509","newsID":"","title":"\u3010\u4fee\u4f8b\u98a8\u6ce2\u301113\u9593\u5927\u5c08\u9662\u6821\u767c\u8072\u660e 10\u67081\u65e5\u8d77\u300c\u4e09\u7f77\u300d \u4e03\u5929","content":"","section":"1","cat":"1","publish_datetime":"2019-09-15 08:39:00","vdo":{"cover_path":"","headline":"","id":"","video_path":""},"imgs":[{"path":"20190915\/_2019091508455422194_370.jpg","isCover":1}],"writer":{"columnTitle":"","columnistID":"","trait":"","writer":""},"layout":"1","share_link":""}],"relevant_news":[],"topic":[],"share_link":"http:\/\/hd.stheadline.com\/news\/realtime\/hk\/1634170"}