{"id":"1134578","newsID":"","title":"\u3010\u5927\u4e09\u7f77\u3011\u793a\u5a01\u8005\u7e31\u706b\u8b66\u5c04\u50ac\u6dda\u5f48 \u5c6f\u9580\u7ad9\u95dc\u9589","content":["\u5168\u6e2f\u591a\u5340\u5165\u591c\u5f8c\u7206\u767c\u6fc0\u70c8\u885d\u7a81\uff0c\u6e2f\u9435\u5ba3\u5e03\uff0c\u56e0\u61c9\u5c6f\u9580\u7ad9\u6709\u66b4\u5f92\u4f01\u5716\u7834\u58de\u8eca\u7ad9\u8a2d\u65bd\uff0c\u8003\u616e\u5230\u4e58\u5ba2\u3001\u54e1\u5de5\u53ca\u9435\u8def\u8a2d\u65bd\u7684\u5b89\u5168\uff0c\u8eca\u7ad9\u81e8\u6642\u95dc\u9589\uff0c\u5217\u8eca\u4e0d\u505c\u5c6f\u9580\u7ad9\u3002\u003Cbr \/\u003E\u003Cbr \/\u003E\u665a\u4e0a10\u6642\uff0c\u5c6f\u9580\u9109\u4e8b\u6703\u8def\u8b66\u65b9\u6cbf\u8def\u6e05\u62c6\u8def\u969c\uff0c\u6709\u96dc\u7269\u8d77\u706b\uff0c\u6709\u793a\u5a01\u8005\u6295\u64f2\u6c7d\u6cb9\u5f48\u3002\u8b66\u65b9\u51fa\u793a\u9ed1\u65d7\u5f8c\uff0c\u767c\u5c04\u591a\u679a\u50ac\u6dda\u5f48\u3002\u003Cbr \/\u003E\u003Cbr \/\u003E\u665a\u4e0a\u8fd19\u6642\uff0c\u5c6f\u9580Vcity\u5546\u5834\u5c0d\u51fa\u6709\u5927\u6279\u9ed1\u8863\u8499\u9762\u793a\u5a01\u8005\u5835\u8def\uff0c\u671f\u9593\u5411\u9632\u66b4\u8b66\u6295\u64f2\u96dc\u7269\u53ca\u53eb\u56c2\uff0c\u9632\u66b4\u8b66\u65bd\u653e\u591a\u679a\u50ac\u6dda\u5f48\u9a45\u6563\uff0c\u793a\u5a01\u8005\u898b\u72c0\u56db\u6563\u3002\u003Cbr \/\u003E\u003Cbr \/\u003E\u5929\u6c34\u570d\u5929\u8000\u8def\u3001\u5929\u6e56\u8def\u4e00\u5e36\u6709\u793a\u5a01\u8005\u711a\u71d2\u96dc\u7269\u5835\u8def\uff0c\u4e26\u7834\u58de\u8f15\u9435\u7ad9\u8a2d\u65bd\u53ca\u5ee3\u544a\u724c\uff0c\u8def\u908a\u4e00\u500b\u96fb\u7bb1\u4ea6\u88ab\u7e31\u706b\uff0c\u50b3\u51fa\u7206\u70b8\u8072\u3002\u793a\u5a01\u8005\u53c8\u95d6\u5165\u5609\u6e56\u9280\u5ea7\u5546\u5834\uff0c\u5927\u8086\u7834\u58de\u9023\u9396\u96f6\u98df\u5e97\u512a\u54c1360\u7b49\u591a\u9593\u5546\u8216\u3002","",""],"section":"1","cat":"1","publish_datetime":"2019-11-11 22:40:00","vdo":{"cover_path":"","headline":"","id":"","video_path":""},"vid":{"cover_path":"","headline":"","id":"","video_path":""},"imgs":[{"path":"20191111\/_2019111122552512241_600.jpg","caption":"\u5c6f\u9580\u8b66\u65b9\u9a45\u6563\u793a\u5a01\u8005\u3002\u6709\u7dda\u65b0\u805e\u622a\u5716","isCover":0}],"writer":{"columnTitle":"","columnistID":"","trait":"","writer":""},"layout":"4","keyword":["\u5c6f\u9580","\u793a\u5a01\u8005","\u885d\u7a81","\u5927\u4e09\u7f77","\u50ac\u6dda\u5f48"],"related_news":[{"id":"1134302","newsID":"","title":"\u3010\u5927\u4e09\u7f77\u3011\u6e2f\u5927\u4e2d\u5927\u7b49\u5ba3\u5e03\u660e\u65e5\u505c\u8ab2","content":"","section":"1","cat":"1","publish_datetime":"2019-11-11 18:41:00","vdo":{"cover_path":"","headline":"","id":"","video_path":""},"imgs":[{"path":"20191111\/_2019111118525863922_370.jpg","isCover":1}],"writer":{"columnTitle":"","columnistID":"","trait":"","writer":""},"layout":"1","share_link":""},{"id":"1134458","newsID":"","title":"\u3010\u5927\u4e09\u7f77\u3011\u5c6f\u9580\u3001\u6a02\u5bcc\u53ca\u8abf\u666f\u5dba\u7b49\u6e2f\u9435\u7ad9\u95dc\u9589","content":"","section":"1","cat":"1","publish_datetime":"2019-11-11 23:02:00","vdo":{"cover_path":"","headline":"","id":"","video_path":""},"imgs":[{"path":"20191111\/_2019111123065178618_370.jpg","isCover":1}],"writer":{"columnTitle":"","columnistID":"","trait":"","writer":""},"layout":"1","share_link":""},{"id":"1134494","newsID":"","title":"\u3010\u5927\u4e09\u7f77\u3011\u793a\u5a01\u8005\u65fa\u89d2\u639f\u6c7d\u6cb9\u5f48\u78da\u982d \u6cb9\u9ebb\u5730\u7ad9\u8d77\u706b","content":"","section":"1","cat":"1","publish_datetime":"2019-11-11 19:02:00","vdo":{"cover_path":"","headline":"","id":"","video_path":""},"imgs":[{"path":"20191111\/_2019111119521534497_370.jpg","isCover":1},{"path":"20191111\/_2019111119520991820_370.jpg","isCover":0},{"path":"20191111\/_2019111119521052547_370.jpg","isCover":0}],"writer":{"columnTitle":"","columnistID":"","trait":"","writer":""},"layout":"1","share_link":""},{"id":"1134506","newsID":"","title":"\u3010\u5927\u4e09\u7f77\u3011\u8b66\u65b9\u64ad\u653e\u88ab\u6355\u7591\u72af\u9003\u8dd1\u7247\u6bb5 \u88ab\u8cea\u7591\u662f\u5426\u4e2d\u69cd\u50b7\u8005","content":"","section":"1","cat":"1","publish_datetime":"2019-11-11 19:20:00","vdo":{"cover_path":"","headline":"","id":"","video_path":""},"imgs":[{"path":"20191111\/_2019111119491962507_370.jpg","isCover":1},{"path":"20191111\/_2019111119492079263_370.jpg","isCover":0},{"path":"20191111\/_2019111119434146885_370.jpg","isCover":0}],"writer":{"columnTitle":"","columnistID":"","trait":"","writer":""},"layout":"1","share_link":""},{"id":"1134515","newsID":"","title":"\u3010\u5927\u4e09\u7f77\u3011\u8b66\u54e1\u9032\u5165\u6559\u5802\u8ffd\u6355\u793a\u5a01\u8005 \u5929\u4e3b\u6559\u5340:\u5df2\u7121\u6cd5\u4fdd\u969c\u4e0d\u88ab\u902e\u6355","content":"","section":"1","cat":"1","publish_datetime":"2019-11-11 20:38:00","vdo":{"cover_path":"","headline":"","id":"","video_path":""},"imgs":[{"path":"20191111\/_2019111119452515765_370.jpeg","isCover":1}],"writer":{"columnTitle":"","columnistID":"","trait":"","writer":""},"layout":"1","share_link":""},{"id":"1134527","newsID":"","title":"\u3010\u5927\u4e09\u7f77\u3011\u6148\u5e7c\u4e2d\u5b78\u820a\u751f\u897f\u7063\u6cb3\u4e2d\u69cd \u6148\u5e7c\u6703\u75db\u5fc3\u8b74\u8cac\u8b66\u6feb\u7528\u6b66\u529b","content":"","section":"1","cat":"1","publish_datetime":"2019-11-11 19:48:00","vdo":{"cover_path":"","headline":"","id":"","video_path":""},"imgs":[{"path":"20191111\/_2019111120015092777_370.jpg","isCover":1}],"writer":{"columnTitle":"","columnistID":"","trait":"","writer":""},"layout":"1","share_link":""},{"id":"1134539","newsID":"","title":"\u3010\u5927\u4e09\u7f77\u3011\u7db2\u6c11\u865f\u53ec\u660e\u65e9\u9032\u884c\u300c\u7834\u66c9\u884c\u52d5\u300d \u52a0\u5f37\u7f77\u5de5\u7671\u7613\u4ea4\u901a","content":"","section":"1","cat":"1","publish_datetime":"2019-11-11 20:13:00","vdo":{"cover_path":"","headline":"","id":"","video_path":""},"imgs":[{"path":"20191111\/_2019111121013753620_370.jpeg","isCover":1}],"writer":{"columnTitle":"","columnistID":"","trait":"","writer":""},"layout":"1","share_link":""},{"id":"1134560","newsID":"","title":"\u3010\u5927\u4e09\u7f77\u3011\u65fa\u89d2\u793a\u5a01\u8005\u570d\u6bc6\u53f8\u6a5f\u53ca\u9014\u4eba \u9632\u66b4\u8b66\u50ac\u6dda\u5f48\u9a45\u6563","content":"","section":"1","cat":"1","publish_datetime":"2019-11-11 21:41:00","vdo":{"cover_path":"","headline":"","id":"","video_path":""},"imgs":[{"path":"20191111\/_2019111122222281578_370.jpg","isCover":1},{"path":"20191111\/_2019111121492471393_370.jpg","isCover":0},{"path":"20191111\/_2019111121492572846_370.jpg","isCover":0}],"writer":{"columnTitle":"","columnistID":"","trait":"","writer":""},"layout":"1","share_link":""},{"id":"1134563","newsID":"","title":"\u3010\u5927\u4e09\u7f77\u3011\u570b\u6cf0\u7a7a\u670d\u54e1\u5de5\u6703\u7c72\u8003\u616e\u662f\u5426\u9069\u5408\u4e0a\u73ed \u8b74\u8cac\u8b66\u65b9\u904e\u5ea6\u6b66\u529b","content":"","section":"1","cat":"1","publish_datetime":"2019-11-11 22:09:00","vdo":{"cover_path":"","headline":"","id":"","video_path":""},"imgs":[{"path":"20191111\/_2019111122160174270_370.jpg","isCover":1},{"path":"20191111\/_2019111122160394835_370.jpg","isCover":0},{"path":"20191111\/_2019111122160437141_370.jpg","isCover":0}],"writer":{"columnTitle":"","columnistID":"","trait":"","writer":""},"layout":"1","share_link":""},{"id":"1134566","newsID":"","title":"\u3010\u4fee\u4f8b\u98a8\u6ce2\u3011\u6d88\u9632\u8655\u8b49\u5be62\u540d\u5c6c\u54e1\u6628\u88ab\u6355 \u4e0d\u6d89\u53c8\u4e00\u57ce\u300c\u6436\u72af\u300d","content":"","section":"1","cat":"1","publish_datetime":"2019-11-11 22:25:00","vdo":{"cover_path":"","headline":"","id":"","video_path":""},"imgs":[{"path":"20191111\/_2019111122384330863_370.jpg","isCover":1}],"writer":{"columnTitle":"","columnistID":"","trait":"","writer":""},"layout":"1","share_link":""}],"relevant_news":[],"topic":[],"share_link":"http:\/\/hd.stheadline.com\/news\/realtime\/hk\/1634578"}