{"id":"1134632","newsID":"","title":"\u3010\u4fee\u4f8b\u98a8\u6ce2\u3011\u6490\u8b66\u958b\u69cd\u300c\u751a\u9ebc\u90fd\u4e0d\u7528\u6015\u300d \u80e1\u932b\u9032\uff1a\u6b66\u8b66\u89e3\u653e\u8ecd\u96a8\u6642\u589e\u63f4","content":["\u4e00\u540d\u4ea4\u8b66\u6628\u65e5\u958b\u69cd\u64ca\u4e2d\u4e00\u540d\u9ed1\u8863\u9752\u5e74\uff0c\u300a\u74b0\u7403\u6642\u5831\u300b\u7e3d\u7de8\u8f2f\u80e1\u932b\u9032\u6628\u65e5\u5728\u5fae\u535a\u8a55\u8ad6\u4e8b\u4ef6\u6642\u8868\u793a\u300c\u5805\u6c7a\u652f\u6301\u8b66\u65b9\u958b\u69cd\u64ca\u5012\u66b4\u5f92\u300d\uff0c\u76f4\u8a00\u9999\u6e2f\u8b66\u5bdf\u300c\u751a\u9ebc\u90fd\u4e0d\u7528\u6015\u300d\uff0c\u8b66\u65b9\u80cc\u5f8c\u9084\u6709\u611b\u570b\u540c\u80de\uff0c\u751a\u81f3\u6b66\u8b66\u8207\u89e3\u653e\u8ecd\uff0c\u300c\u5fc5\u8981\u6642\u96a8\u6642\u53ef\u4ee5\u6309\u7167\u300a\u57fa\u672c\u6cd5\u300b\u898f\u5b9a\u9032\u5165\u9999\u6e2f\u76f4\u63a5\u589e\u63f4\u300d\u3002\u003Cbr \/\u003E\u003Cbr \/\u003E\u80e1\u932b\u9032\u6279\u8a55\u9999\u6e2f\u5a92\u9ad4\u548c\u897f\u65b9\u5a92\u9ad4\u53ea\u628a\u7126\u9ede\u5168\u90fd\u96c6\u4e2d\u5728\u8b66\u54e1\u958b\u69cd\u4e0a\uff0c\u6de1\u5316\u6fc0\u9032\u793a\u5a01\u8005\u7684\u9055\u6cd5\u72af\u7f6a\u60e1\u884c\uff0c\u300c\u9019\u6a23\u7684\u8f3f\u8ad6\u5f15\u5c0e\u4ee4\u4eba\u611f\u5230\u5641\u5fc3\u300d\u3002\u4ed6\u53c8\u6307\u7576\u6642\u662f\u8b66\u54e1\u300c\u4e00\u4eba\u9762\u5c0d\u591a\u540d\u66b4\u5f92\u300d\uff0c\u300c\u9762\u81e8\u88ab\u6436\u69cd\u3001\u66b4\u6253\u7684\u5a01\u8105\u300d\uff0c\u8b66\u54e1\u66fe\u8b66\u544a\u4e0d\u5f97\u9760\u8fd1\uff0c\u4f46\u5f8c\u8005\u7121\u8996\u8b66\u544a\uff0c\u8b66\u54e1\u624d\u958b\u69cd\u3002\u003Cbr \/\u003E\u003Cbr \/\u003E\u80e1\u932b\u9032\u8868\u793a\u5fc5\u9808\u4fdd\u969c\u9019\u540d\u8b66\u5bdf\u548c\u5176\u59bb\u5973\u7684\u5b89\u5168\uff0c\u76f4\u8a00\u5982\u679c\u9999\u6e2f\u96e3\u4ee5\u505a\u5230\uff0c\u5247\u5167\u5730\u793e\u6703\u5c31\u61c9\u4ee5\u5fc5\u8981\u7684\u65b9\u5f0f\u70ba\u4ed6\u5011\u63d0\u4f9b\u5b89\u5168\u4fdd\u969c\uff0c\u300c\u6c7a\u4e0d\u80fd\u8b93\u5805\u5b88\u5728\u4e00\u7dab\u7684\u9999\u6e2f\u8b66\u5bdf\u7684\u89aa\u4eba\u5011\uff0c\u906d\u5230\u66b4\u5f92\u6240\u5a01\u8105\u7684\u5831\u5fa9\u300d\uff0c\u4ed6\u6700\u5f8c\u5949\u52f8\u66b4\u529b\u5206\u5b50\u505c\u6b62\u884c\u52d5\uff0c\u5426\u5247\u300c\u5929\u548c\u6cd5\u5fc5\u5c07\u5c0d\u4f60\u5011\u5171\u6ec5\u4e4b\u300d\u3002","",""],"section":"1","cat":"1","publish_datetime":"2019-11-12 07:08:00","vdo":{"cover_path":"","headline":"","id":"","video_path":""},"vid":{"cover_path":"","headline":"","id":"","video_path":""},"imgs":[{"path":"20191112\/_2019111207121033824_600.jpg","caption":"\u80e1\u932b\u9032\u5728\u5fae\u535a\u8a55\u8ad6\u8b66\u54e1\u958b\u69cd\u4e8b\u4ef6\u6642\uff0c\u8868\u660e\u81ea\u5df1\u300c\u5805\u6c7a\u652f\u6301\u8b66\u65b9\u958b\u69cd\u64ca\u5012\u66b4\u5f92\u300d\u3002\u8cc7\u6599\u5716\u7247","isCover":0}],"writer":{"columnTitle":"","columnistID":"","trait":"","writer":""},"layout":"4","keyword":["\u4fee\u4f8b\u98a8\u6ce2","\u958b\u69cd","\u80e1\u932b\u9032"],"related_news":[{"id":"1134017","newsID":"","title":"\u7db2\u50b3\u5be6\u65bd\u7dca\u6025\u6cd5\u505c\u5de5\u505c\u5dff\u505c\u5b78 \u6e2f\u5e9c\u6f84\u6e05\u7d55\u7121\u5176\u4e8b","content":"","section":"1","cat":"1","publish_datetime":"2019-11-11 14:15:00","vdo":{"cover_path":"","headline":"","id":"","video_path":""},"imgs":[{"path":"20191111\/_2019111114291736760_370.jpeg","isCover":1}],"writer":{"columnTitle":"","columnistID":"","trait":"","writer":""},"layout":"1","share_link":""},{"id":"1134035","newsID":"","title":"\u3010\u5927\u4e09\u7f77\u3011\u793a\u5a01\u8005\u7834\u58de\u4e2d\u74b0\u7ad9 \u98df\u8086\u6417\u4e82\u4e2d\u8cc7\u9280\u884c\u7e31\u706b","content":"","section":"1","cat":"1","publish_datetime":"2019-11-11 15:45:00","vdo":{"cover_path":"","headline":"","id":"","video_path":""},"imgs":[{"path":"20191111\/_2019111116361678883_370.jpeg","isCover":1},{"path":"20191111\/_2019111116361719381_370.jpeg","isCover":0},{"path":"20191111\/_2019111116361896475_370.jpeg","isCover":0}],"writer":{"columnTitle":"","columnistID":"","trait":"","writer":""},"layout":"1","share_link":""},{"id":"1134056","newsID":"","title":"\u793e\u6703\u5c40\u52e2\u4e0d\u7a69 \u6e2f\u80a1\u5348\u5f8c\u6025\u632b\u903e800\u9ede","content":"","section":"1","cat":"1","publish_datetime":"2019-11-11 14:36:00","vdo":{"cover_path":"","headline":"","id":"","video_path":""},"imgs":[{"path":"20191111\/_2019111114375854812_370.jpg","isCover":1}],"writer":{"columnTitle":"","columnistID":"","trait":"","writer":""},"layout":"1","share_link":""},{"id":"1134152","newsID":"","title":"\u3010\u5927\u4e09\u7f77\u3011\u897f\u7063\u6cb3\u793a\u5a01\u8005\u50be\u5012\u96fb\u6cb9 \u6709\u5e02\u6c11\u88ab\u6f51\u6db2\u9ad4","content":"","section":"1","cat":"1","publish_datetime":"2019-11-11 15:14:00","vdo":{"cover_path":"","headline":"","id":"","video_path":""},"imgs":[{"path":"20191111\/_2019111115181472247_370.jpg","isCover":1}],"writer":{"columnTitle":"","columnistID":"","trait":"","writer":""},"layout":"1","share_link":""},{"id":"1134329","newsID":"","title":"\u3010\u4fee\u4f8b\u98a8\u6ce2\u3011\u5a66\u5973\u7d44\u7e54\u95dc\u6ce8\u5c11\u5973\u7a31\u88ab\u8b66\u8f2a\u59e6 \u5c0d\u8b66\u65b9\u516c\u958b\u62b9\u9ed1\u53d7\u5bb3\u4eba\u611f\u9707\u9a5a","content":"","section":"1","cat":"1","publish_datetime":"2019-11-11 17:02:00","vdo":{"cover_path":"","headline":"","id":"","video_path":""},"imgs":[{"path":"20191111\/_2019111117054182337_370.jpg","isCover":1}],"writer":{"columnTitle":"","columnistID":"","trait":"","writer":""},"layout":"1","share_link":""},{"id":"1134338","newsID":"","title":"\u3010\u5927\u4e09\u7f77\u3011\u8b66\u65b9\u5426\u8a8d\u53c8\u4e00\u57ce\u6709\u4eba\u6b7b\u4ea1 \u8b66\u7f72\u7247\u6bb5\u7121\u767c\u73fe\u6307\u63a7\u5f37\u59e6\u5973\u5b50","content":"","section":"1","cat":"1","publish_datetime":"2019-11-11 16:59:00","vdo":{"cover_path":"","headline":"","id":"","video_path":""},"imgs":[{"path":"20191111\/_2019111117315236149_370.jpg","isCover":1},{"path":"20191111\/_2019111117315367511_370.jpg","isCover":0},{"path":"20191111\/_2019111117044161596_370.jpg","isCover":0}],"writer":{"columnTitle":"","columnistID":"","trait":"","writer":""},"layout":"1","share_link":""},{"id":"1134374","newsID":"","title":"\u3010\u4fee\u4f8b\u98a8\u6ce2\u3011\u5468\u6893\u6a02\u96e2\u4e16 \u6bcd\u6821\u5ba3\u57fa\u4e2d\u5b78\u4fc3\u7368\u7acb\u8abf\u67e5\u53ca\u6b7b\u56e0\u784f\u8a0a","content":"","section":"1","cat":"1","publish_datetime":"2019-11-11 17:55:00","vdo":{"cover_path":"","headline":"","id":"","video_path":""},"imgs":[{"path":"20191111\/_2019111117332135276_370.jpg","isCover":1}],"writer":{"columnTitle":"","columnistID":"","trait":"","writer":""},"layout":"1","share_link":""},{"id":"1134617","newsID":"","title":"\u3010\u5927\u4e09\u7f77\u3011\u8b66\u9577\u300c\u88ab\u8d77\u5e95\u300d \u5973\u5152\u5c31\u8b80\u5c0f\u5b78\u6025\u505c\u8ab2","content":"","section":"1","cat":"1","publish_datetime":"2019-11-12 06:44:00","vdo":{"cover_path":"","headline":"","id":"","video_path":""},"imgs":[{"path":"20191112\/_2019111206484062511_370.jpg","isCover":1}],"writer":{"columnTitle":"","columnistID":"","trait":"","writer":""},"layout":"1","share_link":""},{"id":"1134620","newsID":"","title":"\u3010\u4fee\u4f8b\u98a8\u6ce2\u3011\u5587\u6c99\u7981\u5b78\u751f\u6821\u5167\u9055\u6cd5\u96c6\u6703 \u5fb9\u67e5\u9678\u904b\u6703\u5e2b\u751f\u885d\u7a81\u4e8b\u4ef6","content":"","section":"1","cat":"1","publish_datetime":"2019-11-12 06:50:00","vdo":{"cover_path":"","headline":"","id":"","video_path":""},"imgs":[{"path":"20191112\/_2019111206525168809_370.jpeg","isCover":1}],"writer":{"columnTitle":"","columnistID":"","trait":"","writer":""},"layout":"1","share_link":""},{"id":"1134623","newsID":"","title":"\u3010\u5c08\u6b04\u3011\u53cd\u4fee\u4f8b\u904b\u52d5\u6f38\u5931\u570b\u969b\u652f\u6301","content":"","section":"1","cat":"1","publish_datetime":"2019-11-12 06:54:00","vdo":{"cover_path":"","headline":"","id":"","video_path":""},"imgs":[{"path":"20191112\/_2019111206593915640_370.jpg","isCover":1}],"writer":{"columnTitle":"","columnistID":"","trait":"","writer":""},"layout":"1","share_link":""}],"relevant_news":[],"topic":[],"share_link":"http:\/\/hd.stheadline.com\/news\/realtime\/hk\/1634632"}