{"id":"1134626","newsID":"","title":"\u3010\u5927\u4e09\u7f77\u3011\u65fa\u89d2\u7fe0\u83ef\u906d\u7834\u58de \u8a2d\u5099\u73bb\u7483\u640d\u6bc0","content":["\u65fa\u89d2\u7835\u862d\u8857244\u865f\u7fe0\u83ef\u9910\u5ef3\u51cc\u6668\u96f6\u6642\u8a31\uff0c\u88ab\u591a\u540d\u9ed1\u8863\u4eba\u95d6\u5165\u7834\u58de\uff0c\u5e97\u5167\u67b1\u51f3\u7897\u789f\u88ab\u63a8\u7ffb\u5730\u4e0a\u640d\u6bc0\uff0c\u6ae5\u7a97\u73bb\u7483\u640d\u6bc0\uff0c\u96fb\u8996\u87a2\u5e55\u788e\u88c2\uff0c\u5e97\u5167\u5176\u5f8c\u50b3\u51fa\u706b\u5149\uff0c\u6d88\u9632\u54e1\u7a0d\u5f8c\u8d95\u81f3\u73fe\u5834\u64b2\u7184\u3002\u53e6\u5916\uff0c\u9644\u8fd1\u7835\u862d\u8857\u5976\u8def\u81e3\u8857\u4ea4\u754c\u4e00\u500b\u4ea4\u901a\u71c8\u96fb\u7bb1\u8d77\u706b\uff0c\u6d88\u9632\u54e1\u8d95\u81f3\u958b\u5589\u5c07\u706b\u6551\u7184\uff0c\u96fb\u7bb1\u56b4\u91cd\u640d\u6bc0\u3002","",""],"section":"1","cat":"1","publish_datetime":"2019-11-12 06:58:00","vdo":{"cover_path":"","headline":"","id":"","video_path":""},"vid":{"cover_path":"","headline":"","id":"","video_path":""},"imgs":[{"path":"20191112\/_2019111207023238120_600.jpg","caption":"\u65fa\u89d2\u7fe0\u83ef\u906d\u7834\u58de\u3002","isCover":0},{"path":"20191112\/_2019111207023325951_600.jpg","caption":"\u65fa\u89d2\u7fe0\u83ef\u906d\u7834\u58de\u3002","isCover":0},{"path":"20191112\/_2019111207023582633_600.jpg","caption":"\u65fa\u89d2\u7fe0\u83ef\u906d\u7834\u58de\u3002","isCover":0}],"writer":{"columnTitle":"","columnistID":"","trait":"","writer":""},"layout":"4","keyword":["\u5927\u4e09\u7f77","\u7fe0\u83ef"],"related_news":[{"id":"1133900","newsID":"","title":"\u3010\u5927\u4e09\u7f77\u3011\u9ec3\u57d4\u3001\u89c0\u5858\u53ca\u99ac\u978d\u5c71\u7ad9\u95dc\u9589 \u8f15\u9435\u591a\u689d\u8def\u7dda\u505c\u99db ","content":"","section":"1","cat":"1","publish_datetime":"2019-11-11 17:54:00","vdo":{"cover_path":"","headline":"","id":"","video_path":""},"imgs":[{"path":"20191111\/_2019111116384792176_370.jpeg","isCover":1},{"path":"20191111\/_2019111115193013440_370.jpg","isCover":0},{"path":"20191111\/_2019111115193122959_370.jpg","isCover":0}],"writer":{"columnTitle":"","columnistID":"","trait":"","writer":""},"layout":"1","share_link":""},{"id":"1134302","newsID":"","title":"\u3010\u5927\u4e09\u7f77\u3011\u6e2f\u5927\u4e2d\u5927\u7b49\u5ba3\u5e03\u660e\u65e5\u505c\u8ab2","content":"","section":"1","cat":"1","publish_datetime":"2019-11-11 18:41:00","vdo":{"cover_path":"","headline":"","id":"","video_path":""},"imgs":[{"path":"20191111\/_2019111118525863922_370.jpg","isCover":1}],"writer":{"columnTitle":"","columnistID":"","trait":"","writer":""},"layout":"1","share_link":""},{"id":"1134515","newsID":"","title":"\u3010\u5927\u4e09\u7f77\u3011\u8b66\u54e1\u9032\u5165\u6559\u5802\u8ffd\u6355\u793a\u5a01\u8005 \u5929\u4e3b\u6559\u5340:\u5df2\u7121\u6cd5\u4fdd\u969c\u4e0d\u88ab\u902e\u6355","content":"","section":"1","cat":"1","publish_datetime":"2019-11-11 20:38:00","vdo":{"cover_path":"","headline":"","id":"","video_path":""},"imgs":[{"path":"20191111\/_2019111119452515765_370.jpeg","isCover":1}],"writer":{"columnTitle":"","columnistID":"","trait":"","writer":""},"layout":"1","share_link":""},{"id":"1134527","newsID":"","title":"\u3010\u5927\u4e09\u7f77\u3011\u6148\u5e7c\u4e2d\u5b78\u820a\u751f\u897f\u7063\u6cb3\u4e2d\u69cd \u6148\u5e7c\u6703\u75db\u5fc3\u8b74\u8cac\u8b66\u6feb\u7528\u6b66\u529b","content":"","section":"1","cat":"1","publish_datetime":"2019-11-11 19:48:00","vdo":{"cover_path":"","headline":"","id":"","video_path":""},"imgs":[{"path":"20191111\/_2019111120015092777_370.jpg","isCover":1}],"writer":{"columnTitle":"","columnistID":"","trait":"","writer":""},"layout":"1","share_link":""},{"id":"1134563","newsID":"","title":"\u3010\u5927\u4e09\u7f77\u3011\u570b\u6cf0\u7a7a\u670d\u54e1\u5de5\u6703\u7c72\u8003\u616e\u662f\u5426\u9069\u5408\u4e0a\u73ed \u8b74\u8cac\u8b66\u65b9\u904e\u5ea6\u6b66\u529b","content":"","section":"1","cat":"1","publish_datetime":"2019-11-11 22:09:00","vdo":{"cover_path":"","headline":"","id":"","video_path":""},"imgs":[{"path":"20191111\/_2019111122160174270_370.jpg","isCover":1},{"path":"20191111\/_2019111122160394835_370.jpg","isCover":0},{"path":"20191111\/_2019111122160437141_370.jpg","isCover":0}],"writer":{"columnTitle":"","columnistID":"","trait":"","writer":""},"layout":"1","share_link":""},{"id":"1134578","newsID":"","title":"\u3010\u5927\u4e09\u7f77\u3011\u793a\u5a01\u8005\u7e31\u706b\u8b66\u5c04\u50ac\u6dda\u5f48 \u5c6f\u9580\u7ad9\u95dc\u9589","content":"","section":"1","cat":"1","publish_datetime":"2019-11-11 22:40:00","vdo":{"cover_path":"","headline":"","id":"","video_path":""},"imgs":[{"path":"20191111\/_2019111122552512241_370.jpg","isCover":1}],"writer":{"columnTitle":"","columnistID":"","trait":"","writer":""},"layout":"1","share_link":""},{"id":"1134584","newsID":"","title":"\u3010\u5927\u4e09\u7f77\u3011\u8b66\u65b9\u65fa\u89d2\u5bc6\u96c6\u767c\u5c04\u50ac\u6dda\u5f48 \u8a18\u8005\u80cc\u90e8\u64ca\u4e2d\u71d9\u50b7","content":"","section":"1","cat":"1","publish_datetime":"2019-11-11 23:08:00","vdo":{"cover_path":"","headline":"","id":"","video_path":""},"imgs":[{"path":"20191111\/_2019111123174794443_370.jpg","isCover":1},{"path":"20191111\/_2019111123174841161_370.jpg","isCover":0},{"path":"20191111\/_2019111123174956858_370.jpg","isCover":0}],"writer":{"columnTitle":"","columnistID":"","trait":"","writer":""},"layout":"1","share_link":""},{"id":"1134599","newsID":"","title":"\u3010\u5927\u4e09\u7f77\u3011\u793a\u5a01\u8005\u5927\u8086\u7834\u58de\u65fa\u89d2\u7fe0\u83ef\u53ca\u592a\u8208 \u7e31\u706b\u71d2\u8def\u969c\u50b3\u7206\u70b8","content":"","section":"1","cat":"1","publish_datetime":"2019-11-11 23:33:00","vdo":{"cover_path":"","headline":"","id":"","video_path":""},"imgs":[{"path":"20191111\/_2019111123431151295_370.jpg","isCover":1},{"path":"20191111\/_2019111123430760433_370.jpg","isCover":0},{"path":"20191111\/_2019111123430444480_370.jpg","isCover":0}],"writer":{"columnTitle":"","columnistID":"","trait":"","writer":""},"layout":"1","share_link":""},{"id":"1134605","newsID":"","title":"\u3010\u5927\u4e09\u7f77\u3011\u8b66\u65b9:\u5168\u65e5\u62d8\u6355\u8d85\u904e260\u4eba","content":"","section":"1","cat":"1","publish_datetime":"2019-11-11 23:58:00","vdo":{"cover_path":"","headline":"","id":"","video_path":""},"imgs":[{"path":"20191112\/_2019111200124957204_370.jpeg","isCover":1},{"path":"20191112\/_2019111200125065858_370.jpeg","isCover":0},{"path":"20191112\/_2019111200125231811_370.jpeg","isCover":0}],"writer":{"columnTitle":"","columnistID":"","trait":"","writer":""},"layout":"1","share_link":""},{"id":"1134611","newsID":"","title":"\u3010\u5927\u4e09\u7f77\u3011\u6e2f\u9435\u897f\u7063\u6cb3\u53ca\u8475\u82b3\u7ad9\u95dc\u9589 \u591a\u689d\u5df4\u58eb\u7dda\u505c\u99db\u6539\u9053","content":"","section":"1","cat":"1","publish_datetime":"2019-11-12 06:30:00","vdo":{"cover_path":"","headline":"","id":"","video_path":""},"imgs":[{"path":"20191112\/_2019111206350853620_370.jpg","isCover":1}],"writer":{"columnTitle":"","columnistID":"","trait":"","writer":""},"layout":"1","share_link":""}],"relevant_news":[],"topic":[],"share_link":"http:\/\/hd.stheadline.com\/news\/realtime\/hk\/1634626"}