{"id":"1134467","newsID":"","title":"\u3010\u5927\u4e09\u7f77\u3011\u6797\u912d\uff1a\u8b66\u54e1\u300c\u958b\u9999\u6ab3\u300d\u8a00\u8ad6\u4e0d\u9069\u7576 \u6709\u6a5f\u5236\u5c0b\u5468\u6893\u6a02\u6b7b\u56e0","content":["\u884c\u653f\u9577\u5b98\u6797\u912d\u6708\u5a25\u508d\u665a\u56de\u61c9\u65bc\u5c07\u8ecd\u6fb3\u505c\u8eca\u5834\u58ae\u4e0b\u91cd\u50b7\u96e2\u4e16\u7684\u79d1\u5927\u5b78\u751f\u5468\u6893\u6a02\u500b\u6848\u6642\uff0c\u8868\u793a\u975e\u5e38\u50b7\u5fc3\u3001\u975e\u5e38\u96e3\u904e\uff0c\u5b8c\u5168\u652f\u6301\u627e\u51fa\u771f\u76f8\uff0c\u6709\u65e2\u5b9a\u6cd5\u5b9a\u6a5f\u5236\uff0c\u53bb\u9032\u884c\u6b7b\u56e0\u7814\u8a0a\u3002\u5979\u6307\uff0c\u60b2\u5287\u4e00\u5b97\u90fd\u4e0d\u60f3\u767c\u751f\uff0c\u547c\u7c72\u4e0d\u8981\u63a5\u8fd1\u66b4\u529b\u3002\u003Cbr \/\u003E\u003Cbr \/\u003E\u5c0d\u65bc\u6709\u8b66\u54e1\u8aaa\u904e\u300c\u4eca\u65e5\u958b\u9999\u6ab3\u6176\u795d\u300d\uff0c\u5979\u6307\uff0c\u5982\u679c\u8b66\u54e1\u6709\u4e0d\u9069\u7576\u8aaa\u8a71\uff0c\u5979\u672c\u4eba\u89ba\u5f97\u597d\u4e0d\u9069\u7576\uff0c\u8b66\u65b9\u5df2\u7d93\u4f5c\u51fa\u8a13\u65a5\u3002\u4e0d\u80fd\u4ee5\u500b\u5225\u4e8b\u4ef6\u53bb\u5f62\u5bb9\u70ba\u8b66\u968a\u5931\u63a7\uff0c\u8a8d\u70ba3\u842c\u591a\u8b66\u54e1\u662f\u7dad\u6301\u6cd5\u6cbb\u91cd\u8981\u652f\u67f1\u3002\u5979\u53c8\u53cd\u554f\uff0c\u5982\u679c\u56e0\u70ba\u500b\u5225\u4eba\u54e1\u884c\u70ba\u5c31\u53e3\u865f\u5f0f\u8981\u6c42\u89e3\u6563\u8b66\u968a\uff0c\u9999\u6e2f\u6703\u8b8a\u6210\u600e\u6a23\u57ce\u5e02\u3002","",""],"section":"1","cat":"1","publish_datetime":"2019-11-11 18:24:00","vdo":{"cover_path":"","headline":"","id":"","video_path":""},"vid":{"cover_path":"","headline":"","id":"","video_path":""},"imgs":[{"path":"20191111\/_2019111118521343691_600.jpg","caption":"\u6797\u912d\u6708\u5a25\u6307\u6709\u6a5f\u5236\u5c0b\u627e\u79d1\u5927\u5b78\u751f\u5468\u6893\u6a02\uff08\u5716\u4e2d\uff09\u6b7b\u4ea1\u771f\u76f8\u3002\u8cc7\u6599\u5716\u7247","isCover":0}],"writer":{"columnTitle":"","columnistID":"","trait":"","writer":""},"layout":"4","keyword":["\u6797\u912d\u6708\u5a25","\u8a18\u8005\u6703","\u5468\u6893\u6a02"],"related_news":[{"id":"1132955","newsID":"","title":"\u3010\u4fee\u4f8b\u98a8\u6ce2\u3011\u4e3b\u8fa6\u65b9\uff1a10\u842c\u4eba\u53c3\u8207\u6dfb\u99ac\u96c6\u6703 \u8b66\u65b9\u6307\u6700\u9ad8\u5cf0\u67097500\u4eba","content":"","section":"1","cat":"1","publish_datetime":"2019-11-09 22:17:00","vdo":{"cover_path":"","headline":"","id":"","video_path":""},"imgs":[{"path":"20191109\/_2019110918485748643_370.jpg","isCover":1},{"path":"20191109\/_2019110918194368792_370.jpg","isCover":0},{"path":"20191109\/_2019110918485821498_370.jpg","isCover":0}],"writer":{"columnTitle":"","columnistID":"","trait":"","writer":""},"layout":"1","share_link":""},{"id":"1132958","newsID":"","title":"\u3010\u4fee\u4f8b\u98a8\u6ce2\u3011\u5468\u6893\u6a02\u53cb\u4eba\u8cea\u7591\u8b66\u963b\u6551\u63f4 \u6c11\u9593\u8a18\u8005\u6703\u65a5\u8b66\u8a00\u8a9e\u524d\u5f8c\u4e0d\u4e00","content":"","section":"1","cat":"1","publish_datetime":"2019-11-09 17:29:00","vdo":{"cover_path":"","headline":"","id":"","video_path":""},"imgs":[{"path":"20191109\/_2019110917303846516_370.jpg","isCover":1}],"writer":{"columnTitle":"","columnistID":"","trait":"","writer":""},"layout":"1","share_link":""},{"id":"1132964","newsID":"","title":"\u9673\u8087\u59cb\u627f\u8a8d\u5c0d\u50ac\u6dda\u7159\u6210\u4efd\u8a8d\u77e5\u6709\u9650 \u5e74\u5bb5\u4e0d\u8a2d\u4e7e\u8ca8\u8003\u616e\u793e\u6703\u72c0\u6cc1","content":"","section":"1","cat":"1","publish_datetime":"2019-11-09 19:50:00","vdo":{"cover_path":"","headline":"","id":"","video_path":""},"imgs":[{"path":"20191109\/_2019110919521948472_370.jpg","isCover":1},{"path":"20191109\/_2019110917423675417_370.jpg","isCover":0},{"path":"20191109\/_2019110917482475953_370.jpg","isCover":0}],"writer":{"columnTitle":"","columnistID":"","trait":"","writer":""},"layout":"1","share_link":""},{"id":"1133015","newsID":"","title":"\u6797\u912d\u6708\u5a25\u5728\u79ae\u8cd3\u5e9c\u9589\u9580\u6388\u52f3","content":"","section":"1","cat":"1","publish_datetime":"2019-11-09 19:30:00","vdo":{"cover_path":"","headline":"","id":"","video_path":""},"imgs":[{"path":"20191109\/_2019110919373034484_370.jpg","isCover":1}],"writer":{"columnTitle":"","columnistID":"","trait":"","writer":""},"layout":"1","share_link":""},{"id":"1133069","newsID":"","title":"\u95dc\u6ce8\u524d\u7dda\u8b66\u5c31\u5468\u6893\u6a02\u4e8b\u4ef6\u63d0\u4e0d\u6070\u7576\u5b57\u773c \u8b66\u65b9\uff1a\u5df2\u8a13\u65a5\u76f8\u95dc\u4eba\u54e1\u6ce8\u610f\u500b\u4eba\u8a00\u884c","content":"","section":"1","cat":"1","publish_datetime":"2019-11-09 22:13:00","vdo":{"cover_path":"","headline":"","id":"","video_path":""},"imgs":[{"path":"20191109\/_2019110922140486397_370.jpg","isCover":1}],"writer":{"columnTitle":"","columnistID":"","trait":"","writer":""},"layout":"1","share_link":""},{"id":"1133480","newsID":"","title":"\u3010\u907a\u611b\u4eba\u9593\u3011\u906e\u6253\u82b1\u5712\u60bc\u5ff5\u7948\u79b1\u6703 \u7267\u5e2b\u7a31\u5bb6\u5c6c\u9858\u6350\u5468\u6893\u6a02\u5668\u5b98","content":"","section":"1","cat":"1","publish_datetime":"2019-11-10 20:45:00","vdo":{"cover_path":"","headline":"","id":"","video_path":""},"imgs":[{"path":"20191110\/_2019111020393983625_370.jpeg","isCover":1},{"path":"20191110\/_2019111020394053267_370.jpeg","isCover":0},{"path":"20191110\/_2019111020394141737_370.jpeg","isCover":0}],"writer":{"columnTitle":"","columnistID":"","trait":"","writer":""},"layout":"1","share_link":""},{"id":"1133588","newsID":"","title":"\u300c\u8499\u9762\u4eba\u300d\u9996\u6b21\u73fe\u8eab\u300a\u57ce\u5dff\u8ad6\u58c7\u300b\u3000\u4fc3\u8a2d\u7368\u7acb\u59d4\u54e1\u6703\u67e5\u5468\u6893\u6a02\u6b7b\u56e0","content":"","section":"1","cat":"1","publish_datetime":"2019-11-10 23:30:00","vdo":{"cover_path":"","headline":"","id":"","video_path":""},"imgs":[{"path":"20191110\/_2019111023455865739_370.jpeg","isCover":1},{"path":"20191110\/_2019111023455987697_370.jpeg","isCover":0},{"path":"20191110\/_2019111023460040205_370.jpeg","isCover":0}],"writer":{"columnTitle":"","columnistID":"","trait":"","writer":""},"layout":"1","share_link":""},{"id":"1133951","newsID":"","title":"\u3010\u4fee\u4f8b\u98a8\u6ce2\u3011\u4e0d\u6eff\u793a\u5a01\u8005\u592a\u5608\u88ab\u300c\u79c1\u4e86\u300d \u5169\u4eba\u88ab\u63a7\u610f\u5716\u50b7\u4eba\u7684\u54e5\u4e0d\u51c6\u4fdd\u4181\u3000","content":"","section":"1","cat":"1","publish_datetime":"2019-11-11 13:10:00","vdo":{"cover_path":"","headline":"","id":"","video_path":""},"imgs":[{"path":"20191111\/_2019111113150779190_370.jpg","isCover":1}],"writer":{"columnTitle":"","columnistID":"","trait":"","writer":""},"layout":"1","share_link":""},{"id":"1134374","newsID":"","title":"\u3010\u4fee\u4f8b\u98a8\u6ce2\u3011\u5468\u6893\u6a02\u96e2\u4e16 \u6bcd\u6821\u5ba3\u57fa\u4e2d\u5b78\u4fc3\u7368\u7acb\u8abf\u67e5\u53ca\u6b7b\u56e0\u784f\u8a0a","content":"","section":"1","cat":"1","publish_datetime":"2019-11-11 17:55:00","vdo":{"cover_path":"","headline":"","id":"","video_path":""},"imgs":[{"path":"20191111\/_2019111117332135276_370.jpg","isCover":1}],"writer":{"columnTitle":"","columnistID":"","trait":"","writer":""},"layout":"1","share_link":""},{"id":"1134422","newsID":"","title":"\u3010\u5927\u4e09\u7f77\u3011\u6797\u912d\u6708\u5a25\uff1a\u9999\u6e2f\u767c\u751f\u5927\u898f\u6a21\u52d5\u4e82\u53ca\u66b4\u529b\u885d\u64ca\u4e8b\u4ef6","content":"","section":"1","cat":"1","publish_datetime":"2019-11-11 18:01:00","vdo":{"cover_path":"","headline":"","id":"","video_path":""},"imgs":[{"path":"20191111\/_2019111119014718972_370.jpeg","isCover":1}],"writer":{"columnTitle":"","columnistID":"","trait":"","writer":""},"layout":"1","share_link":""}],"relevant_news":[],"topic":[],"share_link":"http:\/\/hd.stheadline.com\/news\/realtime\/hk\/1634467"}