{"id":"1134140","newsID":"","title":"\u3010\u96ea\u4e0a\u52a0\u971c\u3011\u51fa\u90533\u500b\u6708\u5168\u767d\u505a X1\u88ab\u7206\u81f3\u4eca0\u5de5\u8cc7","content":["\u6191\u97d3\u570b\u9078\u79c0\u9a37\u300aProduce X 101\u300b\u9078\u51fa\u7d44\u6210\u7684\u7537\u5718X1\uff0c\u96d6\u7136\u56e0\u7db2\u6c11\u8cea\u7591\u7968\u9078\u9020\u5047\u5411\u8b66\u65b9\u63d0\u51fa\u8d77\u8a34\uff0c\u4f46\u5718\u968a\u5728\u53d7\u67e5\u671f\u9593\u5982\u671f\u51fa\u9053\uff0c\u4e26\u65bc8\u6708\u63a8\u51fa\u9996\u5f35\u5c08\u8f2f\uff0c\u81f3\u4eca\u8ce3\u51fa\u7d0457\u842c\u5f35\uff0c\u6210\u7e3e\u5f6a\u70b3\uff0c\u4e5f\u6709\u4e00\u76f4\u6709\u53c3\u8207\u4e0d\u540c\u6d3b\u52d5\uff0c\u4e26\u525b\u65bc\u6628\u65e5\uff0810\u65e5\uff09\u5728\u6cf0\u570b\u53c3\u8207K-Pop\u6f14\u5531\u6703\u3002\u003Cbr \/\u003E\u96a8\u8457\u7bc0\u76ee\u88fd\u4f5c\u4eba\u5b89\u4fca\u82f1\u627f\u8a8d\u7968\u9078\u9020\u5047\uff0cX1\u4f3c\u96e3\u4ee5\u7e7c\u7e8c\u6d3b\u52d5\uff0c\u89e3\u6563\u8207\u5426\u9084\u662f\u672a\u77e5\u4e4b\u6578\u3002\u4eca\u65e5\u518d\u6709\u97d3\u5a92\u7206\u51fa\uff0cX1\u5c31\u7b97\u5c08\u8f2f\u5927\u8ce3\uff0c\u53ca\u51fa\u5e2d\u4e86\u591a\u500b\u6d3b\u52d5\u6216\u6f14\u51fa\uff0c\u81f3\u4eca\u6536\u5165\u537b\u662f0\uff01\u5831\u9053\u6307\uff0cX1\u5230\u76ee\u524d\u9084\u6c92\u548cCJ E\u0026amp;M\u7c3d\u7d04\uff0c\u6240\u4ee5\u5de5\u8cc7\u4e00\u76f4\u6c92\u6709\u7d50\u7b97\uff0c\u73fe\u5728\u96c6\u5718\u5b58\u4ea1\u90fd\u4e0d\u77e5\u9053\uff0c\u6545\u80fd\u5426\u6e05\u7b97\u5de5\u8cc7\u4e5f\u6c92\u6cd5\u4fdd\u8b49\u3002","",""],"section":"1","cat":"2","publish_datetime":"2019-11-11 14:53:00","vdo":{"cover_path":"","headline":"","id":"","video_path":"20191111\/__2019111115042926432.mp4"},"vid":{"cover_path":"","headline":"","id":"","video_path":""},"imgs":[{"path":"20191111\/_2019111115042982469_600.jpg","caption":"X1\u524d\u9014\u672a\u535c\uff0c\u4e4b\u524d\u7684\u52aa\u529b\u4e5f\u5f97\u4e0d\u5230\u56de\u5831\u3002\uff08\u7db2\u5716\uff09","isCover":0},{"path":"20191111\/_2019111115043035173_600.jpg","caption":"X1\u6628\u65e5\u9084\u5728\u6cf0\u570b\u843d\u529b\u6f14\u51fa\u3002\uff08\u7db2\u5716\uff09","isCover":0},{"path":"20191111\/_2019111115043120616_600.jpg","caption":"\u7db2\u5716","isCover":0}],"writer":{"columnTitle":"","columnistID":"","trait":"","writer":""},"layout":"4","keyword":["X1"],"related_news":[{"id":"1072477","newsID":"","title":"\u300aPD X 101\u300b\u6d89\u7968\u6578\u9020\u5047\u906d\u8abf\u67e5 X1\u4e0b\u5468\u5982\u5e38\u51fa\u9053","content":"","section":"1","cat":"2","publish_datetime":"2019-08-20 21:26:00","vdo":{"cover_path":"","headline":"","id":"","video_path":""},"imgs":[{"path":"20190820\/_2019082021264352828_370.jpg","isCover":1},{"path":"20190820\/_2019082021264377414_370.jpg","isCover":0},{"path":"20190820\/_2019082021264425541_370.jpg","isCover":0}],"writer":{"columnTitle":"","columnistID":"","trait":"","writer":""},"layout":"1","share_link":""},{"id":"1103507","newsID":"","title":"\u300aPDX101\u300b\u6d89\u9020\u5047\u8b66\u641c\u85dd\u4eba\u516c\u53f8  X1\u67093\u540d\u6210\u54e1\u5acc\u7591\u6700\u5927","content":"","section":"1","cat":"2","publish_datetime":"2019-10-01 18:11:00","vdo":{"cover_path":"","headline":"","id":"","video_path":""},"imgs":[{"path":"20191001\/_2019100119005135043_370.jpg","isCover":1},{"path":"20191001\/_2019100119005259771_370.jpg","isCover":0},{"path":"20191001\/_2019100119005380294_370.jpg","isCover":0}],"writer":{"columnTitle":"","columnistID":"","trait":"","writer":""},"layout":"1","share_link":""},{"id":"1131263","newsID":"","title":"\u3010\u7db2\u6c11\u597d\u5622\u3011\u300aPRODUCE X 101\u300b\u88fd\u4f5c\u4eba\u627f\u8a8d\u9020\u5047   X1\u884c\u7a0b\u672a\u53d7\u5f71\u97ff","content":"","section":"1","cat":"2","publish_datetime":"2019-11-07 14:28:00","vdo":{"cover_path":"","headline":"","id":"","video_path":""},"imgs":[{"path":"20191107\/_2019110714303053570_370.jpg","isCover":1},{"path":"20191107\/_2019110714303193685_370.jpg","isCover":0},{"path":"20191107\/_2019110714303287837_370.jpg","isCover":0}],"writer":{"columnTitle":"","columnistID":"","trait":"","writer":""},"layout":"1","share_link":""},{"id":"1132196","newsID":"","title":"\u3010\u300aPD101\u300b\u8a8d\u9020\u5047\u3011IZ*ONE\u65b0\u789f\u8a02\u8cfc\u9000\u6b3e\u7d9c\u85dd\u505c\u64ad X1\u6216\u89e3\u6563","content":"","section":"1","cat":"2","publish_datetime":"2019-11-08 13:27:00","vdo":{"cover_path":"","headline":"","id":"","video_path":""},"imgs":[{"path":"20191108\/_2019110814012947656_370.jpg","isCover":1},{"path":"20191108\/_2019110814013056913_370.jpg","isCover":0},{"path":"20191108\/_2019110814013135762_370.jpg","isCover":0}],"writer":{"columnTitle":"","columnistID":"","trait":"","writer":""},"layout":"1","share_link":""},{"id":"1133924","newsID":"","title":"IZ*ONE\u548cX1\u5168\u9762\u505c\u5de5 Mnet\u5805\u7a31\u6c92\u8a0e\u8ad6\u89e3\u6563\u554f\u984c","content":"","section":"1","cat":"2","publish_datetime":"2019-11-11 11:42:00","vdo":{"cover_path":"","headline":"","id":"","video_path":""},"imgs":[{"path":"20191111\/_2019111112363118546_370.jpg","isCover":1},{"path":"20191111\/_2019111112363257697_370.jpg","isCover":0},{"path":"20191111\/_2019111112363335916_370.jpg","isCover":0}],"writer":{"columnTitle":"","columnistID":"","trait":"","writer":""},"layout":"1","share_link":""}],"relevant_news":[],"topic":[],"share_link":"http:\/\/hd.stheadline.com\/life\/ent\/realtime\/1634140"}