{"id":"1134455","newsID":"","title":"\u3010\u5927\u4e09\u7f77\u3011\u6797\u912d:\u89aa\u81ea\u5411\u9127\u70b3\u5f37\u4e86\u89e3\u69cd\u64ca\u6848\u53ca\u4ea4\u8b66\u99d5\u8eca\u4e8b\u4ef6","content":["\u884c\u653f\u9577\u5b98\u6797\u912d\u6708\u5a25\u508d\u665a\u8868\u793a\uff0c\u7559\u610f\u5230\u8b66\u65b9\u5df2\u7d93\u8a73\u7d30\u4ea4\u4ee3\u897f\u7063\u6cb3\u4e8b\u4ef6\u53ca\u4ea4\u901a\u8b66\u99d5\u99db\u96fb\u55ae\u8eca\u4e8b\u4ef6\uff0c\u4f46\u660e\u767d\u793e\u6703\u95dc\u6ce8\uff0c\u89aa\u81ea\u540c\u8b66\u52d9\u8655\u526f\u8655\u9577\u9127\u70b3\u5f37\u4e86\u89e3\u3002\u8b66\u65b9\u6703\u8ddf\u9032\uff0c\u4ea6\u6307\u51fa\u4ea4\u901a\u8b66\u54e1\u884c\u70ba\u662f\u56b4\u91cd\uff0c\u5e0c\u671b\u793e\u6703\u7b49\u8b66\u65b9\u9032\u884c\u8abf\u67e5\u3002\u003Cbr \/\u003E\u003Cbr \/\u003E\u6797\u912d\u6708\u5a25\u6307\uff0c\u7d93\u904e5\u500b\u6708\u4ee5\u4f86\u66b4\u529b\u4e0d\u65b7\u5347\u7d1a\uff0c\u793a\u5a01\u8005\u624b\u6bb5\u4e0d\u65b7\u8b8a\u5316\uff0c\u57f7\u6cd5\u8005\u8981\u5728\u7a81\u767c\u60c5\u5f62\u4f5c\u51fa\u61c9\u5c0d\u662f\u6709\u56f0\u96e3\u3002\u4f46\u5979\u5f37\u8abf\u4e0d\u7b49\u65bc\u8b66\u968a\u7121\u9700\u4f9d\u6cd5\u4f9d\u898f\u8fa6\u4e8b\uff0c\u76f8\u4fe1\u8b66\u65b9\u4ea6\u9ad8\u5ea6\u91cd\u8996\u500b\u5225\u4e8b\u4ef6\uff0c\u6703\u63a1\u53d6\u9069\u7576\u884c\u70ba\uff0c\u5e0c\u671b\u793e\u6703\u7d66\u4e88\u8b66\u65b9\u4e8b\u4ef6\u548c\u7a7a\u9593\u5c31\u4e8b\u4ef6\u4f5c\u51fa\u8abf\u67e5\u3002\u003Cbr \/\u003E\u003Cbr \/\u003E\u53e6\u5916\uff0c\u5c31\u65e9\u524d\u76e3\u8b66\u6703\u5c08\u5bb6\u5c0f\u7d44\u6307\u76e3\u8b66\u6703\u6b20\u7f3a\u7368\u7acb\u8abf\u67e5\u80fd\u529b\uff0c\u6797\u912d\u6708\u5a25\u56de\u61c9\u6307\uff0c\u76f8\u4fe1\u76e3\u8b66\u6703\u6709\u80fd\u529b\u8abf\u67e5\u4e8b\u4ef6\uff0c\u91cd\u7533\u8b66\u65b9\u6703\u4f9d\u6cd5\u8fa6\u4e8b\uff0c\u81ea\u5df1\u4e0d\u8a55\u8ad6\u500b\u5225\u5c08\u5bb6\u610f\u898b\u3002","",""],"section":"1","cat":"1","publish_datetime":"2019-11-11 18:16:00","vdo":{"cover_path":"","headline":"","id":"","video_path":""},"vid":{"cover_path":"","headline":"","id":"","video_path":""},"imgs":[{"path":"20191111\/_2019111118591264764_600.jpeg","caption":"\u6797\u912d\u6708\u5a25\u8868\u793a\u5df2\u5411\u9127\u70b3\u5f37\u4e86\u89e3\u8b66\u54e1\u958b\u69cd\u53ca\u96fb\u55ae\u8eca\u649e\u4eba\u4e8b\u4ef6\u3002","isCover":0}],"writer":{"columnTitle":"","columnistID":"","trait":"","writer":""},"layout":"4","keyword":["\u6797\u912d\u6708\u5a25","\u8a18\u8005\u6703","\u76e3\u8b66\u6703"],"related_news":[{"id":"1129280","newsID":"","title":"\u3010\u4fee\u4f8b\u98a8\u6ce2\u3011\u6307\u4e2d\u592e\u7121\u610f\u63db\u73ed\u5b50 \u8b5a\u8000\u5b97\uff1a\u64a4\u6797\u912d\u50b3\u805e\u4e0d\u653b\u81ea\u7834","content":"","section":"1","cat":"1","publish_datetime":"2019-11-05 10:22:00","vdo":{"cover_path":"","headline":"","id":"","video_path":""},"imgs":[{"path":"20191105\/_2019110510290456475_370.jpg","isCover":1}],"writer":{"columnTitle":"","columnistID":"","trait":"","writer":""},"layout":"1","share_link":""},{"id":"1129786","newsID":"","title":"\u5411\u79d1\u5927\u751f\u81f4\u6df1\u5207\u6170\u554f \u6797\u912d\u6708\u5a25\uff1a\u66ab\u4e0d\u80fd\u5c31\u5176\u53d7\u50b7\u539f\u56e0\u5984\u4e0b\u5b9a\u8ad6 ","content":"","section":"1","cat":"1","publish_datetime":"2019-11-05 18:34:00","vdo":{"cover_path":"","headline":"","id":"","video_path":""},"imgs":[{"path":"20191105\/_2019110518335413180_370.jpg","isCover":1}],"writer":{"columnTitle":"","columnistID":"","trait":"","writer":""},"layout":"1","share_link":""},{"id":"1130125","newsID":"","title":"\u3010\u4fee\u4f8b\u98a8\u6ce2\u3011\u97d3\u6b63\u80af\u5b9a\u6e2f\u5e9c\u8b66\u968a\u5de5\u4f5c \u5180\u6797\u912d\u5e36\u9818\u7ba1\u6cbb\u5718\u968a\u518d\u51fa\u767c","content":"","section":"1","cat":"1","publish_datetime":"2019-11-06 11:08:00","vdo":{"cover_path":"","headline":"","id":"","video_path":""},"imgs":[{"path":"20191106\/_2019110614304199952_370.jpg","isCover":1}],"writer":{"columnTitle":"","columnistID":"","trait":"","writer":""},"layout":"1","share_link":""},{"id":"1130687","newsID":"","title":"\u3010\u4f55\u541b\u582f\u9047\u8972\u3011\u6797\u912d\u6708\u5a25\uff1a\u6703\u76e1\u529b\u8209\u8fa6\u516c\u5e73\u516c\u6b63\u9078\u8209","content":"","section":"1","cat":"1","publish_datetime":"2019-11-06 18:47:00","vdo":{"cover_path":"","headline":"","id":"","video_path":""},"imgs":[{"path":"20191106\/_2019110618485130986_370.jpg","isCover":1}],"writer":{"columnTitle":"","columnistID":"","trait":"","writer":""},"layout":"1","share_link":""},{"id":"1130702","newsID":"","title":"\u6e2f\u4eba\u5927\u7063\u5340\u8cb7\u6a13\u9650\u5236\u7372\u8c41\u514d \u6797\u912d\u516c\u5e0316\u9805\u60e0\u6e2f\u63aa\u65bd","content":"","section":"1","cat":"1","publish_datetime":"2019-11-06 23:00:00","vdo":{"cover_path":"","headline":"","id":"","video_path":""},"imgs":[{"path":"20191106\/_2019110623244995069_370.jpg","isCover":1}],"writer":{"columnTitle":"","columnistID":"","trait":"","writer":""},"layout":"1","share_link":""},{"id":"1133015","newsID":"","title":"\u6797\u912d\u6708\u5a25\u5728\u79ae\u8cd3\u5e9c\u9589\u9580\u6388\u52f3","content":"","section":"1","cat":"1","publish_datetime":"2019-11-09 19:30:00","vdo":{"cover_path":"","headline":"","id":"","video_path":""},"imgs":[{"path":"20191109\/_2019110919373034484_370.jpg","isCover":1}],"writer":{"columnTitle":"","columnistID":"","trait":"","writer":""},"layout":"1","share_link":""},{"id":"1133258","newsID":"","title":"\u3010\u4fee\u4f8b\u98a8\u6ce2\u3011\u4e0d\u61c9\u5411\u8b66\u968a\u65bd\u58d3 \u8b5a\u8000\u5b97\uff1a\u76e3\u8b66\u6703\u6709\u80fd\u529b\u8abf\u67e5 ","content":"","section":"1","cat":"1","publish_datetime":"2019-11-10 14:25:00","vdo":{"cover_path":"","headline":"","id":"","video_path":""},"imgs":[{"path":"20191110\/_2019111014300434395_370.jpeg","isCover":1}],"writer":{"columnTitle":"","columnistID":"","trait":"","writer":""},"layout":"1","share_link":""},{"id":"1133351","newsID":"","title":"\u3010\u4fee\u4f8b\u98a8\u6ce2\u3011\u5c08\u5bb6\u6307\u6b20\u7368\u7acb\u8abf\u67e5\u80fd\u529b \u653f\u5e9c\uff1a\u5f85\u76e3\u8b66\u6703\u767c\u8868\u5831\u544a\u518d\u8ddf\u9032","content":"","section":"1","cat":"1","publish_datetime":"2019-11-10 16:12:00","vdo":{"cover_path":"","headline":"","id":"","video_path":""},"imgs":[{"path":"20191110\/_2019111016312792021_370.jpg","isCover":1}],"writer":{"columnTitle":"","columnistID":"","trait":"","writer":""},"layout":"1","share_link":""},{"id":"1133525","newsID":"","title":"\u76e3\u8b66\u6703\u5c0d\u5916\u570b\u5c08\u5bb6\u81ea\u884c\u516c\u5e03\u9032\u5c55\u5831\u544a\u8868\u5931\u671b","content":"","section":"1","cat":"1","publish_datetime":"2019-11-10 21:06:00","vdo":{"cover_path":"","headline":"","id":"","video_path":""},"imgs":[{"path":"20191110\/_2019111021174928892_370.jpg","isCover":1}],"writer":{"columnTitle":"","columnistID":"","trait":"","writer":""},"layout":"1","share_link":""},{"id":"1134422","newsID":"","title":"\u3010\u5927\u4e09\u7f77\u3011\u6797\u912d\u6708\u5a25\uff1a\u9999\u6e2f\u767c\u751f\u5927\u898f\u6a21\u52d5\u4e82\u53ca\u66b4\u529b\u885d\u64ca\u4e8b\u4ef6","content":"","section":"1","cat":"1","publish_datetime":"2019-11-11 18:01:00","vdo":{"cover_path":"","headline":"","id":"","video_path":""},"imgs":[{"path":"20191111\/_2019111119014718972_370.jpeg","isCover":1}],"writer":{"columnTitle":"","columnistID":"","trait":"","writer":""},"layout":"1","share_link":""}],"relevant_news":[],"topic":[],"share_link":"http:\/\/hd.stheadline.com\/news\/realtime\/hk\/1634455"}