{"id":"1134536","newsID":"","title":"\u6d78\u6703\u5927\u5b78\u53d6\u6d88\u4eca\u5e74\u7562\u696d\u79ae  \u9322\u5927\u5eb7\u7a31\u64d4\u5fc3\u5b78\u751f\u8207\u5bb6\u9577\u5b89\u5168","content":["\u6d78\u5927\u6821\u9577\u9322\u5927\u5eb7\u5411\u5e2b\u751f\u767c\u4fe1\uff0c\u5ba3\u5e03\u7531\u65bc\u64d4\u5fc3\u5b78\u751f\u53ca\u5bb6\u9577\u7684\u5b89\u5168\u554f\u984c\uff0c\u6545\u5b78\u6821\u6c7a\u5b9a\u53d6\u6d88\u4eca\u5e74\u7562\u696d\u79ae\u3002\u003Cbr \/\u003E\u003Cbr \/\u003E\u6d78\u5927\u7562\u696d\u79ae\u539f\u5b9a\u672c\u670814\u81f318\u65e5\u8209\u884c\uff0c\u9322\u5927\u5eb7\u8868\u793a\u660e\u767d\u7562\u696d\u79ae\u5c0d\u7562\u696d\u751f\u53ca\u5bb6\u4eba\u4f86\u8aaa\uff0c\u662f\u4e00\u500b\u503c\u5f97\u7d00\u5ff5\u7684\u5834\u5408\uff0c\u56e0\u6b64\u4e26\u975e\u8349\u7387\u6c7a\u5b9a\u53d6\u6d88\u7562\u696d\u79ae\uff0c\u662f\u7d93\u904e\u98a8\u96aa\u8a55\u4f30\u5f8c\uff0c\u5305\u62ec\u8003\u616e\u5230\uff0c\u8fd1\u65e5\u6709\u4eba\u5728\u6d78\u5927\u884c\u4eba\u5929\u6a4b\u5411\u806f\u5408\u9053\u629b\u4e0b\u5927\u578b\u7269\u54c1\uff0c\u4ee5\u53ca\u9032\u5165\u6821\u5167\u7834\u58de\u8a2d\u65bd\u3002\u6821\u65b9\u5c07\u6703\u500b\u5225\u806f\u7d61\u7562\u696d\u751f\uff0c\u4ea4\u4ee3\u9812\u767c\u7562\u696d\u8b49\u66f8\u7684\u5b89\u6392\u3002\u003Cbr \/\u003E\u003Cbr \/\u003E\u9322\u5927\u5eb7\u8aaa\uff0c\u5c0d\u65bc\u653f\u6cbb\u4e82\u5c40\u6301\u7e8c\u548c\u5c0d\u793e\u6703\u9020\u6210\u91cd\u5927\u5f71\u97ff\u611f\u5230\u5341\u5206\u50b7\u5fc3\uff0c\u4e26\u547c\u7c72\u6d78\u5927\u5e2b\u751f\u9060\u96e2\u66b4\u529b\uff0c\u5e0c\u671b\u7562\u696d\u751f\u80fd\u5c55\u793a\u9999\u6e2f\u53ef\u4ee5\u900f\u904e\u5bcc\u5275\u610f\uff0c\u7406\u6027\u53ca\u548c\u5e73\u7684\u624b\u6bb5\uff0c\u89e3\u6c7a\u6240\u6709\u554f\u984c\u3002","",""],"section":"1","cat":"1","publish_datetime":"2019-11-11 20:17:00","vdo":{"cover_path":"","headline":"","id":"","video_path":""},"vid":{"cover_path":"","headline":"","id":"","video_path":""},"imgs":[{"path":"20191111\/_2019111120204596672_600.jpg","caption":"\u6d78\u5927\u7562\u696d\u79ae\u539f\u5b9a\u672c\u670814\u81f318\u65e5\u8209\u884c\u3002\u8cc7\u6599\u5716\u7247","isCover":0}],"writer":{"columnTitle":"","columnistID":"","trait":"","writer":""},"layout":"4","keyword":["\u6d78\u6703\u5927\u5b78","\u7562\u696d\u79ae","\u9322\u5927\u5eb7"],"related_news":[{"id":"1069790","newsID":"","title":"\u3010\u9003\u72af\u689d\u4f8b\u3011\u5dba\u5927\u53ca\u6d78\u5927\u53d6\u6d88\u958b\u5b78\u79ae","content":"","section":"1","cat":"1","publish_datetime":"2019-08-16 20:25:00","vdo":{"cover_path":"","headline":"","id":"","video_path":""},"imgs":[{"path":"20190816\/_2019081620333417069_370.jpg","isCover":1}],"writer":{"columnTitle":"","columnistID":"","trait":"","writer":""},"layout":"1","share_link":""},{"id":"1076071","newsID":"","title":"\u3010\u9003\u72af\u689d\u4f8b\u3011\u6d78\u5927\u6559\u5927\u5b78\u751f\u6703\u5411\u6821\u9577\u767c\u516c\u958b\u4fe1 \u4fc3\u52ff\u6210\u68cb\u5b50\u70ba\u653f\u6b0a\u8b77\u822a","content":"","section":"1","cat":"1","publish_datetime":"2019-08-25 16:08:00","vdo":{"cover_path":"","headline":"","id":"","video_path":""},"imgs":[{"path":"20190825\/_2019082516170751715_370.jpg","isCover":1}],"writer":{"columnTitle":"","columnistID":"","trait":"","writer":""},"layout":"1","share_link":""},{"id":"1082816","newsID":"","title":"\u6d78\u5927\u5b78\u751f\u6703\u6703\u9577\u6d89\u76dc\u7aca\u7f6a\u88ab\u6355 \u9322\u5927\u5eb7\u6566\u4fc3\u8b66\u65b9\u76e1\u5feb\u91cb\u653e\u65b9\u4ef2\u8ce2","content":"","section":"1","cat":"1","publish_datetime":"2019-09-03 14:34:00","vdo":{"cover_path":"","headline":"","id":"","video_path":""},"imgs":[{"path":"20190903\/_2019090314462289392_370.jpg","isCover":1}],"writer":{"columnTitle":"","columnistID":"","trait":"","writer":""},"layout":"1","share_link":""},{"id":"1085170","newsID":"","title":"\u7a31\u5165\u5883\u6fb3\u6d32\u6642\u906d\u6263\u67e5 \u6d78\u5927\u5b78\u751f\u6703\u526f\u6703\u9577\uff1a\u611f\u88ab\u91dd\u5c0d","content":"","section":"1","cat":"1","publish_datetime":"2019-09-06 10:45:00","vdo":{"cover_path":"","headline":"","id":"","video_path":""},"imgs":[{"path":"20190906\/_2019090610475935603_370.jpg","isCover":1}],"writer":{"columnTitle":"","columnistID":"","trait":"","writer":""},"layout":"1","share_link":""},{"id":"1094069","newsID":"","title":"\u3010\u4fee\u4f8b\u98a8\u6ce2\u3011\u6d78\u5927\u5b78\u751f\u6703\u767c\u8d77\u5305\u570d\u9418\u6a13 \u4fc3\u8207\u6821\u9577\u9322\u5927\u5eb7\u76f4\u63a5\u5c0d\u8a71","content":"","section":"1","cat":"1","publish_datetime":"2019-09-18 15:06:00","vdo":{"cover_path":"","headline":"","id":"","video_path":""},"imgs":[{"path":"20190918\/_2019091814494963264_370.jpg","isCover":1},{"path":"20190918\/_2019091814494882806_370.jpg","isCover":0},{"path":"20190918\/_2019091814495032830_370.jpg","isCover":0}],"writer":{"columnTitle":"","columnistID":"","trait":"","writer":""},"layout":"1","share_link":""},{"id":"1094303","newsID":"","title":"\u3010\u4fee\u4f8b\u98a8\u6ce2\u3011\u6307\u6821\u65b9\u5f9e\u672a\u5c0a\u91cd\u8acb\u6c42\u5c0d\u8a71 \u6d78\u5927\u751f\u65a5\uff1a\u662f\u5426\u73bb\u7483\u6bd4\u5b78\u751f\u5b89\u5168\u91cd\u8981","content":"","section":"1","cat":"1","publish_datetime":"2019-09-18 17:44:00","vdo":{"cover_path":"","headline":"","id":"","video_path":""},"imgs":[{"path":"20190918\/_2019091817465253659_370.jpg","isCover":1},{"path":"20190918\/_2019091817465390824_370.jpg","isCover":0},{"path":"20190918\/_2019091817465462915_370.jpg","isCover":0}],"writer":{"columnTitle":"","columnistID":"","trait":"","writer":""},"layout":"1","share_link":""},{"id":"1103963","newsID":"","title":"\u3010\u4fee\u4f8b\u98a8\u6ce2\u3011\u9322\u5927\u5eb7\u7c72\u5b78\u751f\u9060\u96e2\u66b4\u529b \u5180\u4ee5\u7406\u6027\u8a0e\u8ad6\u5316\u89e3\u77db\u76fe","content":"","section":"1","cat":"1","publish_datetime":"2019-10-02 14:36:00","vdo":{"cover_path":"","headline":"","id":"","video_path":""},"imgs":[{"path":"20191002\/_2019100214381086907_370.jpg","isCover":1}],"writer":{"columnTitle":"","columnistID":"","trait":"","writer":""},"layout":"1","share_link":""},{"id":"1104272","newsID":"","title":"\u3010\u4fee\u4f8b\u98a8\u6ce2\u3011\u6d78\u5927\u5b78\u751f\u96c6\u6703 \u4fc3\u6821\u9577\u9322\u5927\u5eb7\u5c0d\u8a71","content":"","section":"1","cat":"1","publish_datetime":"2019-10-02 18:44:00","vdo":{"cover_path":"","headline":"","id":"","video_path":""},"imgs":[{"path":"20191002\/_2019100220284242308_370.jpg","isCover":1},{"path":"20191002\/_2019100218460439810_370.jpg","isCover":0},{"path":"20191002\/_2019100218460510554_370.jpg","isCover":0}],"writer":{"columnTitle":"","columnistID":"","trait":"","writer":""},"layout":"1","share_link":""},{"id":"1104305","newsID":"","title":"\u3010\u4fee\u4f8b\u98a8\u6ce2\u3011\u6d78\u5927\u767e\u540d\u5b78\u751f\u96c6\u6703  \u8981\u6c42\u8207\u9322\u5927\u5eb7\u5c0d\u8a71","content":"","section":"1","cat":"1","publish_datetime":"2019-10-02 19:35:00","vdo":{"cover_path":"","headline":"","id":"","video_path":""},"imgs":[{"path":"20191002\/_2019100219193757499_370.jpg","isCover":1}],"writer":{"columnTitle":"","columnistID":"","trait":"","writer":""},"layout":"1","share_link":""}],"relevant_news":[],"topic":[],"share_link":"http:\/\/hd.stheadline.com\/news\/realtime\/hk\/1634536"}