{"id":"1134605","newsID":"","title":"\u3010\u5927\u4e09\u7f77\u3011\u8b66\u65b9:\u5168\u65e5\u62d8\u6355\u8d85\u904e260\u4eba","content":["\u4eca\u65e5\u591a\u5340\u7206\u767c\u9023\u5834\u885d\u7a81\uff0c\u8b66\u65b9\u8868\u793a\uff0c\u622a\u81f3\u76ee\u524d\u70ba\u6b62\uff0c\u5168\u6e2f\u591a\u5340\u62d8\u6355\u8d85\u904e260\u4eba\u3002\u56e0\u61c9\u66b4\u529b\u7834\u58de\u884c\u70ba\uff0c\u8b66\u65b9\u6703\u7e7c\u7e8c\u63a1\u53d6\u57f7\u6cd5\u884c\u52d5\u3002\u003Cbr \/\u003E\u003Cbr \/\u003E\u8b66\u65b9\u8868\u793a\uff0c\u65bc\u665a\u4e0a9\u6642\u8a31\uff0c\u6709\u66b4\u5f92\u5148\u5f8c\u5728\u65fa\u89d2\u4e9e\u7686\u8001\u8857\u4e00\u5e36\uff0c\u8972\u64ca\u8def\u4eba\uff0c\u81f3\u5c11\u5169\u540d\u7537\u5b50\u88ab\u570d\u6bc6\uff0c\u53d7\u50b7\u5012\u5730\u3002\u5176\u4e2d\u4e00\u540d\u50b7\u8005\u70ba\u7684\u58eb\u53f8\u6a5f\uff0c\u5176\u7684\u58eb\u64cb\u98a8\u73bb\u7483\u53ca\u8eca\u8eab\u4ea6\u88ab\u6253\u7206\u53ca\u7834\u58de\uff1b\u53e6\u4e00\u540d\u7537\u50b7\u8005\u4ea6\u88ab\u4eba\u62f3\u6253\u8173\u8e22\uff0c\u6eff\u982d\u9bae\u8840\u3002\u003Cbr \/\u003E\u003Cbr \/\u003E\u53e6\u5916\uff0c\u6709\u8def\u4eba\u5728\u5c07\u8ecd\u6fb3\u88ab\u5927\u6279\u4eba\u5305\u570d\u53ca\u62c9\u626f\uff1b\u53c8\u6709\u66b4\u5f92\u63a8\u7ffb\u4e00\u8f1b\u5ba2\u8ca8\u8eca\u53ca\u7e31\u706b\u711a\u71d2\uff0c\u706b\u52e2\u975e\u5e38\u731b\u70c8\uff0c\u5192\u51fa\u5927\u91cf\u6fc3\u7159\u3002\u003Cbr \/\u003E\u003Cbr \/\u003E\u8b66\u65b9\u8b66\u544a\u7acb\u5373\u505c\u6b62\u50b7\u5bb3\u4ed6\u4eba\u7684\u884c\u70ba\uff0c\u8b66\u65b9\u5fc5\u5b9a\u56b4\u6b63\u57f7\u6cd5\u3002","",""],"section":"1","cat":"1","publish_datetime":"2019-11-11 23:58:00","vdo":{"cover_path":"","headline":"","id":"","video_path":""},"vid":{"cover_path":"","headline":"","id":"","video_path":""},"imgs":[{"path":"20191112\/_2019111200124957204_600.jpeg","caption":"\u793a\u5a01\u8005\u5728\u591a\u5340\u5835\u8def\u53ca\u7e31\u706b\u3002","isCover":0},{"path":"20191112\/_2019111200125065858_600.jpeg","caption":"\u4eca\u65e5\u591a\u5b97\u300c\u79c1\u4e86\u300d\u4e8b\u4ef6\u767c\u751f\u3002","isCover":0},{"path":"20191112\/_2019111200125231811_600.jpeg","caption":"\u8b66\u65b9\u9a45\u6563\u793a\u5a01\u8005\u3002","isCover":0},{"path":"20191112\/_2019111200125389544_600.jpeg","caption":"\u5c07\u8ecd\u6fb3\u6709\u4eba\u63a8\u7ffb\u5ba2\u8ca8\u8eca\u7e31\u706b\u3002","isCover":0},{"path":"20191112\/_2019111200125336023_600.jpeg","caption":"\u5c07\u8ecd\u6fb3\u7ad9\u4ea6\u6709\u4eba\u7e31\u706b\u3002","isCover":0}],"writer":{"columnTitle":"","columnistID":"","trait":"","writer":""},"layout":"4","keyword":["\u5927\u4e09\u7f77","\u8b66\u65b9","\u65fa\u89d2","\u79c1\u4e86"],"related_news":[{"id":"1133900","newsID":"","title":"\u3010\u5927\u4e09\u7f77\u3011\u9ec3\u57d4\u3001\u89c0\u5858\u53ca\u99ac\u978d\u5c71\u7ad9\u95dc\u9589 \u8f15\u9435\u591a\u689d\u8def\u7dda\u505c\u99db ","content":"","section":"1","cat":"1","publish_datetime":"2019-11-11 17:54:00","vdo":{"cover_path":"","headline":"","id":"","video_path":""},"imgs":[{"path":"20191111\/_2019111116384792176_370.jpeg","isCover":1},{"path":"20191111\/_2019111115193013440_370.jpg","isCover":0},{"path":"20191111\/_2019111115193122959_370.jpg","isCover":0}],"writer":{"columnTitle":"","columnistID":"","trait":"","writer":""},"layout":"1","share_link":""},{"id":"1134302","newsID":"","title":"\u3010\u5927\u4e09\u7f77\u3011\u6e2f\u5927\u4e2d\u5927\u7b49\u5ba3\u5e03\u660e\u65e5\u505c\u8ab2","content":"","section":"1","cat":"1","publish_datetime":"2019-11-11 18:41:00","vdo":{"cover_path":"","headline":"","id":"","video_path":""},"imgs":[{"path":"20191111\/_2019111118525863922_370.jpg","isCover":1}],"writer":{"columnTitle":"","columnistID":"","trait":"","writer":""},"layout":"1","share_link":""},{"id":"1134407","newsID":"","title":"\u3010\u5927\u4e09\u7f77\u3011\u9ed1\u8863\u4eba\u7063\u4ed4\u9285\u947c\u7063\u4e00\u5e36\u5835\u8def \u9632\u66b4\u8b66\u6021\u548c\u8857\u65bd\u653e\u50ac\u6dda\u5f48","content":"","section":"1","cat":"1","publish_datetime":"2019-11-11 17:44:00","vdo":{"cover_path":"","headline":"","id":"","video_path":""},"imgs":[{"path":"20191111\/_2019111117480496837_370.jpeg","isCover":1}],"writer":{"columnTitle":"","columnistID":"","trait":"","writer":""},"layout":"1","share_link":""},{"id":"1134515","newsID":"","title":"\u3010\u5927\u4e09\u7f77\u3011\u8b66\u54e1\u9032\u5165\u6559\u5802\u8ffd\u6355\u793a\u5a01\u8005 \u5929\u4e3b\u6559\u5340:\u5df2\u7121\u6cd5\u4fdd\u969c\u4e0d\u88ab\u902e\u6355","content":"","section":"1","cat":"1","publish_datetime":"2019-11-11 20:38:00","vdo":{"cover_path":"","headline":"","id":"","video_path":""},"imgs":[{"path":"20191111\/_2019111119452515765_370.jpeg","isCover":1}],"writer":{"columnTitle":"","columnistID":"","trait":"","writer":""},"layout":"1","share_link":""},{"id":"1134527","newsID":"","title":"\u3010\u5927\u4e09\u7f77\u3011\u6148\u5e7c\u4e2d\u5b78\u820a\u751f\u897f\u7063\u6cb3\u4e2d\u69cd \u6148\u5e7c\u6703\u75db\u5fc3\u8b74\u8cac\u8b66\u6feb\u7528\u6b66\u529b","content":"","section":"1","cat":"1","publish_datetime":"2019-11-11 19:48:00","vdo":{"cover_path":"","headline":"","id":"","video_path":""},"imgs":[{"path":"20191111\/_2019111120015092777_370.jpg","isCover":1}],"writer":{"columnTitle":"","columnistID":"","trait":"","writer":""},"layout":"1","share_link":""},{"id":"1134560","newsID":"","title":"\u3010\u5927\u4e09\u7f77\u3011\u65fa\u89d2\u793a\u5a01\u8005\u570d\u6bc6\u53f8\u6a5f\u53ca\u9014\u4eba \u9632\u66b4\u8b66\u50ac\u6dda\u5f48\u9a45\u6563","content":"","section":"1","cat":"1","publish_datetime":"2019-11-11 21:41:00","vdo":{"cover_path":"","headline":"","id":"","video_path":""},"imgs":[{"path":"20191111\/_2019111122222281578_370.jpg","isCover":1},{"path":"20191111\/_2019111121492471393_370.jpg","isCover":0},{"path":"20191111\/_2019111121492572846_370.jpg","isCover":0}],"writer":{"columnTitle":"","columnistID":"","trait":"","writer":""},"layout":"1","share_link":""},{"id":"1134563","newsID":"","title":"\u3010\u5927\u4e09\u7f77\u3011\u570b\u6cf0\u7a7a\u670d\u54e1\u5de5\u6703\u7c72\u8003\u616e\u662f\u5426\u9069\u5408\u4e0a\u73ed \u8b74\u8cac\u8b66\u65b9\u904e\u5ea6\u6b66\u529b","content":"","section":"1","cat":"1","publish_datetime":"2019-11-11 22:09:00","vdo":{"cover_path":"","headline":"","id":"","video_path":""},"imgs":[{"path":"20191111\/_2019111122160174270_370.jpg","isCover":1},{"path":"20191111\/_2019111122160394835_370.jpg","isCover":0},{"path":"20191111\/_2019111122160437141_370.jpg","isCover":0}],"writer":{"columnTitle":"","columnistID":"","trait":"","writer":""},"layout":"1","share_link":""},{"id":"1134578","newsID":"","title":"\u3010\u5927\u4e09\u7f77\u3011\u793a\u5a01\u8005\u7e31\u706b\u8b66\u5c04\u50ac\u6dda\u5f48 \u5c6f\u9580\u7ad9\u95dc\u9589","content":"","section":"1","cat":"1","publish_datetime":"2019-11-11 22:40:00","vdo":{"cover_path":"","headline":"","id":"","video_path":""},"imgs":[{"path":"20191111\/_2019111122552512241_370.jpg","isCover":1}],"writer":{"columnTitle":"","columnistID":"","trait":"","writer":""},"layout":"1","share_link":""},{"id":"1134584","newsID":"","title":"\u3010\u5927\u4e09\u7f77\u3011\u8b66\u65b9\u65fa\u89d2\u5bc6\u96c6\u767c\u5c04\u50ac\u6dda\u5f48 \u8a18\u8005\u80cc\u90e8\u64ca\u4e2d\u71d9\u50b7","content":"","section":"1","cat":"1","publish_datetime":"2019-11-11 23:08:00","vdo":{"cover_path":"","headline":"","id":"","video_path":""},"imgs":[{"path":"20191111\/_2019111123174794443_370.jpg","isCover":1},{"path":"20191111\/_2019111123174841161_370.jpg","isCover":0},{"path":"20191111\/_2019111123174956858_370.jpg","isCover":0}],"writer":{"columnTitle":"","columnistID":"","trait":"","writer":""},"layout":"1","share_link":""},{"id":"1134599","newsID":"","title":"\u3010\u5927\u4e09\u7f77\u3011\u793a\u5a01\u8005\u5927\u8086\u7834\u58de\u65fa\u89d2\u7fe0\u83ef\u53ca\u592a\u8208 \u7e31\u706b\u71d2\u8def\u969c\u50b3\u7206\u70b8","content":"","section":"1","cat":"1","publish_datetime":"2019-11-11 23:33:00","vdo":{"cover_path":"","headline":"","id":"","video_path":""},"imgs":[{"path":"20191111\/_2019111123431151295_370.jpg","isCover":1},{"path":"20191111\/_2019111123430760433_370.jpg","isCover":0},{"path":"20191111\/_2019111123430444480_370.jpg","isCover":0}],"writer":{"columnTitle":"","columnistID":"","trait":"","writer":""},"layout":"1","share_link":""}],"relevant_news":[],"topic":[],"share_link":"http:\/\/hd.stheadline.com\/news\/realtime\/hk\/1634605"}