{"id":"1134527","newsID":"","title":"\u3010\u5927\u4e09\u7f77\u3011\u6148\u5e7c\u4e2d\u5b78\u820a\u751f\u897f\u7063\u6cb3\u4e2d\u69cd \u6148\u5e7c\u6703\u75db\u5fc3\u8b74\u8cac\u8b66\u6feb\u7528\u6b66\u529b","content":["\u8b66\u65b9\u4eca\u65e9\u5728\u897f\u7063\u6cb3\u958b\u69cd\u64ca\u4e2d\u4e00\u540d21\u6b72\u7537\u5b50\uff0c\u8a72\u7537\u5b50\u70ba\u7b72\u7b95\u7063\u6148\u5e7c\u82f1\u6587\u5b78\u6821\u7562\u696d\u751f\uff0c\u76ee\u524d\u7559\u91ab\u60c5\u6cc1\u5371\u6b86\u3002\u9999\u6e2f\u9b91\u601d\u9ad8\u6148\u5e7c\u6703\u4e2d\u83ef\u6703\u7701\u4eca\u65e5\u767c\u8868\u8072\u660e\uff0c\u8b74\u8cac\u8b66\u65b9\u904e\u4efd\u4f7f\u7528\u66b4\u529b\uff0c\u5c0d\u8a72\u540d\u6709\u6821\u53cb\u88ab\u64ca\u4e2d\u611f\u5230\u75db\u5fc3\u3002\u003Cbr \/\u003E\u003Cbr \/\u003E\u8072\u660e\u6307\uff0c\u6578\u6708\u4f86\u8b66\u65b9\u65bc\u9999\u6e2f\u4e0d\u540c\u5730\u65b9\u7d93\u5e38\u4ee5\u904e\u4efd\u6bba\u50b7\u66b4\u529b\u53ca\u4f7f\u7528\u6bba\u50b7\u6b66\u5668\uff0c\u4e0d\u5206\u9752\u7d05\u7682\u767d\u9a45\u8d95\u5e02\u6c11\uff0c\u5c0d\u6b64\u8868\u793a\u64d4\u6182\uff0c\u800c\u4eca\u65e9\u66f4\u958b\u69cd\u64ca\u4e2d\u8a72\u6821\u6821\u53cb\uff0c\u5f37\u70c8\u8b74\u8cac\u8b66\u65b9\u6f20\u8996\u751f\u547d\uff0c\u4fc3\u8acb\u653f\u5e9c\u56de\u61c9\u5e02\u6c11\u7684\u8a34\u6c42\uff0c\u76e1\u901f\u6210\u7acb\u7368\u7acb\u8abf\u67e5\u59d4\u54e1\u6703\uff0c\u5c0d\u6240\u6709\u6d89\u53ca\u4f7f\u7528\u904e\u4efd\u66b4\u529b\u7684\u500b\u6848\u4f5c\u51fa\u8abf\u67e5\u53ca\u4ea4\u4ee3\u3002\u003Cbr \/\u003E\u003Cbr \/\u003E\u8072\u660e\u4ea6\u547c\u7c72\u9752\u5e74\u4eba\uff0c\u4e0d\u8ad6\u63a1\u53d6\u4f55\u7a2e\u8868\u9054\u610f\u898b\u7684\u65b9\u5f0f\uff0c\u90fd\u52d9\u5fc5\u8981\u6ce8\u610f\u751f\u547d\u5b89\u5168\uff0c\u4ee5\u7406\u6027\u548c\u5e73\u7684\u614b\u5ea6\u5805\u5b88\u8a34\u6c42\uff0c\u4fdd\u8b77\u81ea\u5df1\u7684\u540c\u6642\u4e5f\u611b\u8b77\u8eab\u908a\u7684\u4eba\u3002","",""],"section":"1","cat":"1","publish_datetime":"2019-11-11 19:48:00","vdo":{"cover_path":"","headline":"","id":"","video_path":""},"vid":{"cover_path":"","headline":"","id":"","video_path":""},"imgs":[{"path":"20191111\/_2019111120015092777_600.jpg","caption":"\u8b66\u65b9\u4eca\u65e9\u5728\u897f\u7063\u6cb3\u958b\u69cd\u64ca\u4e2d\u8a72\u540d21\u6b72\u7537\u5b50\u3002\u7db2\u5716","isCover":0}],"writer":{"columnTitle":"","columnistID":"","trait":"","writer":""},"layout":"4","keyword":["\u897f\u7063\u6cb3","\u5927\u4e09\u7f77"],"related_news":[{"id":"1133900","newsID":"","title":"\u3010\u5927\u4e09\u7f77\u3011\u9ec3\u57d4\u3001\u89c0\u5858\u53ca\u99ac\u978d\u5c71\u7ad9\u95dc\u9589 \u8f15\u9435\u591a\u689d\u8def\u7dda\u505c\u99db ","content":"","section":"1","cat":"1","publish_datetime":"2019-11-11 17:54:00","vdo":{"cover_path":"","headline":"","id":"","video_path":""},"imgs":[{"path":"20191111\/_2019111116384792176_370.jpeg","isCover":1},{"path":"20191111\/_2019111115193013440_370.jpg","isCover":0},{"path":"20191111\/_2019111115193122959_370.jpg","isCover":0}],"writer":{"columnTitle":"","columnistID":"","trait":"","writer":""},"layout":"1","share_link":""},{"id":"1134299","newsID":"","title":"\u3010\u5927\u4e09\u7f77\u3011\u6d89\u99d5\u99db\u96fb\u55ae\u8eca\u649e\u4eba\u7fa4 \u8475\u82b3\u4ea4\u8b66\u66ab\u505c\u524d\u7dda\u8077\u52d9\u53ca\u4f11\u5047","content":"","section":"1","cat":"1","publish_datetime":"2019-11-11 17:21:00","vdo":{"cover_path":"","headline":"","id":"","video_path":""},"imgs":[{"path":"20191111\/_2019111116412725882_370.jpg","isCover":1}],"writer":{"columnTitle":"","columnistID":"","trait":"","writer":""},"layout":"1","share_link":""},{"id":"1134302","newsID":"","title":"\u3010\u5927\u4e09\u7f77\u3011\u6e2f\u5927\u4e2d\u5927\u7b49\u5ba3\u5e03\u660e\u65e5\u505c\u8ab2","content":"","section":"1","cat":"1","publish_datetime":"2019-11-11 18:41:00","vdo":{"cover_path":"","headline":"","id":"","video_path":""},"imgs":[{"path":"20191111\/_2019111118525863922_370.jpg","isCover":1}],"writer":{"columnTitle":"","columnistID":"","trait":"","writer":""},"layout":"1","share_link":""},{"id":"1134305","newsID":"","title":"\u3010\u5927\u4e09\u7f77\u3011\u7a31\u958b\u69cd\u56e0\u793a\u5a01\u8005\u6301\u9435\u901a\u5716\u6436\u69cd \u8b66:\u96fb\u5149\u706b\u77f3\u672a\u53ca\u8b66\u544a","content":"","section":"1","cat":"1","publish_datetime":"2019-11-11 16:36:00","vdo":{"cover_path":"","headline":"","id":"","video_path":""},"imgs":[{"path":"20191111\/_2019111117293865243_370.jpg","isCover":1},{"path":"20191111\/_2019111117054585149_370.jpg","isCover":0},{"path":"20191111\/_2019111116435360407_370.jpg","isCover":0}],"writer":{"columnTitle":"","columnistID":"","trait":"","writer":""},"layout":"1","share_link":""},{"id":"1134308","newsID":"","title":"\u3010\u5927\u4e09\u7f77\u3011\u9632\u66b4\u518d\u8b66\u544a\u653e\u50ac\u6dda\u5f48\u4eba\u7fa4\u56db\u6563 \u4e2d\u74b0\u6062\u5fa9\u901a\u8eca","content":"","section":"1","cat":"1","publish_datetime":"2019-11-11 16:45:00","vdo":{"cover_path":"","headline":"","id":"","video_path":""},"imgs":[{"path":"20191111\/_2019111116520439530_370.jpg","isCover":1}],"writer":{"columnTitle":"","columnistID":"","trait":"","writer":""},"layout":"1","share_link":""},{"id":"1134311","newsID":"","title":"\u3010\u5927\u4e09\u7f77\u3011\u6307\u958b\u69cd\u8b66\u9808\u505c\u8077\u63a5\u53d7\u7d00\u5f8b\u8655\u5206 \u9673\u6dd1\u838a\u4fc3\u7368\u7acb\u8abf\u67e5","content":"","section":"1","cat":"1","publish_datetime":"2019-11-11 16:37:00","vdo":{"cover_path":"","headline":"","id":"","video_path":""},"imgs":[{"path":"20191111\/_2019111116494435868_370.jpg","isCover":1}],"writer":{"columnTitle":"","columnistID":"","trait":"","writer":""},"layout":"1","share_link":""},{"id":"1134350","newsID":"","title":"\u3010\u5927\u4e09\u7f77\u3011\u7d05\u5341\u5b57\u6703\u6350\u8840\u7ad9\u4e0b\u53486\u6642\u95dc\u9589","content":"","section":"1","cat":"1","publish_datetime":"2019-11-11 17:12:00","vdo":{"cover_path":"","headline":"","id":"","video_path":""},"imgs":[{"path":"20191111\/_2019111117145225607_370.jpg","isCover":1}],"writer":{"columnTitle":"","columnistID":"","trait":"","writer":""},"layout":"1","share_link":""},{"id":"1134377","newsID":"","title":"\u3010\u5927\u4e09\u7f77\u3011\u8521\u82f1\u6587\u6307\u958b\u69cd\u4ee4\u554f\u984c\u60e1\u5316 \u7c72\u6e2f\u5e9c\u8207\u6c11\u5c0d\u8a71","content":"","section":"1","cat":"1","publish_datetime":"2019-11-11 17:22:00","vdo":{"cover_path":"","headline":"","id":"","video_path":""},"imgs":[{"path":"20191111\/_2019111117345060691_370.jpg","isCover":1}],"writer":{"columnTitle":"","columnistID":"","trait":"","writer":""},"layout":"1","share_link":""},{"id":"1134407","newsID":"","title":"\u3010\u5927\u4e09\u7f77\u3011\u9ed1\u8863\u4eba\u7063\u4ed4\u9285\u947c\u7063\u4e00\u5e36\u5835\u8def \u9632\u66b4\u8b66\u6021\u548c\u8857\u65bd\u653e\u50ac\u6dda\u5f48","content":"","section":"1","cat":"1","publish_datetime":"2019-11-11 17:44:00","vdo":{"cover_path":"","headline":"","id":"","video_path":""},"imgs":[{"path":"20191111\/_2019111117480496837_370.jpeg","isCover":1}],"writer":{"columnTitle":"","columnistID":"","trait":"","writer":""},"layout":"1","share_link":""},{"id":"1134506","newsID":"","title":"\u3010\u5927\u4e09\u7f77\u3011\u8b66\u65b9\u64ad\u653e\u88ab\u6355\u7591\u72af\u9003\u8dd1\u7247\u6bb5 \u88ab\u8cea\u7591\u662f\u5426\u4e2d\u69cd\u50b7\u8005","content":"","section":"1","cat":"1","publish_datetime":"2019-11-11 19:20:00","vdo":{"cover_path":"","headline":"","id":"","video_path":""},"imgs":[{"path":"20191111\/_2019111119491962507_370.jpg","isCover":1},{"path":"20191111\/_2019111119492079263_370.jpg","isCover":0},{"path":"20191111\/_2019111119434146885_370.jpg","isCover":0}],"writer":{"columnTitle":"","columnistID":"","trait":"","writer":""},"layout":"1","share_link":""}],"relevant_news":[],"topic":[],"share_link":"http:\/\/hd.stheadline.com\/news\/realtime\/hk\/1634527"}