{"id":"1134656","newsID":"","title":"\u3010\u5927\u4e09\u7f77\u3011\u8343\u7063\u9ed1\u8863\u4eba\u8a2d\u8def\u969c \u9632\u66b4\u8b66\u5236\u670d\u81f3\u5c111\u4eba","content":["\u6709\u7db2\u6c11\u5728\u591a\u500b\u7db2\u4e0a\u7fa4\u7d44\u865f\u53ec\u300c\u7121\u9650\u671f\u4e09\u7f77\u300d\uff0c\u4eca\u65e5\u6e05\u6668\u7e7c\u7e8c\u5728\u5341\u516b\u5340\u63a1\u53d6\u884c\u52d5\uff0c\u6709\u7db2\u6c11\u66f4\u547c\u7c72\u4e58\u5750\u6e2f\u9435\u7684\u793a\u5a01\u8005\uff0c\u903c\u7206\u8eca\u5ec2\u963b\u958b\u8eca\uff0c\u52d9\u6c42\u7671\u7613\u9435\u8def\u4ea4\u901a\u3002\u5176\u4e2d\u5728\u8343\u7063\u6709\u591a\u540d\u9ed1\u8863\u4eba\u8a2d\u7f6e\u8def\u969c\uff0c\u9632\u66b4\u8b66\u5bdf\u5230\u5834\u8ffd\u622a\uff0c\u4e26\u5236\u670d\u81f3\u5c111\u4eba\u3002","",""],"section":"1","cat":"1","publish_datetime":"2019-11-12 08:04:00","vdo":{"cover_path":"","headline":"","id":"","video_path":""},"vid":{"cover_path":"","headline":"","id":"","video_path":""},"imgs":[],"writer":{"columnTitle":"","columnistID":"","trait":"","writer":""},"layout":"4","keyword":["\u5927\u4e09\u7f77","\u8343\u7063","\u9ed1\u8863\u4eba","\u8def\u969c"],"related_news":[{"id":"1134521","newsID":"","title":"\u3010\u5927\u4e09\u7f77\u3011\u9ed1\u8863\u4eba\u5c07\u8ecd\u6fb3\u7ad9\u639f\u6c7d\u6cb9\u5f48 \u63a8\u7ffb\u5ba2\u8ca8\u8eca\u7e31\u706b","content":"","section":"1","cat":"1","publish_datetime":"2019-11-11 23:59:00","vdo":{"cover_path":"","headline":"","id":"","video_path":""},"imgs":[{"path":"20191111\/_2019111123572744094_370.jpg","isCover":1},{"path":"20191111\/_2019111123572895068_370.jpg","isCover":0},{"path":"20191111\/_2019111123572398097_370.jpg","isCover":0}],"writer":{"columnTitle":"","columnistID":"","trait":"","writer":""},"layout":"1","share_link":""},{"id":"1134575","newsID":"","title":"\u3010\u5927\u4e09\u7f77\u3011\u6771\u6d8c\u8b66\u7f72\u9580\u53e3\u5916\u906d\u9ed1\u8863\u4eba\u7e31\u706b\uff08\u6709\u7247\uff09","content":"","section":"1","cat":"1","publish_datetime":"2019-11-11 22:45:00","vdo":{"cover_path":"","headline":"","id":"","video_path":""},"imgs":[{"path":"20191111\/_2019111123051077358_370.jpg","isCover":1}],"writer":{"columnTitle":"","columnistID":"","trait":"","writer":""},"layout":"1","share_link":""},{"id":"1134584","newsID":"","title":"\u3010\u5927\u4e09\u7f77\u3011\u8b66\u65b9\u65fa\u89d2\u5bc6\u96c6\u767c\u5c04\u50ac\u6dda\u5f48 \u8a18\u8005\u80cc\u90e8\u64ca\u4e2d\u71d9\u50b7","content":"","section":"1","cat":"1","publish_datetime":"2019-11-11 23:08:00","vdo":{"cover_path":"","headline":"","id":"","video_path":""},"imgs":[{"path":"20191111\/_2019111123174794443_370.jpg","isCover":1},{"path":"20191111\/_2019111123174841161_370.jpg","isCover":0},{"path":"20191111\/_2019111123174956858_370.jpg","isCover":0}],"writer":{"columnTitle":"","columnistID":"","trait":"","writer":""},"layout":"1","share_link":""},{"id":"1134599","newsID":"","title":"\u3010\u5927\u4e09\u7f77\u3011\u793a\u5a01\u8005\u5927\u8086\u7834\u58de\u65fa\u89d2\u7fe0\u83ef\u53ca\u592a\u8208 \u7e31\u706b\u71d2\u8def\u969c\u50b3\u7206\u70b8","content":"","section":"1","cat":"1","publish_datetime":"2019-11-11 23:33:00","vdo":{"cover_path":"","headline":"","id":"","video_path":""},"imgs":[{"path":"20191111\/_2019111123431151295_370.jpg","isCover":1},{"path":"20191111\/_2019111123430760433_370.jpg","isCover":0},{"path":"20191111\/_2019111123430444480_370.jpg","isCover":0}],"writer":{"columnTitle":"","columnistID":"","trait":"","writer":""},"layout":"1","share_link":""},{"id":"1134605","newsID":"","title":"\u3010\u5927\u4e09\u7f77\u3011\u8b66\u65b9:\u5168\u65e5\u62d8\u6355\u8d85\u904e260\u4eba","content":"","section":"1","cat":"1","publish_datetime":"2019-11-11 23:58:00","vdo":{"cover_path":"","headline":"","id":"","video_path":""},"imgs":[{"path":"20191112\/_2019111200124957204_370.jpeg","isCover":1},{"path":"20191112\/_2019111200125065858_370.jpeg","isCover":0},{"path":"20191112\/_2019111200125231811_370.jpeg","isCover":0}],"writer":{"columnTitle":"","columnistID":"","trait":"","writer":""},"layout":"1","share_link":""},{"id":"1134611","newsID":"","title":"\u3010\u5927\u4e09\u7f77\u3011\u6e2f\u9435\u897f\u7063\u6cb3\u53ca\u8475\u82b3\u7ad9\u95dc\u9589 \u591a\u689d\u5df4\u58eb\u7dda\u505c\u99db\u6539\u9053","content":"","section":"1","cat":"1","publish_datetime":"2019-11-12 06:30:00","vdo":{"cover_path":"","headline":"","id":"","video_path":""},"imgs":[{"path":"20191112\/_2019111206350853620_370.jpg","isCover":1}],"writer":{"columnTitle":"","columnistID":"","trait":"","writer":""},"layout":"1","share_link":""},{"id":"1134626","newsID":"","title":"\u3010\u5927\u4e09\u7f77\u3011\u65fa\u89d2\u7fe0\u83ef\u906d\u7834\u58de \u8a2d\u5099\u73bb\u7483\u640d\u6bc0","content":"","section":"1","cat":"1","publish_datetime":"2019-11-12 06:58:00","vdo":{"cover_path":"","headline":"","id":"","video_path":""},"imgs":[{"path":"20191112\/_2019111207023238120_370.jpg","isCover":1},{"path":"20191112\/_2019111207023325951_370.jpg","isCover":0},{"path":"20191112\/_2019111207023582633_370.jpg","isCover":0}],"writer":{"columnTitle":"","columnistID":"","trait":"","writer":""},"layout":"1","share_link":""},{"id":"1134629","newsID":"","title":"\u3010\u5927\u4e09\u7f77\u3011\u6771\u6d8c\u7ad9\u9326\u4e0a\u8def\u81f3\u5c6f\u9580\u7ad9\u66ab\u505c\u670d\u52d9 \u706b\u70ad\u7ad9\u81f3\u5927\u57d4\u7ad9\u505c\u99db","content":"","section":"1","cat":"1","publish_datetime":"2019-11-12 08:19:00","vdo":{"cover_path":"","headline":"","id":"","video_path":""},"imgs":[{"path":"20191112\/_2019111207364679625_370.jpg","isCover":1},{"path":"20191112\/_2019111207364810517_370.jpg","isCover":0},{"path":"20191112\/_2019111207493077430_370.jpg","isCover":0}],"writer":{"columnTitle":"","columnistID":"","trait":"","writer":""},"layout":"1","share_link":""},{"id":"1134638","newsID":"","title":"\u3010\u5927\u4e09\u7f77\u3011\u524d\u5468\u520a\u8a18\u8005\u906d\u300c\u79c1\u4e86\u300d\u50b7\u773c","content":"","section":"1","cat":"1","publish_datetime":"2019-11-12 07:20:00","vdo":{"cover_path":"","headline":"","id":"","video_path":""},"imgs":[{"path":"20191112\/_2019111207230132958_370.jpg","isCover":1}],"writer":{"columnTitle":"","columnistID":"","trait":"","writer":""},"layout":"1","share_link":""},{"id":"1134644","newsID":"","title":"\u3010\u5927\u4e09\u7f77\u3011\u591a\u5340\u9632\u66b4\u6212\u5099 \u622a\u67e5\u5b78\u751f","content":"","section":"1","cat":"1","publish_datetime":"2019-11-12 07:26:00","vdo":{"cover_path":"","headline":"","id":"","video_path":""},"imgs":[{"path":"20191112\/_2019111207344453408_370.jpg","isCover":1},{"path":"20191112\/_2019111207481166490_370.jpg","isCover":0},{"path":"20191112\/_2019111207480950906_370.jpg","isCover":0}],"writer":{"columnTitle":"","columnistID":"","trait":"","writer":""},"layout":"1","share_link":""}],"relevant_news":[],"topic":[],"share_link":"http:\/\/hd.stheadline.com\/news\/realtime\/hk\/1634656"}