{"id":"1134437","newsID":"","title":"\u3010\u5927\u4e09\u7f77\u3011\u7537\u5b50\u7b72\u7b95\u7063\u7591\u62cd\u651d\u8499\u9762\u4eba\u88ab\u570d\u6bc6 \u982d\u50b7\u6dcc\u8840","content":["\u897f\u7063\u6cb3\u4eca\u65e9\u6709\u8b66\u54e1\u9a45\u8d95\u793a\u5a01\u8005\u6642\u958b\u771f\u69cd\uff0c2\u540d\u9752\u5e74\u53d7\u50b7\u5012\u5730\uff0c\u5927\u6279\u793a\u5a01\u8005\u4e0d\u6eff\u8b66\u65b9\u505a\u6cd5\uff0c\u7e7c\u7e8c\u805a\u96c6\u5728\u897f\u7063\u6cb3\u7ad9\u5916\u4e00\u5e36\uff0c\u8b66\u65b9\u591a\u6b21\u65bd\u653e\u80e1\u6912\u5674\u9727\uff0c\u4e26\u62d8\u6355\u591a\u4eba\u3002\u81f3\u4e0b\u5348\uff0c\u4ecd\u6709\u5927\u6279\u793a\u5a01\u8005\u5728\u5834\u5835\u585e\u99ac\u8def\uff0c\u671f\u9593\u4e00\u540d\u5973\u5b50\u5728\u7b72\u7b95\u7063\u9053\u8fd1\u6d77\u5be7\u9053\u7591\u62cd\u651d\u8499\u9762\u4eba\uff0c\u906d\u9ed1\u8863\u4eba\u6436\u8d70\u624b\u6a5f\uff0c\u5973\u5b50\u9ad8\u547c\u300c\u8499\u9762\u4eba\u7b49\u5929\u6536\u300d\uff0c\u96a8\u5373\u88ab\u5927\u6279\u793a\u5a01\u8005\u5305\u570d\uff0c\u722d\u57f7\u671f\u9593\u5979\u88ab\u4eba\u63a8\u5012\uff0c\u4ea6\u6709\u4eba\u5411\u5979\u64f2\u96e8\u5098\uff0c\u4e4b\u5f8c\u5979\u96e2\u958b\u3002\u003Cbr \/\u003E\u003Cbr \/\u003E\u53e6\u5916\uff0c\u4ea6\u6709\u4e00\u540d\u7537\u5b50\u540c\u6a23\u7591\u56e0\u5728\u5834\u62cd\u651d\u793a\u5a01\u8005\uff0c\u5728\u6d77\u5be7\u9053\u88ab\u591a\u4eba\u570d\u6bc6\uff0c\u64da\u6089\uff0c\u7537\u5b50\u4e8b\u5f8c\u522a\u9664\u76f8\u7247\uff0c\u4e26\u54c0\u6c42\u300c\u653e\u884c\u300d\uff0c\u4f46\u4ed6\u4ecd\u88ab\u8972\uff0c\u4e0d\u4e45\u7537\u5b50\u7d42\u7372\u653e\u884c\uff0c\u4ed6\u982d\u90e8\u53d7\u50b7\u6d41\u8840\uff0c\u885d\u4e0a\u7684\u58eb\u96e2\u958b\u73fe\u5834\u3002","",""],"section":"1","cat":"1","publish_datetime":"2019-11-11 18:07:00","vdo":{"cover_path":"","headline":"","id":"","video_path":""},"vid":{"cover_path":"","headline":"","id":"","video_path":""},"imgs":[{"path":"20191111\/_2019111118134588876_600.jpeg","caption":"\u7537\u5b50\u7d42\u7372\u653e\u884c\uff0c\u4ed6\u982d\u90e8\u6d41\u8840\u96e2\u958b\u73fe\u5834\u3002","isCover":0},{"path":"20191111\/_2019111118134369781_600.jpeg","caption":"\u4e00\u540d\u7537\u5b50\u7591\u56e0\u62cd\u651d\u8499\u9762\u4eba\uff0c\u88ab\u591a\u4eba\u570d\u6bc6\u3002","isCover":0},{"path":"20191111\/_2019111118134446600_600.jpeg","caption":"\u4e00\u540d\u7537\u5b50\u7591\u56e0\u62cd\u651d\u8499\u9762\u4eba\uff0c\u88ab\u591a\u4eba\u570d\u6bc6\u3002","isCover":0}],"writer":{"columnTitle":"","columnistID":"","trait":"","writer":""},"layout":"4","keyword":[],"related_news":[{"id":"1134521","newsID":"","title":"\u3010\u5927\u4e09\u7f77\u3011\u9ed1\u8863\u4eba\u5c07\u8ecd\u6fb3\u7ad9\u639f\u6c7d\u6cb9\u5f48 \u63a8\u7ffb\u5ba2\u8ca8\u8eca\u7e31\u706b","content":"","section":"1","cat":"1","publish_datetime":"2019-11-11 23:59:00","vdo":{"cover_path":"","headline":"","id":"","video_path":""},"imgs":[{"path":"20191111\/_2019111123572744094_370.jpg","isCover":1},{"path":"20191111\/_2019111123572895068_370.jpg","isCover":0},{"path":"20191111\/_2019111123572398097_370.jpg","isCover":0}],"writer":{"columnTitle":"","columnistID":"","trait":"","writer":""},"layout":"1","share_link":""},{"id":"1134605","newsID":"","title":"\u3010\u5927\u4e09\u7f77\u3011\u8b66\u65b9:\u5168\u65e5\u62d8\u6355\u8d85\u904e260\u4eba","content":"","section":"1","cat":"1","publish_datetime":"2019-11-11 23:58:00","vdo":{"cover_path":"","headline":"","id":"","video_path":""},"imgs":[{"path":"20191112\/_2019111200124957204_370.jpeg","isCover":1},{"path":"20191112\/_2019111200125065858_370.jpeg","isCover":0},{"path":"20191112\/_2019111200125231811_370.jpeg","isCover":0}],"writer":{"columnTitle":"","columnistID":"","trait":"","writer":""},"layout":"1","share_link":""},{"id":"1134602","newsID":"","title":"\u6e2f\u9435\uff1a\u8475\u82b3\u7ad9\u53ca\u897f\u7063\u6cb3\u7ad9\u5468\u4e8c\u7e7c\u7e8c\u95dc\u9589","content":"","section":"1","cat":"1","publish_datetime":"2019-11-11 23:45:00","vdo":{"cover_path":"","headline":"","id":"","video_path":""},"imgs":[{"path":"20191111\/_2019111123495784578_370.jpg","isCover":1}],"writer":{"columnTitle":"","columnistID":"","trait":"","writer":""},"layout":"1","share_link":""},{"id":"1134599","newsID":"","title":"\u3010\u5927\u4e09\u7f77\u3011\u793a\u5a01\u8005\u5927\u8086\u7834\u58de\u65fa\u89d2\u7fe0\u83ef\u53ca\u592a\u8208 \u7e31\u706b\u71d2\u8def\u969c\u50b3\u7206\u70b8","content":"","section":"1","cat":"1","publish_datetime":"2019-11-11 23:33:00","vdo":{"cover_path":"","headline":"","id":"","video_path":""},"imgs":[{"path":"20191111\/_2019111123431151295_370.jpg","isCover":1},{"path":"20191111\/_2019111123430760433_370.jpg","isCover":0},{"path":"20191111\/_2019111123430444480_370.jpg","isCover":0}],"writer":{"columnTitle":"","columnistID":"","trait":"","writer":""},"layout":"1","share_link":""}],"relevant_news":[],"topic":[],"share_link":"http:\/\/hd.stheadline.com\/news\/realtime\/hk\/1634437"}