{"columnistID":"305","columnTitle":"\u7cd6\u679c\u5c4b","writer":"\u7cd6\u59b9","trait":"columnist_res/columnist_65x65/20120813021204551666260.jpg","list":[{"id":"817152","newsID":"350283","title":"\u7cd6\u679c\u5c4b\u2014\u2014\u8072\u6f14\u300a\u9b54\u96ea\u5947\u7de32\u300b","content":"\u76f8\u4fe1\u4e0d\u5c11\u5bb6\u9577\u5df2\u5e36\u5c0f\u670b\u53cb\u5165\u5834\u770b\u4e86\u300a\u9b54\u96ea\u5947\u7de32\u300b\uff0c\u9019\u59572013\u5e74\u96fb\u5f71\u300a\u9b54\u96ea\u5947\u7de3\u300b\u7684\u7e8c\u96c6\uff0c\u6545\u4e8b\u8b1b\u5230El","section":"5","cat":"1","publish_datetime":"2019-12-04","vdo":{"cover_path":"","headline":"","id":"","video_path":""},"imgs":[{"path":"news_res/2019/12/04/350283/wttp048p01a_fb.jpg","isCover":"1"}],"writer":{"columnistID":"305","columnTitle":"\u7cd6\u679c\u5c4b","writer":"\u7cd6\u59b9","trait":"columnist_res/columnist_65x65/20120813021204551666260.jpg"},"layout":"1","share_link":""},{"id":"815334","newsID":"337764","title":"\ufeff\u7cd6\u679c\u5c4b\u2014\u2014\u6253\u958b\u5b69\u5b50\u97f3\u6a02\u4e16\u754c","content":"\u3000\u5f88\u4e45\u6c92\u6709\u53c3\u6f14\u904e\u97f3\u6a02\u821e\u53f0\u5287\u4e86\uff0c\u6700\u8fd1\u77e5\u9053\u660e\u5e74\u6703\u53c3\u8207\u7531\u9999\u6e2f\u4e2d\u6a02\u5718\u4e3b\u8fa6\u7684\u300a\u97f3\u6a02\u8b1b\u6545\u4e8b\u300b\uff0c\u5fc3\u88cf\u4e5f\u7740\u5be6\u5f88\u8208\u596e\u3002","section":"5","cat":"1","publish_datetime":"2019-11-27","vdo":{"cover_path":"","headline":"","id":"","video_path":""},"imgs":[{"path":"news_res/2019/11/27/337764/wttp046p02a_fb.jpg","isCover":"0"}],"writer":{"columnistID":"305","columnTitle":"\u7cd6\u679c\u5c4b","writer":"\u7cd6\u59b9","trait":"columnist_res/columnist_65x65/20120813021204551666260.jpg"},"layout":"1","share_link":""},{"id":"813474","newsID":"326922","title":"\u7cd6\u679c\u5c4b\u2014\u2014\u7cd6\u5144\u59b9\u7684\u7b2c\u4e5d\u500b\u5e74\u982d","content":"\u4eba\u5bb6\u8aaa\u4eba\u751f\u6c92\u5e7e\u500b\u5341\u5e74\uff0c\u8f49\u773c\u9593\uff0c\u7cd6\u5144\u59b9\u6210\u7acb\u5df2\u662f\u7b2c\u4e5d\u500b\u5e74\u982d\uff0c\u660e\u5e74\u4fbf\u8e0f\u5165\u6211\u5011\u6210\u7acb\u5341\u5468\u5e74\u7d00\u5ff5\uff0c\u7d93\u904e\u9019\u9ebc\u591a","section":"5","cat":"1","publish_datetime":"2019-11-20","vdo":{"cover_path":"","headline":"","id":"","video_path":""},"imgs":[{"path":"news_res/2019/11/20/326922/wttp042p01a_fb.jpg","isCover":"1"}],"writer":{"columnistID":"305","columnTitle":"\u7cd6\u679c\u5c4b","writer":"\u7cd6\u59b9","trait":"columnist_res/columnist_65x65/20120813021204551666260.jpg"},"layout":"1","share_link":""},{"id":"811635","newsID":"316668","title":"\ufeff\u7cd6\u679c\u5c4b\u2014\u2014\u65b0\u84b2\u5d17\u8857\u908a\u8993\u98df","content":"\u65b0\u84b2\u5d17\u662f\u5730\u9053\u7f8e\u98df\u96c6\u4e2d\u5730\uff0c\u4ee5\u524d\u4e88\u4eba\u4ea4\u901a\u4e0d\u4fbf\u7684\u611f\u89ba\uff0c\u4e0d\u904e\u8fd1\u5e74\u958b\u4e86\u5927\u578b\u5546\u5834\uff0c\u4ee5\u53ca\u8208\u5efa\u4e0d\u5c11\u65b0\u6a13\u5b87\uff0c\u5df4\u58eb\u53ca","section":"5","cat":"1","publish_datetime":"2019-11-13","vdo":{"cover_path":"","headline":"","id":"","video_path":""},"imgs":[{"path":"news_res/2019/11/13/316668/wttp048p01a_fb.jpg","isCover":"0"}],"writer":{"columnistID":"305","columnTitle":"\u7cd6\u679c\u5c4b","writer":"\u7cd6\u59b9","trait":"columnist_res/columnist_65x65/20120813021204551666260.jpg"},"layout":"1","share_link":""},{"id":"809790","newsID":"306186","title":"\u7cd6\u679c\u5c4b\u2014\u2014\u5403\u597d\u6bcf\u4e00\u9910","content":"\u81ea\u5f9e\u62cd\u4e86\u98f2\u98df\u7bc0\u76ee\uff0c\u6bcf\u6b21\u7d04\u8eab\u908a\u670b\u53cb\u805a\u6703\uff0c\u4ed6\u5011\u90fd\u6703\u554f\u6211\u6709\u751a\u9ebc\u597d\u63a8\u4ecb\uff1f\u80fd\u5426\u63a8\u85a6\u4e00\u4e9b\u7279\u8272\u5730\u65b9\u3002\u670b\u53cb\u5011\u5c0d\u7f8e","section":"5","cat":"1","publish_datetime":"2019-11-06","vdo":{"cover_path":"","headline":"","id":"","video_path":""},"imgs":[{"path":"news_res/2019/11/06/306186/wttp045p02a_fb.jpg","isCover":"1"}],"writer":{"columnistID":"305","columnTitle":"\u7cd6\u679c\u5c4b","writer":"\u7cd6\u59b9","trait":"columnist_res/columnist_65x65/20120813021204551666260.jpg"},"layout":"1","share_link":""},{"id":"807906","newsID":"296364","title":"\u7cd6\u679c\u5c4b\u2014\u2014\u96fb\u5b50\u904a\u6232\u5275\u65b0\u79d1","content":"\u6211\u7684\u8b80\u66f8\u6642\u4ee3\uff0c\u6c92\u6709\u73fe\u5728\u5982\u6b64\u5148\u9032\u3001\u597d\u73a9\u7684\u96fb\u5b50\u904a\u6232\uff0c\u800c\u6211\u6700\u5927\u7684\u5a1b\u6a02\u662f\u770b\u66f8\u3001\u807d\u97f3\u6a02\uff0c\u6bcf\u6709\u6642\u9593\u4fbf\u5230\u66f8\u5e97\u6216","section":"5","cat":"1","publish_datetime":"2019-10-30","vdo":{"cover_path":"","headline":"","id":"","video_path":""},"imgs":[{"path":"news_res/2019/10/30/296364/wttp039p02a_fb.jpg","isCover":"1"}],"writer":{"columnistID":"305","columnTitle":"\u7cd6\u679c\u5c4b","writer":"\u7cd6\u59b9","trait":"columnist_res/columnist_65x65/20120813021204551666260.jpg"},"layout":"1","share_link":""},{"id":"806055","newsID":"286827","title":"\u7cd6\u679c\u5c4b\u2014\u2014\u7f8e\u98df\u9ad8\u624b\u5728\u6c11\u9593","content":"\u3000\u4ecb\u7d39\u9999\u6e2f\u5404\u5340\u7f8e\u98df\u8857\u7684\u7bc0\u76ee\u5f9e8\u6708\u62cd\u5230\u73fe\u5728\uff0c\u5171\u5341\u4e94\u96c6\uff0c\u9810\u8a08\u523011\u6708\u62cd\u651d\u5b8c\u7562\u3002\u6536\u5230\u5404\u65b9\u9762\u4e0d\u540c\u7684Feedb","section":"5","cat":"1","publish_datetime":"2019-10-23","vdo":{"cover_path":"","headline":"","id":"","video_path":""},"imgs":[{"path":"news_res/2019/10/23/286827/wttp046p01a_fb.jpg","isCover":"1"}],"writer":{"columnistID":"305","columnTitle":"\u7cd6\u679c\u5c4b","writer":"\u7cd6\u59b9","trait":"columnist_res/columnist_65x65/20120813021204551666260.jpg"},"layout":"1","share_link":""},{"id":"804065","newsID":"277256","title":"\ufeff\u7cd6\u679c\u5c4b\u2014\u2014\u6539\u5584\u8072\u6c99 \u65e5\u5e38\u5c0f\u767e\u79d1","content":"\u3000\u4e0a\u56de\u8b1b\u5230\u6211\u627e\u4e86\u8072\u97f3\u5c0e\u5e2b\u5e6b\u5fd9\u6539\u5584\u6c99\u8072\u554f\u984c\uff0c\u7d93\u904e\u5c0e\u5e2b\u7684\u8b1b\u89e3\u5f8c\uff0c\u6211\u767c\u73fe\u539f\u4f86\u6700\u5927\u554f\u984c\u662f\u904e\u5ea6\u7528\u8072\uff0c\u5982\u5927\u8072\u53eb\u558a","section":"5","cat":"1","publish_datetime":"2019-10-16","vdo":{"cover_path":"","headline":"","id":"","video_path":""},"imgs":[{"path":"news_res/2019/10/16/277256/wttp044p01a_fb.jpg","isCover":"1"}],"writer":{"columnistID":"305","columnTitle":"\u7cd6\u679c\u5c4b","writer":"\u7cd6\u59b9","trait":"columnist_res/columnist_65x65/20120813021204551666260.jpg"},"layout":"1","share_link":""},{"id":"802220","newsID":"268856","title":"\ufeff\u7cd6\u679c\u5c4b\u2014\u2014\u8aaa\u8a71\u7684\u85dd\u8853","content":"\u8fd1\u4f86\u5bc6\u96c6\u5f0f\u7684\u7bc0\u76ee\u4ee4\u6211\u8aaa\u8a71\u6642\u6108\u4f86\u6108\u5feb\u6c99\u8072\uff0c\u5176\u5be6\u6211\u5927\u6982\u4e5f\u77e5\u9053\u9700\u8981\u5411\u8ab0\u6c42\u52a9\uff0c\u60f3\u4e0d\u5230\uff0c\u904e\u5169\u5929\u771f\u7684\u9047\u4e0a\u5979","section":"5","cat":"1","publish_datetime":"2019-10-09","vdo":{"cover_path":"","headline":"","id":"","video_path":""},"imgs":[{"path":"news_res/2019/10/09/268856/wttp048p01a_fb.jpg","isCover":"1"}],"writer":{"columnistID":"305","columnTitle":"\u7cd6\u679c\u5c4b","writer":"\u7cd6\u59b9","trait":"columnist_res/columnist_65x65/20120813021204551666260.jpg"},"layout":"1","share_link":""},{"id":"800636","newsID":"262637","title":"\ufeff\u7cd6\u679c\u5c4b\u2014\u2014\u5929\u540e\u7f8e\u98df\u591a\u7c6e\u7c6e","content":"\u5f88\u591a\u670b\u53cb\u898b\u5230\u6211\u62cd\u65b0\u4e00\u8f2f\u98f2\u98df\u7bc0\u76ee\uff0c\u90fd\u554f\u6211\u662f\u5426\u771f\u7684\u5168\u90e8\u6709\u5403\uff0c\u9019\u7576\u7136\u662f\u771f\u7684\u554a\uff0c\u96e3\u5f97\u6709\u6a5f\u6703\u8a66\u76e1\u7f8e\u98df\u561b\uff01\u5225","section":"5","cat":"1","publish_datetime":"2019-10-02","vdo":{"cover_path":"","headline":"","id":"","video_path":""},"imgs":[{"path":"news_res/2019/10/02/262637/wttp042p02a_fb.jpg","isCover":"1"}],"writer":{"columnistID":"305","columnTitle":"\u7cd6\u679c\u5c4b","writer":"\u7cd6\u59b9","trait":"columnist_res/columnist_65x65/20120813021204551666260.jpg"},"layout":"1","share_link":""},{"id":"798902","newsID":"257267","title":"\ufeff\u7cd6\u679c\u5c4b\u2014\u20142019\u5e74\u6700\u5b8c\u7f8e\u7d50\u5408","content":"\u76f8\u4fe1\u5927\u5bb6\u5df2\u5728\u5404\u5927\u5a92\u9ad4\u4e0a\uff0c\u770b\u5230\u6211\u5169\u4f4d\u8001\u53cb\u738b\u654f\u5955\u548c\u66fe\u570b\u7965\u5927\u54e5\u7d50\u5a5a\u7684\u6d88\u606f\u4e86\u5427\uff01\u5728\u9019\u88cf\u4e5f\u8981\u518d\u4e00\u6b21\u8b1b\u53e5\u606d\u559c","section":"5","cat":"1","publish_datetime":"2019-09-25","vdo":{"cover_path":"","headline":"","id":"","video_path":""},"imgs":[{"path":"news_res/2019/09/25/257267/wttp042p01a_fb.jpg","isCover":"1"}],"writer":{"columnistID":"305","columnTitle":"\u7cd6\u679c\u5c4b","writer":"\u7cd6\u59b9","trait":"columnist_res/columnist_65x65/20120813021204551666260.jpg"},"layout":"1","share_link":""}]}