{"columnistID":"398","columnTitle":"\u4eba\u751f\u99ac\u62c9\u677e","writer":"\u5c48\u7a4e\u598d","trait":"columnist_res/columnist_65x65/20131209124431565612793.jpg","list":[{"id":"888516","newsID":"720036","title":"\u4eba\u751f\u99ac\u62c9\u677e\u2014\u2014\u4e00\u70b7\u9999","content":"\u75ab\u60c5\u4e0b\uff0c\u6bcf\u500b\u4eba\u90fd\u6709\u5404\u81ea\u7684\u907f\u75ab\u6cd5\u9580\u3002\u6709\u4e2d\u91ab\u670b\u53cb\u6bcf\u661f\u671f\u90fd\u7172\u9632\u75ab\u6e6f\u6c34\uff0c\u6709\u670b\u53cb\u5728\u5bb6\u4e2d\u6bcf\u500b\u89d2\u843d\u653e\u534a\u500b\u5256\u958b\u7684","section":"5","cat":"1","publish_datetime":"2020-10-13","vdo":{"cover_path":"","headline":"","id":"","video_path":""},"imgs":[],"writer":{"columnistID":"398","columnTitle":"\u4eba\u751f\u99ac\u62c9\u677e","writer":"\u5c48\u7a4e\u598d","trait":"https://image.stheadline.com/f/10000p10000/0x0/100/none/d9b8fb96189a78ff985bc58941f3a88d/stheadline/columnist_res/columnist_65x65/20131209124431565612793.jpg"},"layout":"1","share_link":""},{"id":"887343","newsID":"712857","title":"\u4eba\u751f\u99ac\u62c9\u677e\u2014\u2014\u4f60\u6709\u578b\uff0c\u6211\u4ed8\u9214","content":"\u7531\u524d\u7279\u9996\u727d\u982d\u7684\u300c803\u300d\u57fa\u91d1\u65e5\u524d\u5165\u7a1f\u9ad8\u9662\u7533\u8acb\u53f8\u6cd5\u8986\u6838\uff0c\u8981\u6c42\u6cd5\u5ead\u4e0b\u4ee4\u6559\u80b2\u5c40\u62ab\u9732\u5c08\u696d\u5931\u5fb7\u7684\u6559\u5e2b\u53ca\u5b78\u6821","section":"5","cat":"1","publish_datetime":"2020-10-08","vdo":{"cover_path":"","headline":"","id":"","video_path":""},"imgs":[],"writer":{"columnistID":"398","columnTitle":"\u4eba\u751f\u99ac\u62c9\u677e","writer":"\u5c48\u7a4e\u598d","trait":"https://image.stheadline.com/f/10000p10000/0x0/100/none/d9b8fb96189a78ff985bc58941f3a88d/stheadline/columnist_res/columnist_65x65/20131209124431565612793.jpg"},"layout":"1","share_link":""},{"id":"886800","newsID":"709857","title":"\u4eba\u751f\u99ac\u62c9\u677e\u2014\u2014\u4eba\u54c1\u8207\u5b78\u6b77\u7684\u95dc\u4fc2","content":"\u4eba\u54c1\u8207\u5b78\u6b77\u5230\u5e95\u6709\u751a\u9ebc\u95dc\u4fc2\uff1f\u9019\u662f\u6211\u8fd1\u5e74\u4e00\u76f4\u601d\u7d22\u7684\u554f\u984c\u3002\n\u3000\u3000\u65e5\u524d\u770b\u5230\u4e00\u500b\u7acb\u6cd5\u6703\u8b70\u54e1\u5728\u7db2\u4e0a\u793e\u4ea4\u5e73\u53f0\u516c","section":"5","cat":"1","publish_datetime":"2020-10-06","vdo":{"cover_path":"","headline":"","id":"","video_path":""},"imgs":[],"writer":{"columnistID":"398","columnTitle":"\u4eba\u751f\u99ac\u62c9\u677e","writer":"\u5c48\u7a4e\u598d","trait":"https://image.stheadline.com/f/10000p10000/0x0/100/none/d9b8fb96189a78ff985bc58941f3a88d/stheadline/columnist_res/columnist_65x65/20131209124431565612793.jpg"},"layout":"1","share_link":""},{"id":"885882","newsID":"700998","title":"\u4eba\u751f\u99ac\u62c9\u677e\u2014\u2014\u7b2c\u4e00\u500b\u8df3\u5d16\u8005","content":"\u4e2d\u5927\u3001\u6d78\u5927\u3001\u6a39\u4ec1\u548c\u73e0\u6d77\uff0c\u5411\u4f86\u662f\u57f9\u8a13\u9999\u6e2f\u65b0\u805e\u5de5\u4f5c\u8005\u7684\u6416\u7c43\uff0c\u4e2d\u6587\u5927\u5b78\u65bc\u4e00\u4e5d\u516d\u4e94\u5e74\u9996\u8fa6\u65b0\u805e\u7cfb\u8ab2\u7a0b\uff0c\u4e4b\u5f8c","section":"5","cat":"1","publish_datetime":"2020-09-29","vdo":{"cover_path":"","headline":"","id":"","video_path":""},"imgs":[],"writer":{"columnistID":"398","columnTitle":"\u4eba\u751f\u99ac\u62c9\u677e","writer":"\u5c48\u7a4e\u598d","trait":"https://image.stheadline.com/f/10000p10000/0x0/100/none/d9b8fb96189a78ff985bc58941f3a88d/stheadline/columnist_res/columnist_65x65/20131209124431565612793.jpg"},"layout":"1","share_link":""},{"id":"884814","newsID":"694215","title":"\u4eba\u751f\u99ac\u62c9\u677e\u2014\u2014\u68d2\u7403\u68cd\u3001\u725b\u8089\u5200\u3001\u6c7d\u6cb9\u5f48","content":"\u5e38\u8b58\u984c\uff1a\u68d2\u7403\u68cd\u3001\u725b\u8089\u5200\u3001\u6c7d\u6cb9\u5f48\uff0c\u54ea\u500b\u5c6c\u65bc\u653b\u64ca\u6027\u6b66\u5668\uff1f\u54ea\u500b\u6bba\u50b7\u529b\u6700\u5927\uff1f\u54ea\u500b\u6700\u6613\u798d\u53ca\u7121\u8f9c\uff1f\n\u3000\u3000\u7576\u4eca","section":"5","cat":"1","publish_datetime":"2020-09-24","vdo":{"cover_path":"","headline":"","id":"","video_path":""},"imgs":[],"writer":{"columnistID":"398","columnTitle":"\u4eba\u751f\u99ac\u62c9\u677e","writer":"\u5c48\u7a4e\u598d","trait":"https://image.stheadline.com/f/10000p10000/0x0/100/none/d9b8fb96189a78ff985bc58941f3a88d/stheadline/columnist_res/columnist_65x65/20131209124431565612793.jpg"},"layout":"1","share_link":""},{"id":"884220","newsID":"690903","title":"\u4eba\u751f\u99ac\u62c9\u677e\u2014\u2014\u9084\u8a18\u5f97\u5979\u55ce\uff1f","content":"\u554f\u5927\u5bb6\u4e00\u500b\u554f\u984c\uff0c\u6211\u76f8\u4fe1\u7d55\u5c11\u4eba\u80fd\u5373\u6642\u4f5c\u7b54\uff0c\u5c31\u7528\u770b\u9019\u7bc7\u6587\u7ae0\u7684\u5e7e\u5206\u9418\u6642\u9593\uff0c\u8b93\u5927\u5bb6\u60f3\u60f3\u3002\n\u3000\u3000\u554f\u984c\u662f\uff1a\u4fee","section":"5","cat":"1","publish_datetime":"2020-09-22","vdo":{"cover_path":"","headline":"","id":"","video_path":""},"imgs":[],"writer":{"columnistID":"398","columnTitle":"\u4eba\u751f\u99ac\u62c9\u677e","writer":"\u5c48\u7a4e\u598d","trait":"https://image.stheadline.com/f/10000p10000/0x0/100/none/d9b8fb96189a78ff985bc58941f3a88d/stheadline/columnist_res/columnist_65x65/20131209124431565612793.jpg"},"layout":"1","share_link":""},{"id":"883131","newsID":"683883","title":"\u4eba\u751f\u99ac\u62c9\u677e\u2014\u2014\u51b7\u98ef\u76d2","content":"\u6211\u662f\u4e00\u500b\u8b66\u5bdf\uff0c\u56e0\u70ba\u500b\u4eba\u539f\u56e0\u8981\u5230\u6fb3\u9580\u53bb\uff0c\u7121\u53ef\u907f\u514d\u5730\u63a5\u53d7\u5341\u56db\u65e5\u9694\u96e2\u3002\n\u3000\u3000\u597d\u591a\u670b\u53cb\u5df2\u9810\u8a00\uff0c\u5728\u9152\u5e97\u9694\u96e2","section":"5","cat":"1","publish_datetime":"2020-09-17","vdo":{"cover_path":"","headline":"","id":"","video_path":""},"imgs":[],"writer":{"columnistID":"398","columnTitle":"\u4eba\u751f\u99ac\u62c9\u677e","writer":"\u5c48\u7a4e\u598d","trait":"https://image.stheadline.com/f/10000p10000/0x0/100/none/d9b8fb96189a78ff985bc58941f3a88d/stheadline/columnist_res/columnist_65x65/20131209124431565612793.jpg"},"layout":"1","share_link":""},{"id":"882553","newsID":"680713","title":"\u4eba\u751f\u99ac\u62c9\u677e\u2014\u2014\u907a\u5fd8\u5728\u9ad8\u96c4\u7684\u7121\u540d\u6c0f","content":"\u7576\u9019\u908a\u5ec2\uff0c\u4e00\u73ed\u5bb6\u5c6c\u5728\u8b74\u8cac\u653f\u5e9c\u7f6e\u5341\u4e8c\u500b\u88ab\u56f0\u5728\u6df1\u5733\u9e7d\u7530\u770b\u5b88\u6240\u7684\u9999\u6e2f\u9003\u72af\u65bc\u4e0d\u9867\u7684\u6642\u5019\uff0c\u6211\u5011\u8a72\u6176\u5e78\uff0c\u81f3\u5c11","section":"5","cat":"1","publish_datetime":"2020-09-15","vdo":{"cover_path":"","headline":"","id":"","video_path":""},"imgs":[],"writer":{"columnistID":"398","columnTitle":"\u4eba\u751f\u99ac\u62c9\u677e","writer":"\u5c48\u7a4e\u598d","trait":"https://image.stheadline.com/f/10000p10000/0x0/100/none/d9b8fb96189a78ff985bc58941f3a88d/stheadline/columnist_res/columnist_65x65/20131209124431565612793.jpg"},"layout":"1","share_link":""},{"id":"881481","newsID":"675102","title":"\u4eba\u751f\u99ac\u62c9\u677e\u2014\u2014\u7121\u8a00\u611f\u6fc0","content":"\u7576\u4f60\u770b\u5230\u5225\u4eba\u6709\u5371\u96e3\uff0c\u4e8c\u8a71\u4e0d\u8aaa\u4f38\u624b\u5e6b\u5fd9\u6642\uff0c\u4f60\u731c\uff0c\u6700\u6d29\u6c23\u662f\u9047\u5230\u751a\u9ebc\uff1f\n\u3000\u3000\u8d95\u4e0d\u53ca\uff1f\u5e6b\u4e0d\u4e0a\uff1f\u975e\u4e5f\uff0c\u52a9\u4eba","section":"5","cat":"1","publish_datetime":"2020-09-10","vdo":{"cover_path":"","headline":"","id":"","video_path":""},"imgs":[],"writer":{"columnistID":"398","columnTitle":"\u4eba\u751f\u99ac\u62c9\u677e","writer":"\u5c48\u7a4e\u598d","trait":"https://image.stheadline.com/f/10000p10000/0x0/100/none/d9b8fb96189a78ff985bc58941f3a88d/stheadline/columnist_res/columnist_65x65/20131209124431565612793.jpg"},"layout":"1","share_link":""},{"id":"880932","newsID":"672720","title":"\u4eba\u751f\u99ac\u62c9\u677e\u2014\u2014\u6c92\u756b\u51fa\u8178\u7684\u516c\u4ed4","content":"\u5169\u5c01\u533f\u540d\u4fe1\uff0c\u63ed\u793a\u4e86\u4e00\u500b\u53f8\u6cd5\u5927\u9ed1\u6d1e\u3002\n\u3000\u3000\u7db2\u7d05\u51bc\u5e2b\u5085\u8fd1\u65e5\u5728\u7bc0\u76ee\u4e2d\u5c55\u793a\u5169\u5c01\u4f86\u81ea\u6cd5\u5b98\u7684\u533f\u540d\u4fe1\uff0c\u63ed\u793a\u53f8\u6cd5","section":"5","cat":"1","publish_datetime":"2020-09-08","vdo":{"cover_path":"","headline":"","id":"","video_path":""},"imgs":[],"writer":{"columnistID":"398","columnTitle":"\u4eba\u751f\u99ac\u62c9\u677e","writer":"\u5c48\u7a4e\u598d","trait":"https://image.stheadline.com/f/10000p10000/0x0/100/none/d9b8fb96189a78ff985bc58941f3a88d/stheadline/columnist_res/columnist_65x65/20131209124431565612793.jpg"},"layout":"1","share_link":""},{"id":"879883","newsID":"667318","title":"\u4eba\u751f\u99ac\u62c9\u677e\u2014\u2014\u7576\u75c5\u6bd2\u9047\u4e0a\u653f\u6cbb","content":"\u5982\u679c\u5927\u5bb6\u4ecd\u8a18\u5f97\uff0c\u5e74\u521d\u65b0\u51a0\u80ba\u708e\u958b\u59cb\u8086\u8650\u4e4b\u6642\uff0c\u97d3\u570b\u4e00\u500b\u540d\u70ba\u300c\u65b0\u5929\u5730\u6559\u6703\u300d\u7684\u90aa\u6559\u7d44\u7e54\uff0c\u56e0\u70ba\u8981\u6c42\u4fe1\u5f92\u79ae\u62dc","section":"5","cat":"1","publish_datetime":"2020-09-03","vdo":{"cover_path":"","headline":"","id":"","video_path":""},"imgs":[],"writer":{"columnistID":"398","columnTitle":"\u4eba\u751f\u99ac\u62c9\u677e","writer":"\u5c48\u7a4e\u598d","trait":"https://image.stheadline.com/f/10000p10000/0x0/100/none/d9b8fb96189a78ff985bc58941f3a88d/stheadline/columnist_res/columnist_65x65/20131209124431565612793.jpg"},"layout":"1","share_link":""}]}