{"columnistID":"417","columnTitle":"\u5df4\u58eb\u7684\u9ede\u8a55","writer":"\u76e7\u6c38\u96c4","trait":"columnist_res/columnist_65x65/20150327042040701019288.jpg","list":[{"id":"888775","newsID":"721519","title":"\u5df4\u58eb\u7684\u9ede\u8a55\u2014\u2014\u8b93\u60f3\u6210\u529f\u7684\u5e74\u8f15\u4eba\u5b78DIET\u7684\u5957\u8def","content":"\u9999\u6e2f\u5f88\u591a\u5bb6\u9577\u62fc\u4e86\u8001\u547d\uff0c\u90fd\u60f3\u5c07\u5b50\u5973\u585e\u5165\u540d\u6821\uff0c\u8a8d\u70ba\u9032\u5165\u540d\u6821\uff0c\u662f\u8b93\u5b50\u5973\u6210\u529f\u7684\u6377\u5f91\uff0c\u597d\u50cf\u5b69\u5b50\u4e00\u5165\u540d\u6821\uff0c\u5c31","section":"5","cat":"1","publish_datetime":"2020-10-14","vdo":{"cover_path":"","headline":"","id":"","video_path":""},"imgs":[],"writer":{"columnistID":"417","columnTitle":"\u5df4\u58eb\u7684\u9ede\u8a55","writer":"\u76e7\u6c38\u96c4","trait":"https://image.stheadline.com/f/10000p10000/0x0/100/none/6a915a8d59e0ad97debba72fa2117330/stheadline/columnist_res/columnist_65x65/20150327042040701019288.jpg"},"layout":"1","share_link":""},{"id":"888492","newsID":"720012","title":"\u5df4\u58eb\u7684\u9ede\u8a55\u2014\u2014\u6df1\u5733\u6210\u529f\u6709DIET  \u9999\u6e2f\u9084\u6709\u751a\u9ebc\uff1f","content":"\u5e7e\u5341\u5e74\u524d\uff0c\u6df1\u5733\u7684\u7279\u7522\u662f\u8354\u679d\uff0c\u5982\u4eca\u6df1\u5733\u7684\u7279\u7522\u662f\u4f01\u696d\u5bb6\u3002\u9999\u6e2f\u537b\u7531\u904e\u53bb\u76db\u7522\u4f01\u696d\u5bb6\uff0c\u8b8a\u6210\u5982\u4eca\u76db\u7522\u653f\u6cbb\u5bb6\uff0c","section":"5","cat":"1","publish_datetime":"2020-10-13","vdo":{"cover_path":"","headline":"","id":"","video_path":""},"imgs":[],"writer":{"columnistID":"417","columnTitle":"\u5df4\u58eb\u7684\u9ede\u8a55","writer":"\u76e7\u6c38\u96c4","trait":"https://image.stheadline.com/f/10000p10000/0x0/100/none/6a915a8d59e0ad97debba72fa2117330/stheadline/columnist_res/columnist_65x65/20150327042040701019288.jpg"},"layout":"1","share_link":""},{"id":"887982","newsID":"715992","title":"\u5df4\u58eb\u7684\u9ede\u8a55\u2014\u2014\u4e0d\u8b8a\uff0c\u9999\u6e2f\u6bcf\u9694\u4e00\u500b\u6708\u5c31\u8981\u505c\u64fa","content":"\u9999\u6e2f\u4e0a\u500b\u6708\u75ab\u60c5\u7a0d\u70ba\u5e73\u975c\uff0c\u66fe\u7d93\u6709\u4e00\u3001\u5169\u65e5\u672c\u5730\u78ba\u8a3a\u500b\u6848\u6e05\u96f6\u3002\u672c\u4f86\u671f\u671b\u6709\u5169\u500b\u6708\u7684\u551e\u6c23\u671f\uff0c\u5230\u5341\u4e8c\u6708\u51ac\u5b63\u75ab","section":"5","cat":"1","publish_datetime":"2020-10-10","vdo":{"cover_path":"","headline":"","id":"","video_path":""},"imgs":[],"writer":{"columnistID":"417","columnTitle":"\u5df4\u58eb\u7684\u9ede\u8a55","writer":"\u76e7\u6c38\u96c4","trait":"https://image.stheadline.com/f/10000p10000/0x0/100/none/6a915a8d59e0ad97debba72fa2117330/stheadline/columnist_res/columnist_65x65/20150327042040701019288.jpg"},"layout":"1","share_link":""},{"id":"887628","newsID":"714357","title":"\u5df4\u58eb\u7684\u9ede\u8a55\u2014\u2014\u4e00\u500b\u670d\u4e86\u985e\u56fa\u9187\u7684\u7e3d\u7d71\u2002\u6b63\u5728\u9ad4\u73fe\u300c\u58a8\u83f2\u5b9a\u5f8b\u300d","content":"\u6700\u8fd1\u7f8e\u80a1\u7684\u6295\u8cc7\u8005\u53ef\u4ee5\u8aaa\u662f\u9a5a\u60f6\u5931\u63aa\uff0c\u6709\u5f97\u9707\u7121\u5f97\u7793\u3002\n\u3000\u3000\u6b64\u524d\u4e00\u76f4\u56f0\u64fe\u7f8e\u80a1\u7684\u662f\u65b0\u4e00\u8f2a\u523a\u6fc0\u7d93\u6fdf\u65b9\u6848\u7684\u9032","section":"5","cat":"1","publish_datetime":"2020-10-09","vdo":{"cover_path":"","headline":"","id":"","video_path":""},"imgs":[],"writer":{"columnistID":"417","columnTitle":"\u5df4\u58eb\u7684\u9ede\u8a55","writer":"\u76e7\u6c38\u96c4","trait":"https://image.stheadline.com/f/10000p10000/0x0/100/none/6a915a8d59e0ad97debba72fa2117330/stheadline/columnist_res/columnist_65x65/20150327042040701019288.jpg"},"layout":"1","share_link":""},{"id":"887295","newsID":"712809","title":"\u5df4\u58eb\u7684\u9ede\u8a55\u2014\u2014\u4e00\u5f35\u6d17\u8166\u5de5\u4f5c\u7d19 \u5145\u4efd\u8aaa\u660e\u4e86\u554f\u984c","content":"\u4e00\u540d\u4e5d\u9f8d\u5858\u5ba3\u9053\u5c0f\u5b78\u7684\u6559\u5e2b\uff0c\u88ab\u6559\u80b2\u5c40\u6307\u4ed6\u5728\u6559\u5b78\u6642\u6709\u8a08\u5283\u5ba3\u63da\u6e2f\u7368\u4fe1\u606f\uff0c\u4ee5\u300c\u56b4\u91cd\u5c08\u696d\u5931\u5fb7\u300d\u70ba\u7406\u7531\uff0c\u53d6\u6d88","section":"5","cat":"1","publish_datetime":"2020-10-08","vdo":{"cover_path":"","headline":"","id":"","video_path":""},"imgs":[],"writer":{"columnistID":"417","columnTitle":"\u5df4\u58eb\u7684\u9ede\u8a55","writer":"\u76e7\u6c38\u96c4","trait":"https://image.stheadline.com/f/10000p10000/0x0/100/none/6a915a8d59e0ad97debba72fa2117330/stheadline/columnist_res/columnist_65x65/20150327042040701019288.jpg"},"layout":"1","share_link":""},{"id":"887073","newsID":"711354","title":"\u5df4\u58eb\u7684\u9ede\u8a55\u2014\u2014\u6709\u9019\u6a23\u7684\u7e3d\u7d71\u2002\u5c31\u6709\u9019\u6a23\u7684\u75ab\u60c5","content":"\u7f8e\u570b\u7684\u65b0\u51a0\u80ba\u708e\u7d2f\u8a08\u78ba\u8a3a\u4eba\u6578\u4e03\u767e\u516d\u5341\u516b\u842c\uff0c\u672c\u5468\u4e00\u55ae\u65e5\u65b0\u589e\u56db\u842c\u4e00\u5343\u4e94\u767e\u4e03\u5341\u516d\u5b97\u78ba\u8a3a\uff0c\u6b7b\u4ea1\u4eba\u6578\u9ad8\u9054\u4e8c\u5341","section":"5","cat":"1","publish_datetime":"2020-10-07","vdo":{"cover_path":"","headline":"","id":"","video_path":""},"imgs":[],"writer":{"columnistID":"417","columnTitle":"\u5df4\u58eb\u7684\u9ede\u8a55","writer":"\u76e7\u6c38\u96c4","trait":"https://image.stheadline.com/f/10000p10000/0x0/100/none/6a915a8d59e0ad97debba72fa2117330/stheadline/columnist_res/columnist_65x65/20150327042040701019288.jpg"},"layout":"1","share_link":""},{"id":"886776","newsID":"709833","title":"\u5df4\u58eb\u7684\u9ede\u8a55\u2014\u2014\u5b97\u6559\u5e72\u653f \u7d55\u4e0d\u795e\u8056","content":"\u9999\u6e2f\u5929\u4e3b\u6559\u5340\u9000\u4f11\u4e3b\u6559\u9673\u65e5\u541b\u6700\u8fd1\u5927\u51fa\u98a8\u982d\uff0c\u4ed6\u5230\u68b5\u8482\u5ca1\u6c42\u898b\u6559\u5b97\uff0c\u60f3\u5c31\u9999\u6e2f\u6559\u5340\u7e7c\u4efb\u4e3b\u6559\u63d0\u51fa\u4ed6\u81ea\u5df1\u7684\u610f\u898b","section":"5","cat":"1","publish_datetime":"2020-10-06","vdo":{"cover_path":"","headline":"","id":"","video_path":""},"imgs":[],"writer":{"columnistID":"417","columnTitle":"\u5df4\u58eb\u7684\u9ede\u8a55","writer":"\u76e7\u6c38\u96c4","trait":"https://image.stheadline.com/f/10000p10000/0x0/100/none/6a915a8d59e0ad97debba72fa2117330/stheadline/columnist_res/columnist_65x65/20150327042040701019288.jpg"},"layout":"1","share_link":""},{"id":"886353","newsID":"706047","title":"\u5df4\u58eb\u7684\u9ede\u8a55\u2014\u2014\u7e7c\u7e8c\u641e\uff0c\u4e00\u3001\u4e8c\u5341\u5e74\u8f49\u773c\u5c31\u904e\u4e86","content":"\u4eca\u5e74\u7684\u4e2d\u79cb\u7bc0\u9069\u9022\u570b\u6176\u3002\u5167\u5730\u75ab\u5f8c\u6b61\u9a30\uff0c\u5341\u4e00\u9577\u5047\u5404\u5730\u4eba\u6d41\u8702\u64c1\u3002\u9999\u6e2f\u9084\u6709\u793a\u5a01\uff0c\u4e8b\u524d\u4ee4\u4eba\u64d4\u5fc3\u53bb\u5e74\u5835\u8def\u639f\u6c7d","section":"5","cat":"1","publish_datetime":"2020-10-03","vdo":{"cover_path":"","headline":"","id":"","video_path":""},"imgs":[],"writer":{"columnistID":"417","columnTitle":"\u5df4\u58eb\u7684\u9ede\u8a55","writer":"\u76e7\u6c38\u96c4","trait":"https://image.stheadline.com/f/10000p10000/0x0/100/none/6a915a8d59e0ad97debba72fa2117330/stheadline/columnist_res/columnist_65x65/20150327042040701019288.jpg"},"layout":"1","share_link":""},{"id":"886089","newsID":"702399","title":"\u5df4\u58eb\u7684\u9ede\u8a55\u2014\u2014\u7cbe\u4eba\u8f49\u8eab\u8d70 \u7b28\u4eba\u7e7c\u7e8c\u885d","content":"\u4ee5\u6c11\u4e3b\u9ee8\u548c\u516c\u6c11\u9ee8\u70ba\u9996\u7684\u6cdb\u6c11\u8b70\u54e1\u501f\u6c11\u8abf\u4f5c\u4e0b\u53f0\u968e\uff0c\u6c7a\u5b9a\u662f\u5426\u7559\u4efb\u7acb\u6cd5\u6703\u3002\u4e0d\u904e\u9673\u6dd1\u838a\u6c7a\u5b9a\u4e0d\u7559\u4efb\uff0c\u517c\u4e14\u9000\u51fa","section":"5","cat":"1","publish_datetime":"2020-09-30","vdo":{"cover_path":"","headline":"","id":"","video_path":""},"imgs":[],"writer":{"columnistID":"417","columnTitle":"\u5df4\u58eb\u7684\u9ede\u8a55","writer":"\u76e7\u6c38\u96c4","trait":"https://image.stheadline.com/f/10000p10000/0x0/100/none/6a915a8d59e0ad97debba72fa2117330/stheadline/columnist_res/columnist_65x65/20150327042040701019288.jpg"},"layout":"1","share_link":""},{"id":"885864","newsID":"700980","title":"\u5df4\u58eb\u7684\u9ede\u8a55\u2014\u2014\u4e0d\u56de\u6b78\u5c08\u696d \u9999\u6e2f\u7121\u904b\u884c","content":"\u6700\u8fd1\u8b66\u65b9\u4fee\u6539\u300a\u8b66\u5bdf\u901a\u4f8b\u300b\u4e0b\u7684\u300c\u50b3\u5a92\u4ee3\u8868\u300d\u7684\u5b9a\u7fa9\uff0c\u6539\u70ba\u5df2\u767b\u8a18\u653f\u5e9c\u65b0\u805e\u8655\u65b0\u805e\u767c\u4f48\u7cfb\u7d71\uff08GNMIS\uff09\u7684","section":"5","cat":"1","publish_datetime":"2020-09-29","vdo":{"cover_path":"","headline":"","id":"","video_path":""},"imgs":[],"writer":{"columnistID":"417","columnTitle":"\u5df4\u58eb\u7684\u9ede\u8a55","writer":"\u76e7\u6c38\u96c4","trait":"https://image.stheadline.com/f/10000p10000/0x0/100/none/6a915a8d59e0ad97debba72fa2117330/stheadline/columnist_res/columnist_65x65/20150327042040701019288.jpg"},"layout":"1","share_link":""},{"id":"885369","newsID":"697083","title":"\u5df4\u58eb\u7684\u9ede\u8a55\u2014\u2014\u670995%\u4eba\u6c11\u4fe1\u4efb\u7684\u653f\u5e9c\u6703\u5012\u53f0\u55ce\uff1f","content":"\u5168\u570b\u653f\u5354\u526f\u4e3b\u5e2d\u6881\u632f\u82f1\u6700\u8fd1\u627e\u51fa\u9ece\u667a\u82f1\u53bb\u5e74\u7684\u6587\u7ae0\uff0c\u8aaa\u9ece\u667a\u82f1\u300c\u72c2\u5984\u56c2\u5f35\u4f5c\u6cd5\u81ea\u6583\u300d\u3002\n\u2003\u2003\u4e8b\u7de3\u9ece\u667a\u82f1\u53bb\u5e74","section":"5","cat":"1","publish_datetime":"2020-09-26","vdo":{"cover_path":"","headline":"","id":"","video_path":""},"imgs":[],"writer":{"columnistID":"417","columnTitle":"\u5df4\u58eb\u7684\u9ede\u8a55","writer":"\u76e7\u6c38\u96c4","trait":"https://image.stheadline.com/f/10000p10000/0x0/100/none/6a915a8d59e0ad97debba72fa2117330/stheadline/columnist_res/columnist_65x65/20150327042040701019288.jpg"},"layout":"1","share_link":""}]}