{"columnistID":"4","columnTitle":"\u91d1\u878dHigh Tea","writer":"\u9678\u7fbd\u4ec1","trait":"columnist_res/columnist_65x65/20120405050334300476075.jpg","list":[{"id":"888856","newsID":"721600","title":"\u91d1\u878dHigh Tea\u2014\u2014\u7fd2\u4e3b\u5e2d\u65b0\u5357\u5de1  \u6e2f\u5730\u7522\u5546\u722d\u63d2\u65d7","content":"\u860b\u679c\u80a1\u50f9\u5728\u767c\u4f48\u65b0\u7522\u54c1\u524d\u7092\u4e0a\uff0c\u5e36\u52d5\u7f8e\u80a1\u7d0d\u65af\u9054\u514b\u6307\u6578\u5927\u5347\uff0c\u4e0d\u904e\u6e2f\u80a1\u56e0\u70ba\u6253\u98a8\u7121\u5e02\uff0c\u932f\u904e\u5916\u570d\u79d1\u6280\u80a1\u5347\u52e2\u3002","section":"5","cat":"1","publish_datetime":"2020-10-14","vdo":{"cover_path":"","headline":"","id":"","video_path":""},"imgs":[],"writer":{"columnistID":"4","columnTitle":"\u91d1\u878dHigh Tea","writer":"\u9678\u7fbd\u4ec1","trait":"https://image.stheadline.com/f/10000p10000/0x0/100/none/e7e77bc6a07d896a501578a9110f1745/stheadline/columnist_res/columnist_65x65/20120405050334300476075.jpg"},"layout":"1","share_link":""},{"id":"888570","newsID":"720090","title":"\u91d1\u878dHigh Tea\u2014\u2014\u7fd2\u5927\u5927\u5357\u4e0b  \u6309\u5716\u7d22\u9a65\u843d\u6ce8","content":"\u6e2f\u80a1\u4eca\u500b\u661f\u671f\u958b\u5c40\uff0c\u9069\u9022\u570b\u5bb6\u4e3b\u5e2d\u7fd2\u8fd1\u5e73\u5357\u4f86\u8cc0\u6df1\u573340\u5468\u5e74\u7684\u6d88\u606f\uff0c\u4e2d\u6e2f\u80a1\u5e02\u540c\u6b65\u6500\u5347\uff0c\u5167\u8cc7\u80a1\u4efd\u9020\u597d\uff0c\u6210","section":"5","cat":"1","publish_datetime":"2020-10-13","vdo":{"cover_path":"","headline":"","id":"","video_path":""},"imgs":[{"path":"https://image.stheadline.com/f/10000p10000/0x0/100/none/d60f6e83cc5e4d0317bb923c74b49fbd/stheadline/news_res/2020/10/13/720090/wttp909p15a_fb.jpg","isCover":"1"}],"writer":{"columnistID":"4","columnTitle":"\u91d1\u878dHigh Tea","writer":"\u9678\u7fbd\u4ec1","trait":"https://image.stheadline.com/f/10000p10000/0x0/100/none/e7e77bc6a07d896a501578a9110f1745/stheadline/columnist_res/columnist_65x65/20120405050334300476075.jpg"},"layout":"1","share_link":""},{"id":"888267","newsID":"718542","title":"\u91d1\u878dHigh Tea\u2014\u2014\u5927\u570d\u65b0\u76e4  \u523a\u6fc0\u6a13\u80a1","content":"\u4e0a\u5468\u4e94\u6052\u6307\u8dcc74\u9ede\uff0c\u6536\u583124119\u9ede\u3002\u904e\u53bb\u4e00\u5468\u6052\u6307\u5f9e\u4f4e\u4f4d\u7d2f\u8a08\u53cd\u5f48660\u9ede\uff0c\u76ee\u524d\u5728\u4e8c\u842c\u56db\u6c34\u5e73\u4e0a","section":"5","cat":"1","publish_datetime":"2020-10-12","vdo":{"cover_path":"","headline":"","id":"","video_path":""},"imgs":[],"writer":{"columnistID":"4","columnTitle":"\u91d1\u878dHigh Tea","writer":"\u9678\u7fbd\u4ec1","trait":"https://image.stheadline.com/f/10000p10000/0x0/100/none/e7e77bc6a07d896a501578a9110f1745/stheadline/columnist_res/columnist_65x65/20120405050334300476075.jpg"},"layout":"1","share_link":""},{"id":"887790","newsID":"714519","title":"\u91d1\u878dHigh Tea\u2014\u2014\u65b0\u610f\u7db2\u7d2e\u5b9a\u99ac\u8fce\u589e\u9577\u671f","content":"\u7f8e\u570b\u7e3d\u7d71\u7279\u6717\u666e\u53c8\u51fa\u602a\u62db\uff0c\u525b\u525b\u7a81\u7136\u53eb\u505c\u540c\u6c11\u4e3b\u9ee8\u78cb\u5546\u523a\u6fc0\u7d93\u6fdf\u65b9\u6848\uff0c\u641e\u5230\u7f8e\u80a1\u4eba\u5fc3\u60f6\u60f6\uff0c\u7a81\u7136\u53c8\u8a71\u8003\u616e\u7368\u7acb","section":"5","cat":"1","publish_datetime":"2020-10-09","vdo":{"cover_path":"","headline":"","id":"","video_path":""},"imgs":[],"writer":{"columnistID":"4","columnTitle":"\u91d1\u878dHigh Tea","writer":"\u9678\u7fbd\u4ec1","trait":"https://image.stheadline.com/f/10000p10000/0x0/100/none/e7e77bc6a07d896a501578a9110f1745/stheadline/columnist_res/columnist_65x65/20120405050334300476075.jpg"},"layout":"1","share_link":""},{"id":"887385","newsID":"712899","title":"\u91d1\u878dHigh Tea\u2014\u2014\u7279\u6717\u666e\u5165\u5ee0\u5229\u597d\u4e2d\u570b\u79d1\u4f01","content":"10\u6708\u6e2f\u80a1\u4e09\u9023\u5347\uff0c\u6536\u583124242\u9ede\uff0c\u4e0a\u63da262\u9ede\uff0c\u56db\u65e5\u7d2f\u5f48967\u9ede\uff0c\u4e0d\u904e\u6e2f\u80a1\u4ea4\u6295\u7e7c\u7e8c\u6de1\u975c\uff0c\u6210\u4ea4\u7e3d","section":"5","cat":"1","publish_datetime":"2020-10-08","vdo":{"cover_path":"","headline":"","id":"","video_path":""},"imgs":[],"writer":{"columnistID":"4","columnTitle":"\u91d1\u878dHigh Tea","writer":"\u9678\u7fbd\u4ec1","trait":"https://image.stheadline.com/f/10000p10000/0x0/100/none/e7e77bc6a07d896a501578a9110f1745/stheadline/columnist_res/columnist_65x65/20120405050334300476075.jpg"},"layout":"1","share_link":""},{"id":"887166","newsID":"711447","title":"\u91d1\u878dHigh Tea\u2014\u2014\u96f2\u4e00\u6a23\u7684\u80a1\u50f9\u98c4\u5440\u98c4","content":"10\u6708\u7b2c\u4e8c\u500b\u4ea4\u6613\u65e5\uff0c\u6e2f\u80a1\u7e7c\u7e8c\u56de\u5347\uff0c\u6052\u6307\u5347212\u9ede\uff0c\u6536\u583123980\u9ede\u3002\u5167\u5730\u7e7c\u7e8c\u9ec3\u91d1\u5468\u9577\u5047\uff0c\u6e2f\u80a1","section":"5","cat":"1","publish_datetime":"2020-10-07","vdo":{"cover_path":"","headline":"","id":"","video_path":""},"imgs":[],"writer":{"columnistID":"4","columnTitle":"\u91d1\u878dHigh Tea","writer":"\u9678\u7fbd\u4ec1","trait":"https://image.stheadline.com/f/10000p10000/0x0/100/none/e7e77bc6a07d896a501578a9110f1745/stheadline/columnist_res/columnist_65x65/20120405050334300476075.jpg"},"layout":"1","share_link":""},{"id":"886860","newsID":"709917","title":"\u91d1\u878dHigh Tea\u2014\u2014\u5169\u96bb\u6416\u6416\u80a1\u53ef\u4ee5\u7092\u4e0a\u843d","content":"\u56db\u65e5\u9577\u5047\u671f\u5916\u570d\u767c\u751f\u4e0d\u5c11\u8b8a\u5316\uff0c\u6700\u62db\u4eba\u8b70\u8ad6\u7684\u7576\u7136\u662f\u7f8e\u570b\u7e3d\u7d71\u7279\u6717\u666e\u67d3\u75ab\u3002\u6709\u9670\u8b00\u8ad6\u8005\u6307\uff0c\u9019\u662f\u7279\u6717\u666e\u81ea\u7de8\u81ea","section":"5","cat":"1","publish_datetime":"2020-10-06","vdo":{"cover_path":"","headline":"","id":"","video_path":""},"imgs":[],"writer":{"columnistID":"4","columnTitle":"\u91d1\u878dHigh Tea","writer":"\u9678\u7fbd\u4ec1","trait":"https://image.stheadline.com/f/10000p10000/0x0/100/none/e7e77bc6a07d896a501578a9110f1745/stheadline/columnist_res/columnist_65x65/20120405050334300476075.jpg"},"layout":"1","share_link":""},{"id":"886590","newsID":"708372","title":"\u91d1\u878dHigh Tea\u2014\u2014\u5341\u6708\u9a5a\u5947  \u98a8\u96aa\u4e0a\u5347","content":"\u9999\u6e2f\u653e\u5047\u671f\u9593\uff0c\u7f8e\u570b\u7e3d\u7d71\u7279\u6717\u666e\u7a81\u7136\u78ba\u8a3a\u65b0\u51a0\u80ba\u708e\uff0c\u4ee4\u5df2\u7d93\u8a6d\u7570\u7684\u7f8e\u570b\u9078\u60c5\u518d\u8499\u4e0a\u9670\u5f71\u3002\u7279\u6717\u666e\u4e2d\u62db\u6d88\u606f","section":"5","cat":"1","publish_datetime":"2020-10-05","vdo":{"cover_path":"","headline":"","id":"","video_path":""},"imgs":[],"writer":{"columnistID":"4","columnTitle":"\u91d1\u878dHigh Tea","writer":"\u9678\u7fbd\u4ec1","trait":"https://image.stheadline.com/f/10000p10000/0x0/100/none/e7e77bc6a07d896a501578a9110f1745/stheadline/columnist_res/columnist_65x65/20120405050334300476075.jpg"},"layout":"1","share_link":""},{"id":"886179","newsID":"702489","title":"\u91d1\u878dHigh Tea\u2014\u2014\u5317\u6c34\u505c\u4f86  \u85cd\u7c4c\u7a81\u5e95","content":"\u6e2f\u80a1\u8fd1\u65e5\u51fa\u73fe\u4eba\u5347\u6211\u8dcc\uff0c\u6295\u8cc7\u6c23\u6c1b\u8f49\u8da8\u4fdd\u5b88\u3002\u65e5\u524d\u653f\u5e9c\u5ba3\u4f48\u8ce3\u5730\u8a08\u5283\uff0c\u7d50\u679c\u53ea\u6709\u5e7e\u5e45\u5940\u5730\u63a8\u51fa\uff0c\u5c71\u9802\u8c6a\u5b85\u5730\u8981","section":"5","cat":"1","publish_datetime":"2020-09-30","vdo":{"cover_path":"","headline":"","id":"","video_path":""},"imgs":[],"writer":{"columnistID":"4","columnTitle":"\u91d1\u878dHigh Tea","writer":"\u9678\u7fbd\u4ec1","trait":"https://image.stheadline.com/f/10000p10000/0x0/100/none/e7e77bc6a07d896a501578a9110f1745/stheadline/columnist_res/columnist_65x65/20120405050334300476075.jpg"},"layout":"1","share_link":""},{"id":"885933","newsID":"701049","title":"\u91d1\u878dHigh Tea\u2014\u2014\u5e73\u4fdd\u589e\u6301\u6ed9\u63a7  \u66ab\u4e0d\u5b9c\u671f\u671b\u904e\u9ad8","content":"\u4eca\u500b\u661f\u671f\u9999\u6e2f\u653e\u9577\u5047\u671f\uff0c\u53ea\u6709\u4e09\u500b\u4ea4\u6613\u65e5\uff0c\u672c\u5468\u958b\u5e02\u51fa\u73fe\u53cd\u5f48\uff0c\u724c\u9762\u4fc2\u6ed9\u63a7\uff08005\uff09\u540c\u6052\u5927\uff083333","section":"5","cat":"1","publish_datetime":"2020-09-29","vdo":{"cover_path":"","headline":"","id":"","video_path":""},"imgs":[],"writer":{"columnistID":"4","columnTitle":"\u91d1\u878dHigh Tea","writer":"\u9678\u7fbd\u4ec1","trait":"https://image.stheadline.com/f/10000p10000/0x0/100/none/e7e77bc6a07d896a501578a9110f1745/stheadline/columnist_res/columnist_65x65/20120405050334300476075.jpg"},"layout":"1","share_link":""},{"id":"885726","newsID":"699744","title":"\u91d1\u878dHigh Tea\u2014\u2014\u671b\u7f8e\u570b\u9078\u8209\u6253\u5366","content":"\u4e0a\u5468\u4e94\u6e2f\u80a1\u5fae\u8dcc75\u9ede\uff0c\u6536\u583123235\u9ede\u3002\u96d6\u7136\u5927\u5e02\u53ea\u8dcc0.3%\uff0c\u4f46\u5e02\u5834\u6c23\u6c1b\u8f03\u5f31\u3002\u5f88\u591a\u4e4b\u524d\u6709\u8f03\u591a","section":"5","cat":"1","publish_datetime":"2020-09-28","vdo":{"cover_path":"","headline":"","id":"","video_path":""},"imgs":[],"writer":{"columnistID":"4","columnTitle":"\u91d1\u878dHigh Tea","writer":"\u9678\u7fbd\u4ec1","trait":"https://image.stheadline.com/f/10000p10000/0x0/100/none/e7e77bc6a07d896a501578a9110f1745/stheadline/columnist_res/columnist_65x65/20120405050334300476075.jpg"},"layout":"1","share_link":""}]}