{"columnistID":"241","columnTitle":"\u9bae\u80a1\u843d\u944a","writer":"\u805e\u98a8\u81f3","trait":"columnist_res/columnist_65x65/20110802040555661346436.jpg","list":[{"id":"873751","newsID":"632875","title":"\u9bae\u80a1\u843d\u944a\u2014\u2014IGG\u8ce3\u9ede\u591a\u96a8\u6642\u8d77\u52d5","content":"\u5916\u570d\u6d88\u606f\u7e7c\u7e8c\u4e3b\u5c0e\u6e2f\u80a1\u8d70\u52e2\uff0c\u5927\u5e02\u9023\u5347\u5169\u65e5\uff0c\u5468\u4e09\u6210\u529f\u6536\u5fa9\u4e8c\u842c\u4e94\u95dc\u3002\u6052\u6307\u9ad8\u958b83\u9ede\uff0c\u583125029\u9ede\uff0c\u60df","section":"5","cat":"1","publish_datetime":"2020-08-06","vdo":{"cover_path":"","headline":"","id":"","video_path":""},"imgs":[],"writer":{"columnistID":"241","columnTitle":"\u9bae\u80a1\u843d\u944a","writer":"\u805e\u98a8\u81f3","trait":"https://image.stheadline.com/f/10000p10000/0x0/100/hd/ffadc12ab6ed74e8ce80e1540c5759fe/stheadline/columnist_res/columnist_65x65/20110802040555661346436.jpg"},"layout":"1","share_link":""},{"id":"873480","newsID":"630825","title":"\u9bae\u80a1\u843d\u944a\u2014\u2014\u6052\u5927\u65b0\u80fd\u6e90\u8eca\u60f9\u61a7\u61ac","content":"\u6e2f\u80a1\u5468\u4e8c\u5348\u5f8c\u7a81\u7136\u7206\u4e0a\uff0c\u6052\u6307\u6536\u583124946\u9ede\uff0c\u5347488\u9ede\uff0c\u6210\u4ea4\u91d1\u984d\u589e\u81f31459.8\u5104\u5143\u3002\u60df\u53d7\u4e2d\u7f8e\u95dc","section":"5","cat":"1","publish_datetime":"2020-08-05","vdo":{"cover_path":"","headline":"","id":"","video_path":""},"imgs":[],"writer":{"columnistID":"241","columnTitle":"\u9bae\u80a1\u843d\u944a","writer":"\u805e\u98a8\u81f3","trait":"https://image.stheadline.com/f/10000p10000/0x0/100/hd/ffadc12ab6ed74e8ce80e1540c5759fe/stheadline/columnist_res/columnist_65x65/20110802040555661346436.jpg"},"layout":"1","share_link":""},{"id":"873240","newsID":"628629","title":"\u9bae\u80a1\u843d\u944a\u2014\u2014\u5929\u5de5\u9f8d\u982d\u5730\u4f4d\u7a69\u5019\u56de\u5438","content":"\u6e2f\u80a18\u6708\u4efd\u9996\u500b\u4ea4\u6613\u65e5\u7e7c\u7e8c\u53d7\u58d3\uff0c\u53d7\u5230\u300c\u5927\u7b28\u8c61\u300d\u532f\u8c50\u63a7\u80a1(005)\u53ca\u6052\u751f\u9280\u884c(011)\u4e2d\u671f\u696d\u7e3e\u905c\u9810\u671f","section":"5","cat":"1","publish_datetime":"2020-08-04","vdo":{"cover_path":"","headline":"","id":"","video_path":""},"imgs":[],"writer":{"columnistID":"241","columnTitle":"\u9bae\u80a1\u843d\u944a","writer":"\u805e\u98a8\u81f3","trait":"https://image.stheadline.com/f/10000p10000/0x0/100/hd/ffadc12ab6ed74e8ce80e1540c5759fe/stheadline/columnist_res/columnist_65x65/20110802040555661346436.jpg"},"layout":"1","share_link":""},{"id":"872922","newsID":"626448","title":"\u9bae\u80a1\u843d\u944a\u2014\u2014\u5ee3\u6c7d\u65b0\u6280\u8853\u53ef\u770b\u597d","content":"\u6e2f\u80a1\u65bc\u4e03\u6708\u6700\u5f8c\u4e00\u500b\u4ea4\u6613\u65e5\u4e0b\u8dcc\uff0c\u6052\u6307\u9ad8\u958b37\u9ede\uff0c\u65e9\u6bb5\u4e00\u5ea6\u5927\u5347228\u9ede\uff0c\u898b24938\u9ede\uff0c\u60df\u9ad8\u4f4d\u518d","section":"5","cat":"1","publish_datetime":"2020-08-03","vdo":{"cover_path":"","headline":"","id":"","video_path":""},"imgs":[],"writer":{"columnistID":"241","columnTitle":"\u9bae\u80a1\u843d\u944a","writer":"\u805e\u98a8\u81f3","trait":"https://image.stheadline.com/f/10000p10000/0x0/100/hd/ffadc12ab6ed74e8ce80e1540c5759fe/stheadline/columnist_res/columnist_65x65/20110802040555661346436.jpg"},"layout":"1","share_link":""},{"id":"872506","newsID":"619891","title":"\u9bae\u80a1\u843d\u944a\u2014\u2014\u770b\u597dA\u80a1\u5438\u4e2d\u4fe1\u8b49\u5238","content":"\u6e2f\u80a1\u65bc\u671f\u6307\u7d50\u7b97\u65e5\u9ad8\u958b\u4f4e\u8d70\uff0c\u6052\u6307\u5347\u52e2\u7121\u4ee5\u70ba\u7e7c\u5012\u8dcc\u6536\u5834\u3002\u7f8e\u570b\u806f\u5132\u5c40\u7dad\u6301\u5229\u7387\u4e0d\u8b8a\uff0c\u52a0\u4e0a\u6e2f\u532f\u8f49\u5f37\uff0c\u5e36\u52d5\u5927","section":"5","cat":"1","publish_datetime":"2020-07-31","vdo":{"cover_path":"","headline":"","id":"","video_path":""},"imgs":[],"writer":{"columnistID":"241","columnTitle":"\u9bae\u80a1\u843d\u944a","writer":"\u805e\u98a8\u81f3","trait":"https://image.stheadline.com/f/10000p10000/0x0/100/hd/ffadc12ab6ed74e8ce80e1540c5759fe/stheadline/columnist_res/columnist_65x65/20110802040555661346436.jpg"},"layout":"1","share_link":""},{"id":"872172","newsID":"617565","title":"\u9bae\u80a1\u843d\u944a\u2014\u2014\u4e2d\u8208\u5be6\u529b\u96c4\u539a\u4e2d\u7dda\u770b\u597d","content":"\u5916\u570d\u672a\u6709\u91cd\u5927\u5229\u6de1\u6d88\u606f\u50b3\u51fa\uff0c\u52a0\u4e0a\u5167\u5730\u80a1\u5e02\u986f\u8457\u9020\u597d\uff0c\u652f\u6301\u6e2f\u80a1\u65bc\u671f\u6307\u7d50\u7b97\u524d\u5915\u7e7c\u7e8c\u56de\u7a69\u3002\u6052\u6307\u8f15\u5fae\u4f4e\u958b12","section":"5","cat":"1","publish_datetime":"2020-07-30","vdo":{"cover_path":"","headline":"","id":"","video_path":""},"imgs":[],"writer":{"columnistID":"241","columnTitle":"\u9bae\u80a1\u843d\u944a","writer":"\u805e\u98a8\u81f3","trait":"https://image.stheadline.com/f/10000p10000/0x0/100/hd/ffadc12ab6ed74e8ce80e1540c5759fe/stheadline/columnist_res/columnist_65x65/20110802040555661346436.jpg"},"layout":"1","share_link":""},{"id":"871905","newsID":"614820","title":"\u9bae\u80a1\u843d\u944a\u2014\u2014\u540c\u696d\u7834\u9802\u767e\u5a01\u8ffd\u843d\u5f8c","content":"\u61a7\u61ac\u7f8e\u570b\u65b0\u4e00\u8f2a\u63d0\u632f\u7d93\u6fdf\u63aa\u65bd\u51fa\u53f0\uff0c\u4ee5\u53ca\u75ab\u82d7\u6709\u671b\u5e74\u5e95\u63a8\u51fa\uff0c\u6e2f\u80a1\u5169\u9023\u8dcc\u5f8c\u53cd\u5f48\u3002\u6052\u6307\u9ad8\u958b339\u9ede\uff0c\u583124","section":"5","cat":"1","publish_datetime":"2020-07-29","vdo":{"cover_path":"","headline":"","id":"","video_path":""},"imgs":[],"writer":{"columnistID":"241","columnTitle":"\u9bae\u80a1\u843d\u944a","writer":"\u805e\u98a8\u81f3","trait":"https://image.stheadline.com/f/10000p10000/0x0/100/hd/ffadc12ab6ed74e8ce80e1540c5759fe/stheadline/columnist_res/columnist_65x65/20110802040555661346436.jpg"},"layout":"1","share_link":""},{"id":"871641","newsID":"612045","title":"\u9bae\u80a1\u843d\u944a\u2014\u2014\u4eac\u5ba2\u9686\u5b63\u7e3e\u512a\u5148\u770b1.4\u5143","content":"\u53d7\u4e2d\u7f8e\u95dc\u4fc2\u6108\u8da8\u7dca\u5f35\u6253\u64ca\uff0c\u7e31\u7136\u5468\u4e00\u6709\u300c\u6e2f\u7248\u7d0d\u6307\u300d\u6052\u751f\u79d1\u6280\u6307\u6578\u767b\u5834\u6c96\u559c\uff0c\u60df\u79d1\u6280\u80a1\u8207\u5927\u5e02\u9f4a\u9f4a\u8d70\u8edf\u3002\u6052\u6307","section":"5","cat":"1","publish_datetime":"2020-07-28","vdo":{"cover_path":"","headline":"","id":"","video_path":""},"imgs":[],"writer":{"columnistID":"241","columnTitle":"\u9bae\u80a1\u843d\u944a","writer":"\u805e\u98a8\u81f3","trait":"https://image.stheadline.com/f/10000p10000/0x0/100/hd/ffadc12ab6ed74e8ce80e1540c5759fe/stheadline/columnist_res/columnist_65x65/20110802040555661346436.jpg"},"layout":"1","share_link":""},{"id":"871329","newsID":"609579","title":"\u9bae\u80a1\u843d\u944a\u2014\u2014\u7f6e\u5bcc\u696d\u7e3e\u7a69\u5065\u5019\u4f4e\u5438","content":"\u4e2d\u7f8e\u95dc\u4fc2\u6025\u8f49\u76f4\u4e0b\uff0c\u62d6\u7d2f\u6e2f\u80a1\u4e0a\u5468\u4e94\u6025\u63d2\uff0c\u518d\u5ea6\u5931\u5b88\u4e8c\u842c\u4e94\u95dc\u3002\u6052\u6307\u4f4e\u958b223\u9ede\uff0c\u583125040\u9ede\uff0c\u8dcc","section":"5","cat":"1","publish_datetime":"2020-07-27","vdo":{"cover_path":"","headline":"","id":"","video_path":""},"imgs":[],"writer":{"columnistID":"241","columnTitle":"\u9bae\u80a1\u843d\u944a","writer":"\u805e\u98a8\u81f3","trait":"https://image.stheadline.com/f/10000p10000/0x0/100/hd/ffadc12ab6ed74e8ce80e1540c5759fe/stheadline/columnist_res/columnist_65x65/20110802040555661346436.jpg"},"layout":"1","share_link":""},{"id":"870915","newsID":"602571","title":"\u9bae\u80a1\u843d\u944a\u2014\u2014\u4e2d\u4fe1\u5efa\u6295\u84c4\u52e2\u7834\u65d7\u5f62","content":"\u5e02\u5834\u6182\u616e\u4e2d\u7f8e\u77db\u76fe\u7e7c\u7e8c\u767c\u9175\uff0c\u62d6\u7d2f\u6e2f\u80a1\u6628\u65e5\u77ed\u66ab\u5931\u5b88\u4e8c\u842c\u4e94\uff0c\u60df\u6700\u7d42\u4ecd\u80fd\u5831\u5347\u6536\u5834\u3002\u6052\u6307\u9ad8\u958b137\u9ede\uff0c\u58312","section":"5","cat":"1","publish_datetime":"2020-07-24","vdo":{"cover_path":"","headline":"","id":"","video_path":""},"imgs":[],"writer":{"columnistID":"241","columnTitle":"\u9bae\u80a1\u843d\u944a","writer":"\u805e\u98a8\u81f3","trait":"https://image.stheadline.com/f/10000p10000/0x0/100/hd/ffadc12ab6ed74e8ce80e1540c5759fe/stheadline/columnist_res/columnist_65x65/20110802040555661346436.jpg"},"layout":"1","share_link":""},{"id":"870573","newsID":"599784","title":"\u9bae\u80a1\u843d\u944a\u2014\u2014\u4eba\u745e\u4eba\u624d\u5927\u6210\u4ea4\u8d77\u52d5","content":"\u4e2d\u7f8e\u95dc\u4fc2\u7dca\u5f35\uff0c\u9023\u5e36\u6e2f\u80a1\u6628\u65e5\u5c3e\u5e02\u4ea6\u898b\u6025\u632b\uff0c\u5c07\u5468\u4e8c\u5347\u5e45\u5168\u6578\u5410\u56de\uff0c\u4ee5\u5168\u65e5\u4f4e\u4f4d\u6536\u5e02\uff0c\u6052\u6307\u6536\u583125057\u9ede","section":"5","cat":"1","publish_datetime":"2020-07-23","vdo":{"cover_path":"","headline":"","id":"","video_path":""},"imgs":[],"writer":{"columnistID":"241","columnTitle":"\u9bae\u80a1\u843d\u944a","writer":"\u805e\u98a8\u81f3","trait":"https://image.stheadline.com/f/10000p10000/0x0/100/hd/ffadc12ab6ed74e8ce80e1540c5759fe/stheadline/columnist_res/columnist_65x65/20110802040555661346436.jpg"},"layout":"1","share_link":""}]}