{"columnistID":"0","columnTitle":"Executive\u65e5\u8a18","writer":"KellyChu","trait":"columnist_res/columnist_65x65/20120405045803512634278.jpg","list":[{"id":"885372","newsID":"697086","title":"Executive\u65e5\u8a18\u2014\u2014\u9396\u5b9a\u903e300\u7cbe\u9078\u7522\u54c1\u50f9\u9322\u534a\u5e74  \u60e0\u5eb7\u300c\u65e5\u65e5\u6709\u4f4e\u50f9\u300d  \u6383\u5e73\u8ca8\u5514\u4f7f\u683c\u50f9","content":"\u60e0\u5eb7\u65e9\u524d\u5ba3\u4f48\u53c3\u8207\u300c\u7b2c\u4e8c\u8f2a\u4fdd\u5c31\u696d\u8a08\u5283\u300d\uff0c\u4e26\u6309\u653f\u5e9c\u8981\u6c42\uff0c\u555f\u52d5\u7e3d\u503c\u8d85\u904e\u4e00\u9ede\u4e8c\u5104\u5143\u5605\u300c\u9ede\u9ede\u5fc3\u610f\u300d\u56de\u994b\u793e\u6703","section":"5","cat":"1","publish_datetime":"2020-09-26","vdo":{"cover_path":"","headline":"","id":"","video_path":""},"imgs":[{"path":"https://image.stheadline.com/f/10000p10000/0x0/100/hd/71454da7a8584dd7b54dbd69e6faca16/stheadline/news_res/2020/09/26/697086/wttp010p17a_fb.jpg","isCover":"1"}],"writer":{"columnistID":"0","columnTitle":"Executive\u65e5\u8a18","writer":"KellyChu","trait":"https://image.stheadline.com/f/10000p10000/0x0/100/hd/f6309800754e22849c06a8436d3bb513/stheadline/columnist_res/columnist_65x65/20120405045803512634278.jpg"},"layout":"1","share_link":""},{"id":"885375","newsID":"697089","title":"Executive\u65e5\u8a18\u2014\u2014\u6f6e\u73a9\u5409\u535c\u529b\u5287\u7167\u2002\u7d93\u6c11\u806f\u63f6\u63c4\u653f\u5e9c","content":"\u5409\u535c\u529b\u5de5\u4f5c\u5ba4\u6700\u8fd1\u958b\u653e\u4f5c\u54c1\u5287\u7167\u7540\u516c\u773e\u81ea\u7531\u4f7f\u7528\uff0c\u6709\u7db2\u6c11\u5c31\u767c\u8d77\u300c\u7b2c\u4e00\u5c46\u5409\u535c\u529bCaption\u5927\u8cfd\u300d\uff0c\u9f4a\u9f4a","section":"5","cat":"1","publish_datetime":"2020-09-26","vdo":{"cover_path":"","headline":"","id":"","video_path":""},"imgs":[{"path":"https://image.stheadline.com/f/10000p10000/0x0/100/hd/1e424f3738509c72279353c72b277243/stheadline/news_res/2020/09/26/697089/wttp010p18a_fb.jpg","isCover":"1"}],"writer":{"columnistID":"0","columnTitle":"Executive\u65e5\u8a18","writer":"KellyChu","trait":"https://image.stheadline.com/f/10000p10000/0x0/100/hd/f6309800754e22849c06a8436d3bb513/stheadline/columnist_res/columnist_65x65/20120405045803512634278.jpg"},"layout":"1","share_link":""},{"id":"885378","newsID":"697092","title":"Executive\u65e5\u8a18\u2014\u2014\u592a\u53e4\u57fa\u91d1\u518d\u64a51400\u842c \u52a9\u5f31\u52e2\u793e\u7fa4\u6297\u75ab","content":"\u5c0d\u6297\u75ab\u60c5\uff0c\u5927\u5bb6\u4e00\u5b9a\u8981\u540c\u5fc3\u5354\u529b\u3002Kelly\u77e5\u9053\u592a\u53e4\u96c6\u5718\u65d7\u4e0b\u7684\u516c\u76ca\u4e8b\u52d9\u90e8\u9580\u300c\u592a\u53e4\u96c6\u5718\u6148\u5584\u4fe1\u8a17\u57fa\u91d1\uff08\u592a","section":"5","cat":"1","publish_datetime":"2020-09-26","vdo":{"cover_path":"","headline":"","id":"","video_path":""},"imgs":[{"path":"https://image.stheadline.com/f/10000p10000/0x0/100/hd/5544594be5d9ffd6108e1f199ca385c8/stheadline/news_res/2020/09/26/697092/wttp010p19a_fb.jpg","isCover":"1"}],"writer":{"columnistID":"0","columnTitle":"Executive\u65e5\u8a18","writer":"KellyChu","trait":"https://image.stheadline.com/f/10000p10000/0x0/100/hd/f6309800754e22849c06a8436d3bb513/stheadline/columnist_res/columnist_65x65/20120405045803512634278.jpg"},"layout":"1","share_link":""},{"id":"885066","newsID":"695619","title":"Executive\u65e5\u8a18\u2014\u2014\u65c5\u767c\u5c40\u64ec\u5fa9\u8fa6\u9664\u5915\u7159\u82b1\u9001\u8d70\u761f\u75ab  \u300c\u8cde\u4f60\u904a\u9999\u6e2f\u300d \u6d88\u8cbb\u63db\u672c\u5730\u904a\u540d\u984d","content":"\u672c\u6e2f\u75ab\u60c5\u56de\u843d\uff0c\u4f46\u5916\u570b\u75ab\u60c5\u5c31\u53cd\u5f48\uff0c\u5916\u904a\u66ab\u6642\u4ef2\u4fc2\u5922\u60f3\uff0c\u552f\u6709\u652f\u6301\u672c\u5730\u6d88\u8cbb\u3002Kelly\u516b\u5366\u5230\uff0c\u65c5\u767c\u5c40\u8a08\u5283","section":"5","cat":"1","publish_datetime":"2020-09-25","vdo":{"cover_path":"","headline":"","id":"","video_path":""},"imgs":[{"path":"https://image.stheadline.com/f/10000p10000/0x0/100/hd/56453bf89da7eb306821029f5bd7515d/stheadline/news_res/2020/09/25/695619/wttp020p17a_fb.jpg","isCover":"1"}],"writer":{"columnistID":"0","columnTitle":"Executive\u65e5\u8a18","writer":"KellyChu","trait":"https://image.stheadline.com/f/10000p10000/0x0/100/hd/f6309800754e22849c06a8436d3bb513/stheadline/columnist_res/columnist_65x65/20120405045803512634278.jpg"},"layout":"1","share_link":""},{"id":"885069","newsID":"695622","title":"Executive\u65e5\u8a18\u2014\u2014\u7164\u6c23\u516c\u53f8\u8d08\u9938\u83dc\u5305 \u6e1b\u8f15\u57fa\u5c64\u5bb6\u5ead\u58d3\u529b","content":"\u75ab\u60c5\u4e0b\uff0c\u57fa\u5c64\u4eba\u58eb\u56e0\u5931\u696d\u6216\u8005\u958b\u5de5\u4e0d\u8db3\uff0c\u9677\u5165\u56f0\u96e3\u3002Kelly\u898b\u7164\u6c23\u516c\u53f8\u597d\u6709\u5fc3\uff0c\u63a8\u51fa\u300c\u5bb6\u9938\u611b\uff0e\u6dfb\u6eab\u99a8\u300d","section":"5","cat":"1","publish_datetime":"2020-09-25","vdo":{"cover_path":"","headline":"","id":"","video_path":""},"imgs":[{"path":"https://image.stheadline.com/f/10000p10000/0x0/100/hd/c40b82d8970cf33767c8ec0d01d41765/stheadline/news_res/2020/09/25/695622/wttp020p18a_fb.jpg","isCover":"1"}],"writer":{"columnistID":"0","columnTitle":"Executive\u65e5\u8a18","writer":"KellyChu","trait":"https://image.stheadline.com/f/10000p10000/0x0/100/hd/f6309800754e22849c06a8436d3bb513/stheadline/columnist_res/columnist_65x65/20120405045803512634278.jpg"},"layout":"1","share_link":""},{"id":"885075","newsID":"695628","title":"Executive\u65e5\u8a18\u2014\u2014\u6602\u576a360 x FILA  \u5408\u4f5c\u63a8\u6236\u5916\u904b\u52d5\u7bc0","content":"\u75ab\u60c5\u4e0b\uff0c\u6602\u576a360\u9f13\u52f5\u5e02\u6c11\u89aa\u8fd1\u5927\u81ea\u7136\uff0c\u8207\u904b\u52d5\u54c1\u724cFILA\u8de8\u754c\u5225\u5408\u4f5c\uff0c\u878d\u5408\u672c\u5730\u7da0\u8272\u65c5\u904a\u3001\u6236\u5916\u904b\u52d5\u548c","section":"5","cat":"1","publish_datetime":"2020-09-25","vdo":{"cover_path":"","headline":"","id":"","video_path":""},"imgs":[{"path":"https://image.stheadline.com/f/10000p10000/0x0/100/hd/42df2b1f035db71ec40fb8af994b2fbb/stheadline/news_res/2020/09/25/695628/wttp021p10a_fb.jpg","isCover":"1"}],"writer":{"columnistID":"0","columnTitle":"Executive\u65e5\u8a18","writer":"KellyChu","trait":"https://image.stheadline.com/f/10000p10000/0x0/100/hd/f6309800754e22849c06a8436d3bb513/stheadline/columnist_res/columnist_65x65/20120405045803512634278.jpg"},"layout":"1","share_link":""},{"id":"885078","newsID":"695631","title":"Executive\u65e5\u8a18\u2014\u2014\u982d\u689dJetso App\u9001USB\u7121\u7dda\u6bba\u83cc\u6f54\u6de8\u6a5f","content":"\u75ab\u60c5\u7de9\u548c\uff0c\u4f46\u7a7a\u6c23\u6bba\u83cc\u6f54\u6de8\u6a5f\u4ecd\u7136\u4fc2\u51fa\u8857\u5fc5\u5099\u5605\u9632\u75ab\u7528\u54c1\u3002 Jetso App\u9001\u7dca\u65e5\u7cfb\u8a2d\u8a08\u54c1\u724cnolo","section":"5","cat":"1","publish_datetime":"2020-09-25","vdo":{"cover_path":"","headline":"","id":"","video_path":""},"imgs":[{"path":"https://image.stheadline.com/f/10000p10000/0x0/100/hd/7826e898530b94ca016efd4eb6c2fef1/stheadline/news_res/2020/09/25/695631/wttp021p11a_fb.jpg","isCover":"1"}],"writer":{"columnistID":"0","columnTitle":"Executive\u65e5\u8a18","writer":"KellyChu","trait":"https://image.stheadline.com/f/10000p10000/0x0/100/hd/f6309800754e22849c06a8436d3bb513/stheadline/columnist_res/columnist_65x65/20120405045803512634278.jpg"},"layout":"1","share_link":""},{"id":"884775","newsID":"694176","title":"\ufeffExecutive\u65e5\u8a18\u2014\u2014\u591a\u5340\u73fe\u300c\u8679\u5f69\u96f2\u300d \u7db2\u6c11\u958b\u5fc3share","content":"\u79cb\u5206\u5df2\u904e\uff0c\u5373\u4fc2\u5514\u7d93\u5514\u89ba\u79cb\u5929\u904e\u5497\u4e00\u534a\uff0c\u8fd1\u65e5\u5929\u6c23\u90fd\u5e7e\u5514\u7a69\u5b9a\uff0c\u4e0d\u6642\u843d\u96e8\uff0c\u4ee4Kelly\u90fd\u6709\u5c11\u5c11\u7169\uff0c\u4f46\u6709\u6642","section":"5","cat":"1","publish_datetime":"2020-09-24","vdo":{"cover_path":"","headline":"","id":"","video_path":""},"imgs":[{"path":"https://image.stheadline.com/f/10000p10000/0x0/100/hd/3e57c96f485b59b1186644931f0159c0/stheadline/news_res/2020/09/24/694176/wttp016p15a_fb.jpg","isCover":"1"}],"writer":{"columnistID":"0","columnTitle":"Executive\u65e5\u8a18","writer":"KellyChu","trait":"https://image.stheadline.com/f/10000p10000/0x0/100/hd/f6309800754e22849c06a8436d3bb513/stheadline/columnist_res/columnist_65x65/20120405045803512634278.jpg"},"layout":"1","share_link":""},{"id":"884778","newsID":"694179","title":"Executive\u65e5\u8a18\u2014\u2014\u4eca\u5e74\u4e2d\u79cb\u591a\u96f2\u6709\u9a5f\u96e8\u2002\u8cde\u6708\u8981\u78b0\u78b0\u904b\u6c23","content":"\u2002\u8a71\u5481\u5feb\u53c8\u5230\u4e2d\u79cb\uff0c\u597d\u591a\u670b\u53cb\u90fd\u7747\u7dca\u5929\u6587\u53f0\u5605\u9810\u6e2c\uff0c\u5481\u5341\u6708\u4e00\u65e5\u4e2d\u79cb\u7bc0\u517c\u570b\u6176\uff0c\u8981\u62ac\u982d\u8cde\u660e\u6708\u5c31\u53ef\u80fd\u8981\u78b0\u904b\u6c23","section":"5","cat":"1","publish_datetime":"2020-09-24","vdo":{"cover_path":"","headline":"","id":"","video_path":""},"imgs":[{"path":"https://image.stheadline.com/f/10000p10000/0x0/100/hd/44398835f20e6a1a2d0ea14ab5804f70/stheadline/news_res/2020/09/24/694179/wttp016p16a_fb.jpg","isCover":"1"}],"writer":{"columnistID":"0","columnTitle":"Executive\u65e5\u8a18","writer":"KellyChu","trait":"https://image.stheadline.com/f/10000p10000/0x0/100/hd/f6309800754e22849c06a8436d3bb513/stheadline/columnist_res/columnist_65x65/20120405045803512634278.jpg"},"layout":"1","share_link":""},{"id":"884781","newsID":"694182","title":"Executive\u65e5\u8a18\u2014\u2014\u5b78\u751f\u54e5\u5fa9\u8ab2\u5fc5\u5099\uff01  198\u868a\u6fc0\u7b4d\u50f9 \u5168\u5e74\u4efb\u7747\u300a\u661f\u5cf6\u96fb\u5b50\u5831\u300b","content":"\u540c\u5b78\u4ed4\u7d42\u65bc\u9678\u7e8c\u56de\u6821\u4e0a\u5802\u5587\uff01\u4e0d\u904eKelly\u807d\u597d\u591aAuntie\u8b1b\uff0c\u4ed4\u5973\u592a\u8010\u5187\u6b63\u5f0f\u8fd4\u5b78\uff0c\u4eca\u5e74\u53c8\u8981\u6e96\u5099\u5448","section":"5","cat":"1","publish_datetime":"2020-09-24","vdo":{"cover_path":"","headline":"","id":"","video_path":""},"imgs":[{"path":"https://image.stheadline.com/f/10000p10000/0x0/100/hd/8bdda69f8e32db618b9b681b42a3b54a/stheadline/news_res/2020/09/24/694182/wttp016p17a_fb.jpg","isCover":"1"}],"writer":{"columnistID":"0","columnTitle":"Executive\u65e5\u8a18","writer":"KellyChu","trait":"https://image.stheadline.com/f/10000p10000/0x0/100/hd/f6309800754e22849c06a8436d3bb513/stheadline/columnist_res/columnist_65x65/20120405045803512634278.jpg"},"layout":"1","share_link":""},{"id":"884475","newsID":"692511","title":"Executive\u65e5\u8a18\u2014\u2014\u6ed9\u8c50\u80a1\u50f9\u8dcc\u523025\u5e74\u4f4e\u4f4d  \u9285\u7345\u88ab\u6dcb\u6cb9\u517c\u706b\u71d2  \u674e\u4e1e\u8cac : \u5efa\u6c34\u6c60\u5316\u89e3","content":"\u6ed9\u8c50\u9280\u884c\u6210\u70ba\u4e2d\u7f8e\u89d2\u529b\u5605\u78e8\u5fc3\uff0c\u80a1\u50f9\u4fc2\u5481\u8dcc\uff0c\u6628\u5929\u6536\u5831\u4e8c\u5341\u516b\u500b\u4e03\uff0c\u5514\u5c11\u5c0f\u80a1\u6771\u6b32\u54ed\u7121\u6dda\u3002\u6709\u53e3\u75d5\u53cb\u8a71\uff0c\u65e9\u77e5","section":"5","cat":"1","publish_datetime":"2020-09-23","vdo":{"cover_path":"","headline":"","id":"","video_path":""},"imgs":[{"path":"https://image.stheadline.com/f/10000p10000/0x0/100/hd/c9453ebe0d910466699da24a65a59ecd/stheadline/news_res/2020/09/23/692511/wttp014p01a_fb.jpg","isCover":"1"}],"writer":{"columnistID":"0","columnTitle":"Executive\u65e5\u8a18","writer":"KellyChu","trait":"https://image.stheadline.com/f/10000p10000/0x0/100/hd/f6309800754e22849c06a8436d3bb513/stheadline/columnist_res/columnist_65x65/20120405045803512634278.jpg"},"layout":"1","share_link":""}]}