{"columnistID":"980","columnTitle":"\u5546\u754c\u8b1b\u5462\u5572","writer":"Cally","trait":"columnist_res//2018050316184818.jpg","list":[{"id":"877378","newsID":"654532","title":"\ufeff\u5546\u754c\u8b1b\u5462\u5572\u2014\u2014\u908a\u500b\u5361\u901a\u4eba\u7269\u6700\u5f97\u4f60\u6b61\u5fc3\uff1f","content":"\u4eba\u4eba\u5fc3\u4e2d\u90fd\u6709\u4e00\u500b\u6700\u5f97\u4f60\u6b61\u5fc3\u5605\u5361\u901a\u4eba\u7269\uff0c\u908a\u500b\u6700\u5f97Cally\u6b61\u5fc3\u5c31\u6897\u4fc2\u5514\u8a71\u4f60\u77e5\u5566\uff0c\u4f46\u5982\u679c\u4f60\u90fd\u937e\u610f\u5132\u5361","section":"5","cat":"1","publish_datetime":"2020-08-22","vdo":{"cover_path":"","headline":"","id":"","video_path":""},"imgs":[{"path":"https://image.stheadline.com/f/10000p10000/0x0/100/hd/ceb3c0a63aedb201ebdc322d4525d22b/stheadline/news_res/2020/08/22/654532/wttp014p01a_fb.jpg","isCover":"1"}],"writer":{"columnistID":"980","columnTitle":"\u5546\u754c\u8b1b\u5462\u5572","writer":"Cally","trait":"https://image.stheadline.com/f/10000p10000/0x0/100/hd/07e1d3ae4f52be56868f9fa5f33c981b/stheadline/columnist_res/2018050316184818.jpg"},"layout":"1","share_link":""},{"id":"877381","newsID":"654535","title":"\ufeff\u5546\u754c\u8b1b\u5462\u5572\u2014\u2014\u793e\u6703\u8cc7\u672c\u52d5\u529b\u734e \u800c\u5bb6\u63a5\u53d7\u5831\u540d\u5587","content":"\u5462\u6392\u807d\u5f97\u6700\u591a\u5605\u540d\u8a5e\u76f8\u4fe1\u90fd\u4fc2\u793e\u6703\u8cc7\u672c\uff08Social Capital\uff09\u5587\uff0c\u4f62\u5514\u55ae\u6b62\u53ef\u4ee5\u6539\u5584\u793e\u5340\uff0c\u4fc3\u9032","section":"5","cat":"1","publish_datetime":"2020-08-22","vdo":{"cover_path":"","headline":"","id":"","video_path":""},"imgs":[{"path":"https://image.stheadline.com/f/10000p10000/0x0/100/hd/2f5156a413f35e3883ab7bfbae065c51/stheadline/news_res/2020/08/22/654535/wttp014p02a_fb.jpg","isCover":"1"}],"writer":{"columnistID":"980","columnTitle":"\u5546\u754c\u8b1b\u5462\u5572","writer":"Cally","trait":"https://image.stheadline.com/f/10000p10000/0x0/100/hd/07e1d3ae4f52be56868f9fa5f33c981b/stheadline/columnist_res/2018050316184818.jpg"},"layout":"1","share_link":""},{"id":"877384","newsID":"654538","title":"\ufeff\u5546\u754c\u8b1b\u5462\u5572\u2014\u2014\u53e3\u7f69\u597d\u96e3\u63c0\uff1f Good Mask\u512a\u8cea\u4fdd\u5065\u5eb7","content":"\u8981\u5c0d\u6297\u75ab\u60c5\uff0c\u6234\u53e3\u7f69\u4fc2\u5fc5\u9808\u5605\u4e8b\uff01\u4f46\u800c\u5bb6\u5e02\u9762\u4e0a\u53c8\u592a\u591a\u9078\u64c7\uff0c\u90fd\u5514\u77e5\u908a\u6b3e\u53e3\u7f69\u597d\u3002\u4e0d\u904e\u5514\u6015\uff01Cally\u4ecb\u7d39","section":"5","cat":"1","publish_datetime":"2020-08-22","vdo":{"cover_path":"","headline":"","id":"","video_path":""},"imgs":[{"path":"https://image.stheadline.com/f/10000p10000/0x0/100/hd/071ac238e4d5851ea73d91ec9ef95d74/stheadline/news_res/2020/08/22/654538/wttp014p03a_fb.jpg","isCover":"1"}],"writer":{"columnistID":"980","columnTitle":"\u5546\u754c\u8b1b\u5462\u5572","writer":"Cally","trait":"https://image.stheadline.com/f/10000p10000/0x0/100/hd/07e1d3ae4f52be56868f9fa5f33c981b/stheadline/columnist_res/2018050316184818.jpg"},"layout":"1","share_link":""},{"id":"877387","newsID":"654541","title":"\ufeff\u5546\u754c\u8b1b\u5462\u5572\u2014\u2014\u6ef2\u6c34\u554f\u984c\u6709\u8a08\uff01","content":"\u8a71\u8aaa\u820a\u5e74Cally\u7761\u623f\u500b\u7a97\u53f0\u4e0d\u65b7\u6ef2\u6c34\uff0c\u641e\u5230\u982d\u90fd\u75d5\uff0c\u597d\u5f69honey\u63a8\u4ecb\u5497\u6211\u7528\u82f1\u570b\u6bd4\u723eK-8\u9632\u6c34\u5674\u9727","section":"5","cat":"1","publish_datetime":"2020-08-22","vdo":{"cover_path":"","headline":"","id":"","video_path":""},"imgs":[{"path":"https://image.stheadline.com/f/10000p10000/0x0/100/hd/6d8dbab054bb2bd00f66de4c49ca724e/stheadline/news_res/2020/08/22/654541/wttp014p04a_fb.jpg","isCover":"1"}],"writer":{"columnistID":"980","columnTitle":"\u5546\u754c\u8b1b\u5462\u5572","writer":"Cally","trait":"https://image.stheadline.com/f/10000p10000/0x0/100/hd/07e1d3ae4f52be56868f9fa5f33c981b/stheadline/columnist_res/2018050316184818.jpg"},"layout":"1","share_link":""},{"id":"876498","newsID":"651057","title":"\u5546\u754c\u8b1b\u5462\u5572\u2014\u2014\u56de\u5473\u5152\u6642\u7d93\u5178\u5473\u9053","content":"\u96ea\u7c73\u7ccd\u5e73\u6642\u5c31\u98df\u5f97\u591a\uff0c\u4e0d\u904e\u569f\u569f\u53bb\u53bb\u90fd\u4fc2\u55f0\u4e00\u5169\u96bb\u5473\uff0c\u98df\u5f97\u591a\u90fd\u54aa\u8a71\u5514\u53ad\uff01\u54aa\u4f4f\u5148\uff0c\u6700\u8fd1\u7dad\u8a18\u51fa\u5497\u65b0\u53e3\u5473\uff0c\u4ef2","section":"5","cat":"1","publish_datetime":"2020-08-19","vdo":{"cover_path":"","headline":"","id":"","video_path":""},"imgs":[{"path":"https://image.stheadline.com/f/10000p10000/0x0/100/hd/dab3d4479b0ec74b55843453beea2b92/stheadline/news_res/2020/08/19/651057/wttp009p03a_fb.jpg","isCover":"1"}],"writer":{"columnistID":"980","columnTitle":"\u5546\u754c\u8b1b\u5462\u5572","writer":"Cally","trait":"https://image.stheadline.com/f/10000p10000/0x0/100/hd/07e1d3ae4f52be56868f9fa5f33c981b/stheadline/columnist_res/2018050316184818.jpg"},"layout":"1","share_link":""},{"id":"876501","newsID":"651060","title":"\u5546\u754c\u8b1b\u5462\u5572\u2014\u2014\u300c\u73a9\u6ce1\u6ce1\u300d\u5f71\u76f8\u6311\u6230  \u8d0f\u300c\u9a57\u773c\u79ae\u5238\u300d","content":"\u800c\u5bb6\u5572\u5c0f\u670b\u53cb\u6210\u65e5\u651e\u4f4f\u624b\u6a5f\u73a9\uff0c\u597d\u4f3cCally\u5605\u59e8\u7525\u5481\u4e2d\u54c2\u6bd2\uff0c\u7531\u671d\u5230\u665a\u6a5f\u4e0d\u96e2\u624b\uff0c\u771f\u4fc2\u597d\u64d4\u5fc3\u4f62\u96d9\u773c\u5605\u5065","section":"5","cat":"1","publish_datetime":"2020-08-19","vdo":{"cover_path":"","headline":"","id":"","video_path":""},"imgs":[{"path":"https://image.stheadline.com/f/10000p10000/0x0/100/hd/ccca3b1c0606643ab0effa34dc7c150d/stheadline/news_res/2020/08/19/651060/wttp009p04a_fb.jpg","isCover":"1"}],"writer":{"columnistID":"980","columnTitle":"\u5546\u754c\u8b1b\u5462\u5572","writer":"Cally","trait":"https://image.stheadline.com/f/10000p10000/0x0/100/hd/07e1d3ae4f52be56868f9fa5f33c981b/stheadline/columnist_res/2018050316184818.jpg"},"layout":"1","share_link":""},{"id":"876492","newsID":"651051","title":"\u5546\u754c\u8b1b\u5462\u5572\u2014\u2014\u6771\u6e2f\u57ce\u3001\u4e0a\u6c34\u5ee3\u5834\u540cPopWalk\u5929\u6649\u6ed9  \u6298\u4e0a\u6298\u760b\u6436Online Sale\u512a\u60e0\u7db2  \u9f4ashop\u500b\u5920\uff01","content":"Cally\u5e73\u6642\u597d\u9418\u610f\u8cfc\u7269\uff0c\u4f46\u75ab\u60c5\u4e4b\u4e0b\u53c8\u5514\u6562\u51fa\u8857\u6162\u6162shopping\uff0c\u771f\u4fc2\u5fc3\u7662\u7662\u3002\u597d\u5f69\u77e5\u9053\u65b0\u9d3b\u57fa\u5730","section":"5","cat":"1","publish_datetime":"2020-08-19","vdo":{"cover_path":"","headline":"","id":"","video_path":""},"imgs":[{"path":"https://image.stheadline.com/f/10000p10000/0x0/100/hd/3c6d9f7400a83a74c0c519433d604ace/stheadline/news_res/2020/08/19/651051/wttp009p01a_fb.jpg","isCover":"1"}],"writer":{"columnistID":"980","columnTitle":"\u5546\u754c\u8b1b\u5462\u5572","writer":"Cally","trait":"https://image.stheadline.com/f/10000p10000/0x0/100/hd/07e1d3ae4f52be56868f9fa5f33c981b/stheadline/columnist_res/2018050316184818.jpg"},"layout":"1","share_link":""},{"id":"876495","newsID":"651054","title":"\u5546\u754c\u8b1b\u5462\u5572\u2014\u2014\u5916\u51fa\u5fc5\u5099  \u6297\u83cc\u795e\u5668","content":"\u8fd1\u6392\u78ba\u8a3a\u6578\u5b57\u6301\u7e8c\uff0c\u597d\u591a\u4eba\u90fd\u76e1\u91cf\u7559\u55ba\u5c4b\u4f01\u907f\u514d\u51fa\u8857\uff0c\u4f46\u6709\u6642\u70ba\u5497\u8fd4\u5de5\u6216\u8005\u8cb7\u5fc5\u9700\u54c1\uff0c\u51fa\u9580\u642d\u5df4\u58eb\u3001\u6e2f\u9435\u90fd\u5728","section":"5","cat":"1","publish_datetime":"2020-08-19","vdo":{"cover_path":"","headline":"","id":"","video_path":""},"imgs":[{"path":"https://image.stheadline.com/f/10000p10000/0x0/100/hd/980181313c6a09ae0c1e09a307a59fc3/stheadline/news_res/2020/08/19/651054/wttp009p02a_fb.jpg","isCover":"1"}],"writer":{"columnistID":"980","columnTitle":"\u5546\u754c\u8b1b\u5462\u5572","writer":"Cally","trait":"https://image.stheadline.com/f/10000p10000/0x0/100/hd/07e1d3ae4f52be56868f9fa5f33c981b/stheadline/columnist_res/2018050316184818.jpg"},"layout":"1","share_link":""},{"id":"875794","newsID":"648157","title":"\ufeff\u5546\u754c\u8b1b\u5462\u5572\u2014\u2014\u8178\u9053\u83cc\u7a2e\u5931\u8861\u597d\u6613\u75c5\uff1f","content":"\u7d93\u5e38\u8178\u80c3\u4e0d\u9069\u3001\u6d88\u5316\u4e0d\u826f\u6216\u6392\u4fbf\u5514\u66a2\u901a\uff1f\u5176\u5be6\u53ef\u80fd\u4fc2\u8178\u9053\u83cc\u7a2e\u5931\u8861\u5f15\u8d77\uff01Cally\u807d\u8b1b\u76ca\u751f\u83cc\u53ef\u4ee5\u6539\u5584\u8178\u9053","section":"5","cat":"1","publish_datetime":"2020-08-15","vdo":{"cover_path":"","headline":"","id":"","video_path":""},"imgs":[{"path":"https://image.stheadline.com/f/10000p10000/0x0/100/hd/1c2e14153fe07e12542ef897e834ff0f/stheadline/news_res/2020/08/15/648157/wttp010p01a_fb.jpg","isCover":"1"}],"writer":{"columnistID":"980","columnTitle":"\u5546\u754c\u8b1b\u5462\u5572","writer":"Cally","trait":"https://image.stheadline.com/f/10000p10000/0x0/100/hd/07e1d3ae4f52be56868f9fa5f33c981b/stheadline/columnist_res/2018050316184818.jpg"},"layout":"1","share_link":""},{"id":"875800","newsID":"648163","title":"\ufeff\u5546\u754c\u8b1b\u5462\u5572\u2014\u2014\u300c\u5546\u754c\u5c55\u95dc\u61f7\u300d\u6a19\u8a8c  \u95dc\u61f7\u793e\u6703\u597d\u6a19\u793a","content":"\u8a71\u4f60\u77e5\uff0c\u9577\u6c5f\u96c6\u5718\u65d7\u4e0b153\u5bb6\u6210\u54e1\u516c\u53f8\u55ba\u4eca\u5e74\u7372\u9999\u6e2f\u793e\u6703\u670d\u52d9\u806f\u6703\u9812\u5497\u300c\u5546\u754c\u5c55\u95dc\u61f7\u300d\u5605\u6a19\u8a8c\uff0c\u8868\u63da\u4f62\u54cb\u55ba","section":"5","cat":"1","publish_datetime":"2020-08-15","vdo":{"cover_path":"","headline":"","id":"","video_path":""},"imgs":[{"path":"https://image.stheadline.com/f/10000p10000/0x0/100/hd/3623eeb2158c9c2cef9b5b52ef293bc6/stheadline/news_res/2020/08/15/648163/wttp010p03a_fb.jpg","isCover":"1"}],"writer":{"columnistID":"980","columnTitle":"\u5546\u754c\u8b1b\u5462\u5572","writer":"Cally","trait":"https://image.stheadline.com/f/10000p10000/0x0/100/hd/07e1d3ae4f52be56868f9fa5f33c981b/stheadline/columnist_res/2018050316184818.jpg"},"layout":"1","share_link":""},{"id":"875797","newsID":"648160","title":"\ufeff\u5546\u754c\u8b1b\u5462\u5572\u2014\u2014\u5c45\u5bb6\u6297\u75ab\u90fd\u53ef\u4ee5\u597d\u8f15\u9b06","content":"\u96d6\u5247\u8fd1\u6392\u75ab\u60c5\u7a0d\u6709\u653e\u63f4\uff0c\u5927\u5bb6\u5c31\u7b97\u5c45\u5bb6\u5de5\u4f5c\uff0c\u591a\u5497\u6642\u9593\u7559\u55ba\u5c4b\u4f01\uff0c\u90fd\u5514\u53ef\u4ee5\u6389\u4ee5\u8f15\u5fc3\uff0c\u4fc2\u6642\u5019\u8981\u63d0\u5347\u4e00\u5413\u5bb6\u5c45","section":"5","cat":"1","publish_datetime":"2020-08-15","vdo":{"cover_path":"","headline":"","id":"","video_path":""},"imgs":[{"path":"https://image.stheadline.com/f/10000p10000/0x0/100/hd/3fede0ccab252bd8c14f71c8a86e0500/stheadline/news_res/2020/08/15/648160/wttp010p02a_fb.jpg","isCover":"1"}],"writer":{"columnistID":"980","columnTitle":"\u5546\u754c\u8b1b\u5462\u5572","writer":"Cally","trait":"https://image.stheadline.com/f/10000p10000/0x0/100/hd/07e1d3ae4f52be56868f9fa5f33c981b/stheadline/columnist_res/2018050316184818.jpg"},"layout":"1","share_link":""}]}