{"columnistID":"879","columnTitle":"\u975e\u9b5a\u8ad6\u5e02","writer":"\u5b50\u975e\u9b5a","trait":"columnist_res//2017091918003637.jpg","list":[{"id":"825096","newsID":"16923","title":"\u975e\u9b5a\u8ad6\u5e02\u2014\u2014\u6a13\u5e02\u5341\u5927\u9810\u6e2c\uff08\u4e0b\uff09","content":"\u7b2c\u4e94\uff0c\u544e\u50f9\u6b63\u5e38\u5316\u3002\u56e0600\u842c\u5143\u7684\u9ad8\u6210\u6578\u6309\u63ed\u4e0a\u9650\uff0c\u800c\u7d2f\u7a4d\u5728\u7d30\u50f9\u6a13\u7684\u8cfc\u8cb7\u529b\uff0c\u5c07\u56e0\u653e\u5bec600\u81f310","section":"5","cat":"1","publish_datetime":"2020-01-07","vdo":{"cover_path":"","headline":"","id":"","video_path":""},"imgs":[],"writer":{"columnistID":"879","columnTitle":"\u975e\u9b5a\u8ad6\u5e02","writer":"\u5b50\u975e\u9b5a","trait":"columnist_res//2017091918003637.jpg"},"layout":"1","share_link":""},{"id":"823639","newsID":"393862","title":"\u975e\u9b5a\u8ad6\u5e02\u2014\u2014\u6a13\u5e02\u5341\u5927\u9810\u6e2c\uff08\u4e0a\uff09","content":"\u7b46\u8005\u57282018\u5e74\u5e95\uff0c\u4f30\u8a08\u6a13\u5dff\u77ed\u6642\u9593\u5167\u898b\u5e95\uff0c\u7d50\u679c\u6a13\u5dff\u5728\u525b\u8e0f\u51652019\u5e74\uff0c\u4fbf\u5df2\u898b\u5e95\u56de\u5347\uff0c\u5728\u5e74\u4e2d\u6642\u5df2\u4e0a","section":"5","cat":"1","publish_datetime":"2019-12-31","vdo":{"cover_path":"","headline":"","id":"","video_path":""},"imgs":[],"writer":{"columnistID":"879","columnTitle":"\u975e\u9b5a\u8ad6\u5e02","writer":"\u5b50\u975e\u9b5a","trait":"columnist_res//2017091918003637.jpg"},"layout":"1","share_link":""},{"id":"822519","newsID":"383259","title":"\u975e\u9b5a\u8ad6\u5e02\u2014\u20142019\u5c45\u5c4b\u62b5\u5514\u62b5\uff1f","content":"\u6709\u8b80\u8005\u554f\u4eca\u671f\u5c45\u5c4b\u62b5\u8cb7\u55ce\uff1f\u7b46\u8005\u57f7\u7b46\u4e4b\u6642\uff0c\u5c45\u5c4b\u5df2\u958b\u552e\u4e86\u7d04\u5169\u661f\u671f\uff0c\u5df2\u8cb7\u51a0\u5fb7\u82d1\u7684\u8cb7\u5bb6\u53ef\u4ee5\u653e\u5fc3\uff0c\u770b\u5b8c\u672c\u7bc7\u5f8c","section":"5","cat":"1","publish_datetime":"2019-12-24","vdo":{"cover_path":"","headline":"","id":"","video_path":""},"imgs":[],"writer":{"columnistID":"879","columnTitle":"\u975e\u9b5a\u8ad6\u5e02","writer":"\u5b50\u975e\u9b5a","trait":"columnist_res//2017091918003637.jpg"},"layout":"1","share_link":""},{"id":"820693","newsID":"371809","title":"\u975e\u9b5a\u8ad6\u5e02\u2014\u20142019\u5c45\u5c4b\u5b9a\u50f9\u57fa\u6e96","content":"\u65bc\u65b0\u6a5f\u5236\u4e0b\uff0c\u623f\u59d4\u6703\u5c07\u4ee5\u672c\u6e2f\u975e\u696d\u4e3b\u4f4f\u6236\u5165\u606f\u4e2d\u4f4d\u657840%\u4f5c\u70ba\u4f9b\u6b3e\uff0c\u8a08\u7b97\u51fa\u4e00\u500b\u53ef\u8ca0\u64d4\u6a13\u50f9\u3002\u4eca\u5e74\u4e09\u6708\u516c\u4f48","section":"5","cat":"1","publish_datetime":"2019-12-17","vdo":{"cover_path":"","headline":"","id":"","video_path":""},"imgs":[],"writer":{"columnistID":"879","columnTitle":"\u975e\u9b5a\u8ad6\u5e02","writer":"\u5b50\u975e\u9b5a","trait":"columnist_res//2017091918003637.jpg"},"layout":"1","share_link":""},{"id":"818739","newsID":"360201","title":"\u975e\u9b5a\u8ad6\u5e02\u2014\u2014\u5c45\u5c4b\u63c0\u6a13\u65e5\u9808\u77e5","content":"\u5728\u63c0\u6a13\u7576\u65e5\uff0c\u7da0\u8868\u8cb7\u5bb6\u9808\u7e73\u4ed8\u6a13\u50f95%\u5b9a\u91d1\uff0c\u767d\u8868\u8cb7\u5bb6\u5247\u9808\u4ed810%\u3002\u5b9a\u91d1\u5206\u70ba\u5169\u90e8\u4efd\uff0c\u4e00\u90e8\u4efd\u70ba\u9280\u884c\u672c\u7968\uff0c","section":"5","cat":"1","publish_datetime":"2019-12-10","vdo":{"cover_path":"","headline":"","id":"","video_path":""},"imgs":[],"writer":{"columnistID":"879","columnTitle":"\u975e\u9b5a\u8ad6\u5e02","writer":"\u5b50\u975e\u9b5a","trait":"columnist_res//2017091918003637.jpg"},"layout":"1","share_link":""},{"id":"816849","newsID":"348363","title":"\u975e\u9b5a\u8ad6\u5e02\u2014\u2014\u5c45\u5c4b\u63c0\u6a13\u524d\u6e96\u5099\u4e8b\u9805","content":"2019\u5c45\u5c4b\u539f\u8a02\u5341\u4e00\u6708\u4e2d\u958b\u59cb\u63c0\u6a13\uff0c\u4e0d\u904e\u56e0\u61c9\u65e9\u524d\u7684\u4ea4\u901a\u72c0\u6cc1\u5ba3\u4f48\u5ef6\u671f\u3002\u5728\u7b49\u5f85\u63c0\u6a13\u901a\u77e5\u66f8\u671f\u9593\uff0c\u7533\u8acb\u4eba\u4e5f","section":"5","cat":"1","publish_datetime":"2019-12-03","vdo":{"cover_path":"","headline":"","id":"","video_path":""},"imgs":[],"writer":{"columnistID":"879","columnTitle":"\u975e\u9b5a\u8ad6\u5e02","writer":"\u5b50\u975e\u9b5a","trait":"columnist_res//2017091918003637.jpg"},"layout":"1","share_link":""},{"id":"815004","newsID":"335844","title":"\u975e\u9b5a\u8ad6\u5e02\u2014\u2014\u91cd\u555f\u79df\u7f6e\u8a08\u5283","content":"2019\u5e74\u300a\u65bd\u653f\u5831\u544a\u300b\u91cd\u63d0\u79df\u8005\u7f6e\u5176\u5c4b\u8a08\u5283\uff0c\u8a72\u8a08\u5283\u65bc1997\u5e74\u5e95\u63a8\u51fa\uff0c\u540c\u671f\u4ea6\u6709\u9996\u6b21\u7f6e\u696d\u8cb8\u6b3e\u8a08\u5283\uff0c\u4ee5","section":"5","cat":"1","publish_datetime":"2019-11-26","vdo":{"cover_path":"","headline":"","id":"","video_path":""},"imgs":[],"writer":{"columnistID":"879","columnTitle":"\u975e\u9b5a\u8ad6\u5e02","writer":"\u5b50\u975e\u9b5a","trait":"columnist_res//2017091918003637.jpg"},"layout":"1","share_link":""},{"id":"813246","newsID":"325293","title":"\u975e\u9b5a\u8ad6\u5e02\u2014\u2014\u653e\u5bec\u6309\u63ed\u5229\u5f0a\uff08\u4e94\uff09","content":"\u4e0a\u56de\u7b46\u8005\u56e0\u7bc7\u5e45\u554f\u984c\u8868\u9054\u5f97\u8a9e\u610f\u4e0d\u6e05\uff0c\u670b\u53cb\u554f\u662f\u5426\u770b\u6de1\u4f4f\u5b85\u6a13\u5dff\u3002\u5176\u5be6\u7b46\u8005\u662f\u77ed\u671f\u770b\u6de1\u8eca\u4f4d\u548c\u7d30\u5de5\u5ec8\u5dff\u5834","section":"5","cat":"1","publish_datetime":"2019-11-19","vdo":{"cover_path":"","headline":"","id":"","video_path":""},"imgs":[],"writer":{"columnistID":"879","columnTitle":"\u975e\u9b5a\u8ad6\u5e02","writer":"\u5b50\u975e\u9b5a","trait":"columnist_res//2017091918003637.jpg"},"layout":"1","share_link":""},{"id":"811368","newsID":"315102","title":"\u975e\u9b5a\u8ad6\u5e02\u2014\u2014\u653e\u5bec\u6309\u63ed\u5229\u5f0a\uff08\u56db\uff09","content":"\u6709\u8dd1\u8d0f\uff0c\u81ea\u7136\u5c31\u6709\u8dd1\u8f38\u3002\u904e\u5f80\u5728\u9ad8\u6210\u6578\u6309\u63ed\u7684600\u842c\u5143\u6a13\u50f9\u9650\u5236\u4e0b\uff0c\u9996\u671f\u5c11\uff0c\u6536\u5165\u9ad8\u7684\u8cb7\u5bb6\u5728\u4e8c\u624b\u5dff\u5834\u671b\u9580","section":"5","cat":"1","publish_datetime":"2019-11-12","vdo":{"cover_path":"","headline":"","id":"","video_path":""},"imgs":[],"writer":{"columnistID":"879","columnTitle":"\u975e\u9b5a\u8ad6\u5e02","writer":"\u5b50\u975e\u9b5a","trait":"columnist_res//2017091918003637.jpg"},"layout":"1","share_link":""},{"id":"809505","newsID":"304428","title":"\u975e\u9b5a\u8ad6\u5e02\u2014\u2014\u653e\u5bec\u6309\u63ed\u5229\u5f0a\uff08\u4e09\uff09","content":"\u6a13\u5dff\u5728\u77ed\u6642\u9593\u5167\u98c6\u5347\uff0c\u5df2\u662f\u9435\u4e00\u822c\u7684\u4e8b\u5be6\uff0c\u7121\u8ad6\u662f\u8cb7\u5bb6\u3001\u8ce3\u5bb6\u6216\u63db\u6a13\u5ba2\u4f86\u8aaa\uff0c\u6700\u60f3\u77e5\u9053\u7684\uff0c\u4e5f\u8a31\u662f\u54ea\u4e00\u985e\u578b\u4f4f","section":"5","cat":"1","publish_datetime":"2019-11-05","vdo":{"cover_path":"","headline":"","id":"","video_path":""},"imgs":[],"writer":{"columnistID":"879","columnTitle":"\u975e\u9b5a\u8ad6\u5e02","writer":"\u5b50\u975e\u9b5a","trait":"columnist_res//2017091918003637.jpg"},"layout":"1","share_link":""},{"id":"818190","newsID":"357702","title":"\ufeff\u975e\u9b5a\u8ad6\u5e02\u2014\u2014\u653e\u5bec\u6309\u63ed\u5229\u5f0a\uff08\u4e8c\uff09","content":"\u5728\u300a\u65bd\u653f\u5831\u544a\u300b\u767c\u4f48\u5f8c\u7fcc\u65e5\uff0c\u7b46\u8005\u6e4a\u71b1\u9b27\u8207\u670b\u53cb\u53bb\u7747\u6a13\u3002\u8a72\u55ae\u4f4d\u53eb\u50f9\u7d04800\u842c\u5143\uff0c\u5c6c\u65bc\u300a\u65bd\u653f\u5831\u544a\u300b\u524d\u5dff\u50f9","section":"5","cat":"1","publish_datetime":"2019-10-29","vdo":{"cover_path":"","headline":"","id":"","video_path":""},"imgs":[],"writer":{"columnistID":"879","columnTitle":"\u975e\u9b5a\u8ad6\u5e02","writer":"\u5b50\u975e\u9b5a","trait":"columnist_res//2017091918003637.jpg"},"layout":"1","share_link":""}]}