{"columnistID":"570","columnTitle":"\u9678\u7fbd\u4ec1\u5468\u8a18","writer":"\u9678\u7fbd\u4ec1","trait":"columnist_res//2016041116113328.jpg","list":[{"id":"874494","newsID":"640914","title":"\u9678\u7fbd\u4ec1\u5468\u8a18\u2014\u2014\u5916\u9762\u7684\u4e16\u754c\u5f88\u5371\u96aa","content":"\u7f8e\u570b\u5c0d\u83ef\u9032\u653b\u5728\u4e0a\u5468\u9023\u7e8c\u5347\u7d1a\uff0c\u5305\u62ec\u91dd\u5c0d\u5167\u5730\u793e\u4ea4\u5a92\u9ad4\u65bd\u58d3\uff0c\u540c\u6642\u5411\u4e2d\u6e2f\u5b98\u54e1\u5be6\u884c\u5236\u88c1\u3002\u6d88\u606f\u5f71\u97ff\u6e2f\u80a1\u4e0a\u5468\u4e94","section":"5","cat":"1","publish_datetime":"2020-08-10","vdo":{"cover_path":"","headline":"","id":"","video_path":""},"imgs":[],"writer":{"columnistID":"570","columnTitle":"\u9678\u7fbd\u4ec1\u5468\u8a18","writer":"\u9678\u7fbd\u4ec1","trait":"https://image.stheadline.com/f/10000p10000/0x0/100/hd/bac1ea8b0164a38b88694e719a763b34/stheadline/columnist_res/2016041116113328.jpg"},"layout":"1","share_link":""},{"id":"872979","newsID":"626505","title":"\u9678\u7fbd\u4ec1\u5468\u8a18\u2014\u2014\u908a\u500b\u8cb7\u5230\u908a\u500b\u767c","content":"\u50b3\u7d71\u597d\u666f\u7684\u4e03\u6708\u904e\u53bb\uff0c\u4eca\u5e74\u7ffb\u8eab\u6708\u8d70\u52e2\u7ffb\u4f86\u8986\u53bb\uff0c\u6708\u521d\u4e00\u5ea6\u6025\u5347\u81f326800\u9ede\uff0c\u4f46\u5728\u653f\u6cbb\u548c\u75ab\u60c5\u60e1\u5316\u96d9","section":"5","cat":"1","publish_datetime":"2020-08-03","vdo":{"cover_path":"","headline":"","id":"","video_path":""},"imgs":[],"writer":{"columnistID":"570","columnTitle":"\u9678\u7fbd\u4ec1\u5468\u8a18","writer":"\u9678\u7fbd\u4ec1","trait":"https://image.stheadline.com/f/10000p10000/0x0/100/hd/bac1ea8b0164a38b88694e719a763b34/stheadline/columnist_res/2016041116113328.jpg"},"layout":"1","share_link":""},{"id":"871413","newsID":"609663","title":"\u9678\u7fbd\u4ec1\u5468\u8a18\u2014\u2014\u9632\u75ab\u6f0f\u62db  \u80a1\u6c11\u627e\u6578","content":"7\u6708\u4efd\u6e2f\u80a1\u958b\u5c40\u826f\u597d\uff0c\u5728\u5927\u6210\u4ea4\u4e0b\u6307\u6578\u4e00\u5ea6\u98c6\u5347\uff0c\u4f46\u4e2d\u6bb5\u5f62\u52e2\u8f49\u5dee\uff0c\u4e0a\u500b\u661f\u671f\u4e2d\u7f8e\u95dc\u4fc2\u65e5\u76ca\u7dca\u5f35\uff0c\u6e2f\u80a1\u9023","section":"5","cat":"1","publish_datetime":"2020-07-27","vdo":{"cover_path":"","headline":"","id":"","video_path":""},"imgs":[],"writer":{"columnistID":"570","columnTitle":"\u9678\u7fbd\u4ec1\u5468\u8a18","writer":"\u9678\u7fbd\u4ec1","trait":"https://image.stheadline.com/f/10000p10000/0x0/100/hd/bac1ea8b0164a38b88694e719a763b34/stheadline/columnist_res/2016041116113328.jpg"},"layout":"1","share_link":""},{"id":"869745","newsID":"591825","title":"\u9678\u7fbd\u4ec1\u5468\u8a18\u2014\u2014\u7f85\u91ab\u751f\u8d81\u9ed1\u6697\u671f\u4f9b\u80a1","content":"\u6e2f\u80a1\u4e0a\u5468\u626d\u8f49\u5229\u597d\u6c23\u6c1b\uff0c\u5728\u4e2d\u592e\u5c0d\u80a1\u5e02\u964d\u6eab\u548c\u548c\u5916\u570d\u79d1\u6280\u80a1\u8abf\u6574\u4e0b\uff0c\u6052\u6307\u753126000\u9ede\u4e00\u5ea6\u63d2\u7a7f250","section":"5","cat":"1","publish_datetime":"2020-07-20","vdo":{"cover_path":"","headline":"","id":"","video_path":""},"imgs":[],"writer":{"columnistID":"570","columnTitle":"\u9678\u7fbd\u4ec1\u5468\u8a18","writer":"\u9678\u7fbd\u4ec1","trait":"https://image.stheadline.com/f/10000p10000/0x0/100/hd/bac1ea8b0164a38b88694e719a763b34/stheadline/columnist_res/2016041116113328.jpg"},"layout":"1","share_link":""},{"id":"868080","newsID":"574068","title":"\u9678\u7fbd\u4ec1\u5468\u8a18\u2014\u2014\u5347\u5f97\u591a\u4e0d\u7b49\u65bc\u8cb4","content":"7\u6708\u4efd\u6e2f\u80a1\u958b\u5c40\u90fd\u7b97\u4fc2\u6ce2\u703e\u58ef\u95ca\uff0c\u6307\u6578\u66fe\u4e00\u65e5\u5927\u5347\u8fd1\u5343\u9ede\uff0c\u66f4\u52a0\u91cd\u8981\u662f\u6210\u4ea4\u6025\u589e\uff0c\u79d1\u6280\u5927\u80a1\u7d1b\u7d1b\u6e67\u4e0a\uff0c\u82e5","section":"5","cat":"1","publish_datetime":"2020-07-13","vdo":{"cover_path":"","headline":"","id":"","video_path":""},"imgs":[],"writer":{"columnistID":"570","columnTitle":"\u9678\u7fbd\u4ec1\u5468\u8a18","writer":"\u9678\u7fbd\u4ec1","trait":"https://image.stheadline.com/f/10000p10000/0x0/100/hd/bac1ea8b0164a38b88694e719a763b34/stheadline/columnist_res/2016041116113328.jpg"},"layout":"1","share_link":""},{"id":"866430","newsID":"556191","title":"\u9678\u7fbd\u4ec1\u5468\u8a18\u2014\u2014\u9a30\u8a0a\u6492\u8c46\u6210\u5708\u4e00\u4e16\u5920\u904b","content":"\u6e2f\u80a1\u8e0f\u5165\u4e03\u7ffb\u8eab\uff0c\u5927\u5e02\u9023\u5347\u4e09\u65e5\uff0c\u6052\u6307\u6700\u9ad8\u898b\u904e25453\u9ede\uff0c\u70ba3\u670811\u65e5\u4ee5\u4f86\u65b0\u9ad8\uff0c\u6536\u583125373\u9ede\uff0c","section":"5","cat":"1","publish_datetime":"2020-07-06","vdo":{"cover_path":"","headline":"","id":"","video_path":""},"imgs":[],"writer":{"columnistID":"570","columnTitle":"\u9678\u7fbd\u4ec1\u5468\u8a18","writer":"\u9678\u7fbd\u4ec1","trait":"https://image.stheadline.com/f/10000p10000/0x0/100/hd/bac1ea8b0164a38b88694e719a763b34/stheadline/columnist_res/2016041116113328.jpg"},"layout":"1","share_link":""},{"id":"865140","newsID":"538836","title":"\u9678\u7fbd\u4ec1\u5468\u8a18\u2014\u2014\u4e2d\u82af\u8c48\u662f\u6c60\u4e2d\u7269  \u8981\u9047\u4fb5\u4fb5\u59cb\u5316\u9f8d","content":"\u6e2f\u80a1\u5728\u516d\u7d55\u6708\u5148\u69ae\u5f8c\u8fb1\uff0c\u53d7\u5230\u7f8e\u570b\u75ab\u60c5\u6709\u7ffb\u7206\u5a01\u8105\uff0c\u6e2f\u80a1\u5728\u7d50\u7b97\u524d\u5915\u53d7\u58d3\uff0c\u6052\u6307\u4e0a\u5468\u4f4e\u6536\u902024549\uff0c","section":"5","cat":"1","publish_datetime":"2020-06-29","vdo":{"cover_path":"","headline":"","id":"","video_path":""},"imgs":[],"writer":{"columnistID":"570","columnTitle":"\u9678\u7fbd\u4ec1\u5468\u8a18","writer":"\u9678\u7fbd\u4ec1","trait":"https://image.stheadline.com/f/10000p10000/0x0/100/hd/bac1ea8b0164a38b88694e719a763b34/stheadline/columnist_res/2016041116113328.jpg"},"layout":"1","share_link":""},{"id":"863829","newsID":"521457","title":"\u9678\u7fbd\u4ec1\u5468\u8a18\u2014\u2014\u7236\u89aa\u7bc0\u7d42\u65bc\u5a01\u756a\u6b21","content":"\u6e2f\u80a1\u7d93\u904e6\u6708\u521d\u5927\u5347\u5f8c\u56de\u8abf\uff0c\u4e0a\u5468\u8f49\u8da8\u7a69\u5b9a\uff0c\u6052\u6307\u6536\u583124643\u9ede\uff0c\u5168\u5468\u53cd\u5f48342\u9ede\uff1b\u570b\u6307\u66fe\u91cd\u8fd4\u4e00","section":"5","cat":"1","publish_datetime":"2020-06-22","vdo":{"cover_path":"","headline":"","id":"","video_path":""},"imgs":[],"writer":{"columnistID":"570","columnTitle":"\u9678\u7fbd\u4ec1\u5468\u8a18","writer":"\u9678\u7fbd\u4ec1","trait":"https://image.stheadline.com/f/10000p10000/0x0/100/hd/bac1ea8b0164a38b88694e719a763b34/stheadline/columnist_res/2016041116113328.jpg"},"layout":"1","share_link":""},{"id":"862026","newsID":"503253","title":"\u9678\u7fbd\u4ec1\u5468\u8a18\u2014\u2014\u80a1\u5e02\u6709\u4fdd\u6bcd  \u5bc6\u98df\u7576\u4e09\u756a","content":"\u4e0a\u661f\u671f\u5168\u7403\u80a1\u5e02\u76f8\u7576\u9a5a\u5fc3\u52d5\u9b44\uff0c\u7f8e\u80a1\u5728\u7d0d\u6307\u8fed\u5275\u65b0\u9ad8\u5e36\u52d5\u5927\u5e45\u53cd\u5f48\u5f8c\uff0c\u7a81\u7136\u7206\u51fa\u9ed1\u8272\u661f\u671f\u56db\uff0c\u55ae\u65e5\u5927\u8dcc1","section":"5","cat":"1","publish_datetime":"2020-06-15","vdo":{"cover_path":"","headline":"","id":"","video_path":""},"imgs":[],"writer":{"columnistID":"570","columnTitle":"\u9678\u7fbd\u4ec1\u5468\u8a18","writer":"\u9678\u7fbd\u4ec1","trait":"https://image.stheadline.com/f/10000p10000/0x0/100/hd/bac1ea8b0164a38b88694e719a763b34/stheadline/columnist_res/2016041116113328.jpg"},"layout":"1","share_link":""},{"id":"860349","newsID":"485151","title":"\u9678\u7fbd\u4ec1\u5468\u8a18\u2014\u2014\u64fa\u5730\u6524\u7092\u80a1\u4e00\u77f3\u4e8c\u9ce5","content":"\u4e0a\u661f\u671f\u6e2f\u80a1\u8d70\u52e2\u6709\u9ede\u51fa\u4eba\u610f\u8868\u3002\u4eba\u5927\u901a\u904e\u8a02\u7acb\u300a\u6e2f\u5340\u570b\u5b89\u6cd5\u300b\uff0c\u4e0a\u5468\u4e94\u5927\u5dff\u52754\u670829\u65e5\u4ee5\u4f86\u65b0\u9ad8\uff0c\u6536\u9020","section":"5","cat":"1","publish_datetime":"2020-06-08","vdo":{"cover_path":"","headline":"","id":"","video_path":""},"imgs":[],"writer":{"columnistID":"570","columnTitle":"\u9678\u7fbd\u4ec1\u5468\u8a18","writer":"\u9678\u7fbd\u4ec1","trait":"https://image.stheadline.com/f/10000p10000/0x0/100/hd/bac1ea8b0164a38b88694e719a763b34/stheadline/columnist_res/2016041116113328.jpg"},"layout":"1","share_link":""},{"id":"858654","newsID":"467379","title":"\u9678\u7fbd\u4ec1\u5468\u8a18\u2014\u2014\u672c\u5730\u9280\u884c\u80a1\u50b7\u4e0a\u52a0\u50b7","content":"\u6e2f\u80a1\u4e94\u7aae\u6708\u679c\u7136\u7121\u904b\u884c\uff0c\u4f46\u4e0b\u8dcc\u539f\u56e0\u4e0d\u662f\u56e0\u50b3\u7d71\u6de1\u5b63\uff0c\u76f8\u53cd\uff0c\u5927\u5e02\u4ea4\u6295\u76f8\u7576\u58ef\u65fa\uff0c\u4e0a\u5468\u4e94\u56e0\u70baMSCI\u6307\u6578\u57f7","section":"5","cat":"1","publish_datetime":"2020-06-01","vdo":{"cover_path":"","headline":"","id":"","video_path":""},"imgs":[],"writer":{"columnistID":"570","columnTitle":"\u9678\u7fbd\u4ec1\u5468\u8a18","writer":"\u9678\u7fbd\u4ec1","trait":"https://image.stheadline.com/f/10000p10000/0x0/100/hd/bac1ea8b0164a38b88694e719a763b34/stheadline/columnist_res/2016041116113328.jpg"},"layout":"1","share_link":""}]}