{"columnistID":"1185","columnTitle":"\u7570\u52d5\u89e3\u78bc","writer":"\u7570\u52d5\u89e3\u78bc","trait":"columnist_res//2019121114435422.jpg","list":[{"id":"873745","newsID":"632869","title":"\u7570\u52d5\u89e3\u78bc\u2014\u2014\u860b\u679c\u7e3e\u512a\u5229\u597d  \u6bd4\u4e9e\u8fea\u96fb\u5b50  \u6025\u53478.23%","content":"\u6bd4\u4e9e\u8fea\u96fb\u5b50\uff08285\uff09\u8d70\u52e2\u5f37\u52c1\uff0c\u6628\u518d\u98c68.23%\u3002\u76f8\u5c0d\u5176\u4ed6\u624b\u6a5f\u8a2d\u5099\u80a1\uff0c\u516c\u53f8\u66f4\u6d89\u8db3\u53e3\u7f69\u696d\u52d9\uff0c\u4e26\u70ba\u5176\u76c8","section":"5","cat":"1","publish_datetime":"2020-08-06","vdo":{"cover_path":"","headline":"","id":"","video_path":""},"imgs":[],"writer":{"columnistID":"1185","columnTitle":"\u7570\u52d5\u89e3\u78bc","writer":"\u7570\u52d5\u89e3\u78bc","trait":"https://image.stheadline.com/f/10000p10000/0x0/100/hd/7f2f07d1978405227a69725ab44e2810/stheadline/columnist_res/2019121114435422.jpg"},"layout":"1","share_link":""},{"id":"873474","newsID":"630819","title":"\u7570\u52d5\u89e3\u78bc\u2014\u2014\u696d\u52d9\u52d5\u529b\u524d\u666f\u4fcf  \u5fa9\u661f\u570b\u969b  \u5177\u53cd\u5f48\u7a7a\u9593\u53ef\u543c","content":"\u5fa9\u661f\u570b\u969b\uff08656\uff09\u4e0a\u6708\u5e95\u76c8\u8b66\u6599\u4e2d\u671f\u5c11\u8cfa\u6700\u591a76%\uff0c\u62d6\u7d2f\u80a1\u50f9\u8f49\u5f31\uff0c\u4f46\u81f38.6\u5143\u5177\u652f\u6301\u3002\u5728\u6a6b\u884c\u6574\u56fa\u5f8c","section":"5","cat":"1","publish_datetime":"2020-08-05","vdo":{"cover_path":"","headline":"","id":"","video_path":""},"imgs":[],"writer":{"columnistID":"1185","columnTitle":"\u7570\u52d5\u89e3\u78bc","writer":"\u7570\u52d5\u89e3\u78bc","trait":"https://image.stheadline.com/f/10000p10000/0x0/100/hd/7f2f07d1978405227a69725ab44e2810/stheadline/columnist_res/2019121114435422.jpg"},"layout":"1","share_link":""},{"id":"873234","newsID":"628623","title":"\u7570\u52d5\u89e3\u78bc\u2014\u2014\u53d7\u60e0\u5b85\u7d93\u6fdf\u9700\u6c42  \u95b1\u6587\u96c6\u5718  \u53ef\u5c0f\u6ce8\u4e00\u535a","content":"\u95b1\u6587\uff08772\uff09\u65e9\u524d\u767c\u76c8\u8b66\u6599\u4e0a\u534a\u5e74\u76c8\u8f49\u8667\uff0c\u51fa\u4e4e\u5e02\u5834\u610f\u6599\u4e4b\u5916\u4e26\u62d6\u7d2f\u80a1\u50f9\u8868\u73fe\u3002\n\u2003\u2003\u4e0d\u904e\uff0c\u8a72\u80a1\u6628\u65e5\u96a8\u65b0","section":"5","cat":"1","publish_datetime":"2020-08-04","vdo":{"cover_path":"","headline":"","id":"","video_path":""},"imgs":[],"writer":{"columnistID":"1185","columnTitle":"\u7570\u52d5\u89e3\u78bc","writer":"\u7570\u52d5\u89e3\u78bc","trait":"https://image.stheadline.com/f/10000p10000/0x0/100/hd/7f2f07d1978405227a69725ab44e2810/stheadline/columnist_res/2019121114435422.jpg"},"layout":"1","share_link":""},{"id":"872500","newsID":"619885","title":"\u7570\u52d5\u89e3\u78bc\u2014\u20145G\u5229\u597d\u534a\u5c0e\u9ad4\u696d  ASM\u592a\u5e73\u6d0b  \u5019\u8abf\u6574\u53ef\u5438","content":"ASM\u592a\u5e73\u6d0b\uff08522\uff09\u4e0a\u534a\u5e74\u7d14\u5229\u5927\u53471.17\u500d\uff0c\u4f46\u5728\u6e1b\u6d3e\u606f\u4e0b\u7e3e\u5f8c\u80a1\u50f9\u53d7\u632b\uff0c\u6628\u65e5\u65e9\u6bb5\u66f4\u4e00\u5ea6\u632b9.8","section":"5","cat":"1","publish_datetime":"2020-07-31","vdo":{"cover_path":"","headline":"","id":"","video_path":""},"imgs":[],"writer":{"columnistID":"1185","columnTitle":"\u7570\u52d5\u89e3\u78bc","writer":"\u7570\u52d5\u89e3\u78bc","trait":"https://image.stheadline.com/f/10000p10000/0x0/100/hd/7f2f07d1978405227a69725ab44e2810/stheadline/columnist_res/2019121114435422.jpg"},"layout":"1","share_link":""},{"id":"872166","newsID":"617559","title":"\u7570\u52d5\u89e3\u78bc\u2014\u2014\u5e36\u6308\u4e73\u54c1\u80a1\u5411\u4e0a  \u4e2d\u570b\u8056\u7267  \u7372\u589e\u6301\u52c1\u5347","content":"\u4e2d\u570b\u8056\u7267\uff081432\uff09\u56e0\u7372\u8499\u725b\uff082319\uff09\u589e\u6301\u6210\u55ae\u4e00\u6700\u5927\u80a1\u6771\u6025\u98c675%\uff0c\u5e36\u6308\u4e73\u54c1\u80a1\u8d70\u5f37\uff0c\u7576\u4e2d\u73fe\u4ee3\u7267","section":"5","cat":"1","publish_datetime":"2020-07-30","vdo":{"cover_path":"","headline":"","id":"","video_path":""},"imgs":[],"writer":{"columnistID":"1185","columnTitle":"\u7570\u52d5\u89e3\u78bc","writer":"\u7570\u52d5\u89e3\u78bc","trait":"https://image.stheadline.com/f/10000p10000/0x0/100/hd/7f2f07d1978405227a69725ab44e2810/stheadline/columnist_res/2019121114435422.jpg"},"layout":"1","share_link":""},{"id":"871899","newsID":"614814","title":"\u7570\u52d5\u89e3\u78bc\u2014\u2014\u61a7\u61ac\u5167\u5730\u8eca\u5e02\u5fa9\u7526  \u7f8e\u6771\u6c7d\u8eca  \u6025\u5347\u8fd19%","content":"\u7f8e\u6771\u6c7d\u8eca\uff081268\uff09\u53d7\u60e0\u5927\u884c\u52a0\u6301\u518d\u5ea6\u62c9\u53478.92%\u3002\u5e02\u5834\u5c0d\u5167\u5730\u8eca\u5e02\u4e0b\u534a\u5e74\u5fa9\u7526\u5177\u61a7\u61ac\uff0c\u5e02\u5834\u770b\u597d\u7f8e\u6771","section":"5","cat":"1","publish_datetime":"2020-07-29","vdo":{"cover_path":"","headline":"","id":"","video_path":""},"imgs":[],"writer":{"columnistID":"1185","columnTitle":"\u7570\u52d5\u89e3\u78bc","writer":"\u7570\u52d5\u89e3\u78bc","trait":"https://image.stheadline.com/f/10000p10000/0x0/100/hd/7f2f07d1978405227a69725ab44e2810/stheadline/columnist_res/2019121114435422.jpg"},"layout":"1","share_link":""},{"id":"871635","newsID":"612039","title":"\u7570\u52d5\u89e3\u78bc\u2014\u2014\u6599\u8fce\u9700\u6c42\u5fa9\u7526  \u4e2d\u570b\u5efa\u6750  \u9006\u5347\u903e\u4e00\u6210","content":"\u4e2d\u570b\u5efa\u6750\uff083323\uff09\u6628\u7a81\u98c6\u4e00\u6210\u4ee5\u4e0a\uff0c\u4e3b\u56e0\u516c\u53f8\u64ec\u8207\u9644\u5c6c\u91cd\u7d44\u6c34\u6ce5\u8cc7\u7522\uff0c\u63a8\u52d5\u5176\u9006\u5e02\u8dd1\u51fa\u3002\u6c34\u6ce5\u677f\u584a\u65e9\u524d\u53d7","section":"5","cat":"1","publish_datetime":"2020-07-28","vdo":{"cover_path":"","headline":"","id":"","video_path":""},"imgs":[],"writer":{"columnistID":"1185","columnTitle":"\u7570\u52d5\u89e3\u78bc","writer":"\u7570\u52d5\u89e3\u78bc","trait":"https://image.stheadline.com/f/10000p10000/0x0/100/hd/7f2f07d1978405227a69725ab44e2810/stheadline/columnist_res/2019121114435422.jpg"},"layout":"1","share_link":""},{"id":"870909","newsID":"602565","title":"\u7570\u52d5\u89e3\u78bc\u2014\u2014\u524d\u666f\u53ef\u770b\u9ad8\u4e00\u7dda  \u83ef\u6f64\u5564\u9152  \u53d7\u60e0\u5167\u9700\u5fa9\u7526","content":"\u6f64\u5564\uff08291\uff09\u8e0f\u5165\u672c\u6708\u767c\u529b\u4e0a\u885d\uff0c\u6628\u518d\u98c66.24%\u81f352.75\u5143\u6301\u7e8c\u5c0b\u9802\uff0c\u66fe\u898b\u6b77\u53f2\u65b0\u9ad853.6\u5143\u3002","section":"5","cat":"1","publish_datetime":"2020-07-24","vdo":{"cover_path":"","headline":"","id":"","video_path":""},"imgs":[],"writer":{"columnistID":"1185","columnTitle":"\u7570\u52d5\u89e3\u78bc","writer":"\u7570\u52d5\u89e3\u78bc","trait":"https://image.stheadline.com/f/10000p10000/0x0/100/hd/7f2f07d1978405227a69725ab44e2810/stheadline/columnist_res/2019121114435422.jpg"},"layout":"1","share_link":""},{"id":"870567","newsID":"599778","title":"\u7570\u52d5\u89e3\u78bc\u2014\u2014\u9022\u56de\u53ef\u6536\u96c6  \u654f\u83ef\u63a7\u80a1  \u898b9.18\u5143\u65b0\u9ad8","content":"\u6b50\u76df\u65e5\u524d\u7d42\u65bc\u5c317500\u5104\u6b50\u7f85\u7684\u6b50\u6d32\u5fa9\u7526\u57fa\u91d1\u9054\u6210\u5354\u8b70\uff0c\u6d88\u606f\u63a8\u52d5\u500b\u5225\u51fa\u53e3\u80a1\u8d70\u9ad8\uff0c\u654f\u83ef\uff081999\uff09\u6628\u65e5","section":"5","cat":"1","publish_datetime":"2020-07-23","vdo":{"cover_path":"","headline":"","id":"","video_path":""},"imgs":[],"writer":{"columnistID":"1185","columnTitle":"\u7570\u52d5\u89e3\u78bc","writer":"\u7570\u52d5\u89e3\u78bc","trait":"https://image.stheadline.com/f/10000p10000/0x0/100/hd/7f2f07d1978405227a69725ab44e2810/stheadline/columnist_res/2019121114435422.jpg"},"layout":"1","share_link":""},{"id":"870312","newsID":"597036","title":"\u7570\u52d5\u89e3\u78bc\u2014\u2014\u4e0d\u59a8\u5206\u6ce8\u6536\u96c6  \u9577\u57ce\u6c7d\u8eca  \u6025\u5347\u903e7%","content":"\u9577\u57ce\u6c7d\u8eca\uff082333\uff09\u767c\u529b\uff0c\u5728\u767c\u4f48\u65b0\u6280\u8853\u5e73\u53f0\u4e0b\u98c6\u53477.77%\uff0c\u5927\u5e45\u8dd1\u8d0f\u540c\u696d\uff0c\u5168\u65e5\u98c67.77%\uff0c\u6536\u5831","section":"5","cat":"1","publish_datetime":"2020-07-22","vdo":{"cover_path":"","headline":"","id":"","video_path":""},"imgs":[],"writer":{"columnistID":"1185","columnTitle":"\u7570\u52d5\u89e3\u78bc","writer":"\u7570\u52d5\u89e3\u78bc","trait":"https://image.stheadline.com/f/10000p10000/0x0/100/hd/7f2f07d1978405227a69725ab44e2810/stheadline/columnist_res/2019121114435422.jpg"},"layout":"1","share_link":""},{"id":"869971","newsID":"594286","title":"\u7570\u52d5\u89e3\u78bc\u2014\u2014\u53d7\u60e0\u570b\u7b56\u8c37\u57fa\u5efa  \u4e2d\u570b\u92c1\u696d  \u9ad8\u6536\u8fd1\u4e00\u6210","content":"\u4e2d\u570b\u92c1\u696d\uff082600\uff09\u8e0f\u5165\u672c\u6708\u8f49\u52e2\u62bd\u5347\uff0c\u65e5\u524d\u66fe\u898b3\u500b\u6708\u9ad82.2\u5143\uff0c\u672c\u6708\u5167\u6700\u591a\u66fe\u534751.72%\u3002\u8a72\u80a1","section":"5","cat":"1","publish_datetime":"2020-07-21","vdo":{"cover_path":"","headline":"","id":"","video_path":""},"imgs":[],"writer":{"columnistID":"1185","columnTitle":"\u7570\u52d5\u89e3\u78bc","writer":"\u7570\u52d5\u89e3\u78bc","trait":"https://image.stheadline.com/f/10000p10000/0x0/100/hd/7f2f07d1978405227a69725ab44e2810/stheadline/columnist_res/2019121114435422.jpg"},"layout":"1","share_link":""}]}