{"columnistID":"239","columnTitle":"\u6709\u9322\u5716","writer":"\u4f0d\u4e00\u5c71","trait":"columnist_res/columnist_65x65/20110802035413589721680.jpg","list":[{"id":"823983","newsID":"7344","title":"\u6709\u9322\u5716\u2014\u2014\u6052\u6307\u95dc\u9375\u963b\u529b\u65bc\u4e09\u842c","content":"\u65b0\u4e00\u5e74\u9996\u500b\u4ea4\u6613\u65e5\uff0c\u7b46\u8005\u5148\u795d\u5404\u4f4d\u80a1\u904b\u4ea8\u901a\uff0c\u8ca1\u6e90\u5ee3\u9032\u3002\u5468\u4e8c\u9664\u5915\u534a\u65e5\u5e02\u6e2f\u80a1\u56de\u8edf\uff0c\u6052\u6307\u4f4e\u958b78\u9ede\u81f3282","section":"5","cat":"1","publish_datetime":"2020-01-02","vdo":{"cover_path":"","headline":"","id":"","video_path":""},"imgs":[],"writer":{"columnistID":"239","columnTitle":"\u6709\u9322\u5716","writer":"\u4f0d\u4e00\u5c71","trait":"columnist_res/columnist_65x65/20110802035413589721680.jpg"},"layout":"1","share_link":""},{"id":"823651","newsID":"393874","title":"\u6709\u9322\u5716\u2014\u2014\u5927\u5e02\u9ad8\u4f4d\u9047\u56de\u5410\u58d3\u529b","content":"\u671f\u6307\u7d50\u7b97\u65e5\u6e2f\u80a1\u53cd\u8986\u4e0a\u63da\uff0c\u6052\u6307\u6628\u65e5\u9ad8\u958b25\u9ede\u81f328250\u9ede\uff0c\u65e9\u6bb5\u56de\u5410\u81f3\u5168\u65e5\u4f4e\u4f4d28165\u9ede\uff0c\u5012\u8dcc6","section":"5","cat":"1","publish_datetime":"2019-12-31","vdo":{"cover_path":"","headline":"","id":"","video_path":""},"imgs":[],"writer":{"columnistID":"239","columnTitle":"\u6709\u9322\u5716","writer":"\u4f0d\u4e00\u5c71","trait":"columnist_res/columnist_65x65/20110802035413589721680.jpg"},"layout":"1","share_link":""},{"id":"823257","newsID":"392127","title":"\u6709\u9322\u5716\u2014\u2014\u6052\u6307\u6311\u6230\u4e0a\u5347\u901a\u9053\u9802","content":"\u5927\u5e02\u9023\u5347\u56db\u5468\uff0c\u6052\u6307\u4e0a\u5468\u7d2f\u5347354\u9ede\uff0c\u7a81\u7834\u4e8c\u842c\u516b\u5fc3\u7406\u95dc\u53e3\uff0c\u672c\u5468\u6599\u5c07\u4e0a\u8a66\u516b\u6708\u4ee5\u4f86\u4e0a\u5347\u901a\u9053\u9802\uff08\u7d04\u5728","section":"5","cat":"1","publish_datetime":"2019-12-30","vdo":{"cover_path":"","headline":"","id":"","video_path":""},"imgs":[],"writer":{"columnistID":"239","columnTitle":"\u6709\u9322\u5716","writer":"\u4f0d\u4e00\u5c71","trait":"columnist_res/columnist_65x65/20110802035413589721680.jpg"},"layout":"1","share_link":""},{"id":"822876","newsID":"387798","title":"\u6709\u9322\u5716\u2014\u2014\u6052\u6307\u6708\u7dda\u5716\u96b1\u73fe\u8f49\u6a5f","content":"\u5e73\u5b89\u591c\u6e2f\u80a1\u534a\u65e5\u5e02\uff0c\u6052\u6307\u4f4e\u958b5\u9ede\u81f327901\uff0c\u96a8\u5373\u53cd\u5f48\u81f3\u5168\u65e5\u9ad8\u4f4d27921\uff0c\u5012\u534715\u9ede\uff0c\u5176\u5f8c\u53cd\u8986\u4e0b","section":"5","cat":"1","publish_datetime":"2019-12-27","vdo":{"cover_path":"","headline":"","id":"","video_path":""},"imgs":[],"writer":{"columnistID":"239","columnTitle":"\u6709\u9322\u5716","writer":"\u4f0d\u4e00\u5c71","trait":"columnist_res/columnist_65x65/20110802035413589721680.jpg"},"layout":"1","share_link":""},{"id":"822528","newsID":"383268","title":"\u6709\u9322\u5716\u2014\u2014\u6052\u6307\u4e8c\u842c\u516b\u5f97\u800c\u5fa9\u5931","content":"\u5927\u5e02\u6628\u65e5\u53cd\u8986\u9760\u7a69\uff0c\u6052\u6307\u4ee5\u5168\u65e5\u6700\u9ad8\u4f4d28024\u9ede\u958b\u51fa\uff0c\u5347153\u9ede\uff0c\u9ad8\u4f4d\u906d\u9047\u56de\u5410\u58d3\u529b\uff0c\u5348\u524d\u56de\u81f3\u5168\u65e5\u4f4e","section":"5","cat":"1","publish_datetime":"2019-12-24","vdo":{"cover_path":"","headline":"","id":"","video_path":""},"imgs":[],"writer":{"columnistID":"239","columnTitle":"\u6709\u9322\u5716","writer":"\u4f0d\u4e00\u5c71","trait":"columnist_res/columnist_65x65/20110802035413589721680.jpg"},"layout":"1","share_link":""},{"id":"822174","newsID":"381471","title":"\u6709\u9322\u5716\u2014\u2014\u5927\u5e02\u6574\u56fa\u5f8c\u6599\u95d6\u901a\u9053\u9802","content":"\u5927\u5e02\u5ef6\u7e8c\u524d\u5468\u5347\u52e2\uff0c\u6052\u6307\u4e0a\u5468\u4e94\u6536\u583127871\u9ede\uff0c\u534770\u9ede\uff0c\u4e00\u5468\u7d2f\u5347184\u9ede\uff0c\u66ab\u53d7\u5236\u65bc\u4e0a\u6708\u524d\u6d6a\u9802","section":"5","cat":"1","publish_datetime":"2019-12-23","vdo":{"cover_path":"","headline":"","id":"","video_path":""},"imgs":[],"writer":{"columnistID":"239","columnTitle":"\u6709\u9322\u5716","writer":"\u4f0d\u4e00\u5c71","trait":"columnist_res/columnist_65x65/20110802035413589721680.jpg"},"layout":"1","share_link":""},{"id":"821790","newsID":"377142","title":"\u6709\u9322\u5716\u2014\u2014\u6052\u6307\u6599\u8a66\u725b\u718a\u7dda\u652f\u6301","content":"\u6e2f\u80a1\u6628\u65e5\u56de\u5410\uff0c\u6052\u6307\u9ad8\u958b24\u9ede\uff0c\u583127908\u9ede\uff0c\u5df2\u662f\u5168\u65e5\u9ad8\u4f4d\uff0c\u5176\u5f8c\u53cd\u8986\u56de\u843d\uff0c\u5348\u524d\u8dcc\u81f3\u5168\u65e5\u4f4e\u4f4d276","section":"5","cat":"1","publish_datetime":"2019-12-20","vdo":{"cover_path":"","headline":"","id":"","video_path":""},"imgs":[],"writer":{"columnistID":"239","columnTitle":"\u6709\u9322\u5716","writer":"\u4f0d\u4e00\u5c71","trait":"columnist_res/columnist_65x65/20110802035413589721680.jpg"},"layout":"1","share_link":""},{"id":"821388","newsID":"375369","title":"\u6709\u9322\u5716\u2014\u2014\u5927\u5e02\u77ed\u671f\u6709\u56de\u5410\u58d3\u529b","content":"\u6e2f\u80a1\u6628\u65e5\u53cd\u8986\u9760\u7a69\uff0c\u6052\u6307\u9ad8\u958b27946\u9ede\uff0c\u5347103\u9ede\uff0c\u65e9\u6bb5\u6025\u56de\u8f15\u5fae\u5012\u8dcc\uff0c\u5176\u5f8c\u5feb\u901f\u6500\u81f3\u5168\u65e5\u9ad8\u4f4d279","section":"5","cat":"1","publish_datetime":"2019-12-19","vdo":{"cover_path":"","headline":"","id":"","video_path":""},"imgs":[],"writer":{"columnistID":"239","columnTitle":"\u6709\u9322\u5716","writer":"\u4f0d\u4e00\u5c71","trait":"columnist_res/columnist_65x65/20110802035413589721680.jpg"},"layout":"1","share_link":""},{"id":"821025","newsID":"373563","title":"\u6709\u9322\u5716\u2014\u2014\u6052\u6307\u4eca\u95d6\u4e0a\u5347\u901a\u9053\u9802","content":"\u5927\u5e02\u56de\u6c23\u4e00\u65e5\u53c8\u5347\u904e\uff0c\u6052\u6307\u6628\u65e5\u9ad8\u958b122\u9ede\uff0c\u583127630\u9ede\uff0c\u65e9\u6bb5\u56de\u5410\u81f3\u5168\u65e5\u4f4e\u4f4d27563\u9ede\uff0c\u5347\u5e45\u6536","section":"5","cat":"1","publish_datetime":"2019-12-18","vdo":{"cover_path":"","headline":"","id":"","video_path":""},"imgs":[],"writer":{"columnistID":"239","columnTitle":"\u6709\u9322\u5716","writer":"\u4f0d\u4e00\u5c71","trait":"columnist_res/columnist_65x65/20110802035413589721680.jpg"},"layout":"1","share_link":""},{"id":"820702","newsID":"371818","title":"\u6709\u9322\u5716\u2014\u2014\u6052\u6307\u5341\u5b57\u80ce\u8abf\u6574\u672a\u5b8c","content":"\u6e2f\u80a1\u6628\u65e5\u56de\u5410\uff0c\u6052\u6307\u4f4e\u958b157\u9ede\uff0c\u583127530\u9ede\uff0c\u65e9\u6bb5\u8dcc\u81f3\u5168\u65e5\u4f4e\u4f4d27473\u9ede\uff0c\u4e0b\u632b214\u9ede\uff0c\u5176\u5f8c","section":"5","cat":"1","publish_datetime":"2019-12-17","vdo":{"cover_path":"","headline":"","id":"","video_path":""},"imgs":[],"writer":{"columnistID":"239","columnTitle":"\u6709\u9322\u5716","writer":"\u4f0d\u4e00\u5c71","trait":"columnist_res/columnist_65x65/20110802035413589721680.jpg"},"layout":"1","share_link":""},{"id":"820398","newsID":"370182","title":"\u6709\u9322\u5716\u2014\u2014\u6052\u6307\u8f49\u5f37\u6599\u8a66\u901a\u9053\u9802","content":"\u5927\u5e02\u4e0a\u5468\u52c1\u5f48\uff0c\u6052\u6307\u4e0a\u5468\u4e94\u4ee5\u5168\u5468\u6700\u9ad8\u4f4d27687\u9ede\u6536\u5e02\uff0c\u55ae\u65e5\u52c1\u5347691\u9ede\uff0c\u4e00\u5468\u7d2f\u8a08\u5927\u6f321189\u9ede\uff0c","section":"5","cat":"1","publish_datetime":"2019-12-16","vdo":{"cover_path":"","headline":"","id":"","video_path":""},"imgs":[],"writer":{"columnistID":"239","columnTitle":"\u6709\u9322\u5716","writer":"\u4f0d\u4e00\u5c71","trait":"columnist_res/columnist_65x65/20110802035413589721680.jpg"},"layout":"1","share_link":""}]}