{"columnistID":"501","columnTitle":"\u6469\u767b\u98df\u7d93","writer":"\u5289\u6649","trait":"columnist_res//2015092318271985.jpg","list":[{"id":"839491","newsID":"193558","title":"\u6469\u767b\u98df\u7d93\u2014\u2014\u98f2\u98df\u548c\u75ab\u75c7","content":"\u8fd1\u4f86\u5927\u5bb6\u8336\u9918\u98ef\u5f8c\u7684\u8a71\u984c\u90fd\u96e2\u4e0d\u958b\u80ba\u708e\u75ab\u60c5\uff0c\u6709\u95dc\u75ab\u75c7\u8d77\u6e90\u5176\u4e2d\u4e00\u8aaa\u5c31\u662f\u56e0\u70ba\u98df\u91ce\u5473\u3002\u4e00\u76f4\u4ee5\u4f86\u98f2\u98df\u548c\u75ab\u75c7\u90fd","section":"5","cat":"1","publish_datetime":"2020-03-07","vdo":{"cover_path":"","headline":"","id":"","video_path":""},"imgs":[{"path":"news_res/2020/03/07/193558/wttp022p18a_fb.jpg","isCover":"1"}],"writer":{"columnistID":"501","columnTitle":"\u6469\u767b\u98df\u7d93","writer":"\u5289\u6649","trait":"columnist_res//2015092318271985.jpg"},"layout":"1","share_link":""},{"id":"837831","newsID":"170607","title":"\u6469\u767b\u98df\u7d93\u2014\u2014\u6697\u9ed1\u6599\u7406","content":"\u6700\u8fd1\u5728\u66f8\u5e97\u770b\u898b\u4e00\u672c\u7531\u82f1\u570b\u502b\u6566\u5e02\u653f\u5ef3\u5716\u66f8\u9928\u7ba1\u7406\u54e1\u64b0\u5beb\u7684\u300a\u5927\u82f1\u6697\u9ed1\u6599\u7406\u5927\u5168\u300b\uff0c\u8a18\u8f09\u82f1\u570b\u4e0d\u540c\u6642\u671f\u7684\u98df\u8b5c\uff0c\u7576","section":"5","cat":"1","publish_datetime":"2020-02-29","vdo":{"cover_path":"","headline":"","id":"","video_path":""},"imgs":[{"path":"news_res/2020/02/29/170607/wttp016p02a_fb.jpg","isCover":"1"}],"writer":{"columnistID":"501","columnTitle":"\u6469\u767b\u98df\u7d93","writer":"\u5289\u6649","trait":"columnist_res//2015092318271985.jpg"},"layout":"1","share_link":""},{"id":"836068","newsID":"148168","title":"\ufeff\u6469\u767b\u98df\u7d93\u2014\u2014\u91ce\u708a","content":"\u80ba\u708e\u9670\u973e\u7c60\u7f69\u9999\u6e2f\uff0c\u5927\u5bb6\u90fd\u4e0d\u6562\u53bb\u4eba\u591a\u64e0\u903c\u7684\u5730\u65b9\uff0c\u5012\u662f\u53bb\u884c\u5c71\u7684\u4eba\u591a\u4e86\u3002\u90ca\u91ce\u904a\u73a9\u5927\u90e8\u4efd\u4eba\u6703\u5403\u4e09\u6587\u6cbb\u7b49\u7c21","section":"5","cat":"1","publish_datetime":"2020-02-22","vdo":{"cover_path":"","headline":"","id":"","video_path":""},"imgs":[{"path":"news_res/2020/02/22/148168/wttp016p02a_fb.jpg","isCover":"1"}],"writer":{"columnistID":"501","columnTitle":"\u6469\u767b\u98df\u7d93","writer":"\u5289\u6649","trait":"columnist_res//2015092318271985.jpg"},"layout":"1","share_link":""},{"id":"834408","newsID":"126525","title":"\u6469\u767b\u98df\u7d93\u2014\u2014\u5496\u55b1\u98c4\u9999","content":"\u5370\u5ea6\u5f9e\u4e2d\u570b\u64a4\u50d1\u7684\u4e03\u767e\u4eba\u4e2d\u7121\u4e00\u611f\u67d3\u65b0\u578b\u80ba\u708e\uff0c\u5927\u5bb6\u6232\u8a00\u5496\u55b1\u53ef\u6297\u75c5\u6bd2\uff0c\u662f\u4e0b\u4e00\u8f2a\u6436\u8cfc\u5c0d\u8c61\u3002\u9019\u7a2e\u8aaa\u6cd5\u7576\u7136\u662f","section":"5","cat":"1","publish_datetime":"2020-02-15","vdo":{"cover_path":"","headline":"","id":"","video_path":""},"imgs":[{"path":"news_res/2020/02/15/126525/wttp020p02a_fb.jpg","isCover":"1"}],"writer":{"columnistID":"501","columnTitle":"\u6469\u767b\u98df\u7d93","writer":"\u5289\u6649","trait":"columnist_res//2015092318271985.jpg"},"layout":"1","share_link":""},{"id":"832653","newsID":"105555","title":"\ufeff\u6469\u767b\u98df\u7d93\u2014\u2014\u6703\u5e2d\u6599\u7406","content":"\u53bb\u65e5\u672c\u6d78\u6eab\u6cc9\uff0c\u6eab\u6cc9\u65c5\u9928\u5927\u591a\u6703\u5305\u665a\u9910\u548c\u65e9\u9910\uff0c\u901a\u5e38\u665a\u9910\u662f\u6703\u5e2d\u6599\u7406\u3002\u6703\u5e2d\u6599\u7406\u59cb\u65bc\u6c5f\u6236\u5f8c\u671f\u7684\u5316\u653f\u6642\u671f\uff081","section":"5","cat":"1","publish_datetime":"2020-02-08","vdo":{"cover_path":"","headline":"","id":"","video_path":""},"imgs":[{"path":"news_res/2020/02/08/105555/wttp016p03a_fb.jpg","isCover":"1"}],"writer":{"columnistID":"501","columnTitle":"\u6469\u767b\u98df\u7d93","writer":"\u5289\u6649","trait":"columnist_res//2015092318271985.jpg"},"layout":"1","share_link":""},{"id":"831018","newsID":"84663","title":"\u6469\u767b\u98df\u7d93\u2014\u2014\u4e2d\u570b\u9183\u6f2c\u7269\u53f2","content":"\u5728\u4e9e\u6d32\u5404\u570b\u7576\u4e2d\uff0c\u4e2d\u570b\u53ef\u7b97\u662f\u9183\u6f2c\u7269\u5927\u570b\uff0c\u672a\u6709\u6587\u5b57\u5df2\u65e9\u6709\u9183\u6f2c\u7684\u6280\u8853\u3002\u4e2d\u570b\u4eba\u65e9\u5728\u5546\u671d\u5df2\u767c\u5c55\u51fa\u6210\u719f\u7684\u9183\u6f2c","section":"5","cat":"1","publish_datetime":"2020-02-01","vdo":{"cover_path":"","headline":"","id":"","video_path":""},"imgs":[{"path":"news_res/2020/02/01/84663/wttp016p02a_fb.jpg","isCover":"1"}],"writer":{"columnistID":"501","columnTitle":"\u6469\u767b\u98df\u7d93","writer":"\u5289\u6649","trait":"columnist_res//2015092318271985.jpg"},"layout":"1","share_link":""},{"id":"828424","newsID":"45682","title":"\u6469\u767b\u98df\u7d93\u2014\u2014\u7cbe\u6e96\u8fb2\u696d","content":"\u8ddf\u516b\u9109\u7684\u672c\u5730\u8fb2\u592b\u5165\u8ca8\u505a\u863f\u8514\u7cd5\uff0c\u7531\u65bc\u4e0d\u7528\u5316\u80a5\u548c\u9664\u83dc\u5291\uff0c\u6545\u6b64\u8fb2\u592b\u8981\u7d93\u5e38\u6aa2\u67e5\u8fb2\u4f5c\u7269\u7684\u5065\u5eb7\u60c5\u6cc1\uff0c\u53c8\u8981\u4ee5\u4eba","section":"5","cat":"1","publish_datetime":"2020-01-18","vdo":{"cover_path":"","headline":"","id":"","video_path":""},"imgs":[{"path":"news_res/2020/01/18/45682/wttp026p03a_fb.jpg","isCover":"1"}],"writer":{"columnistID":"501","columnTitle":"\u6469\u767b\u98df\u7d93","writer":"\u5289\u6649","trait":"columnist_res//2015092318271985.jpg"},"layout":"1","share_link":""},{"id":"826512","newsID":"26883","title":"\ufeff\u6469\u767b\u98df\u7d93\u2014\u2014\u6930\u5b50\u5371\u6a5f","content":"\u5f88\u5feb\u5c31\u5230\u8fb2\u66c6\u65b0\u5e74\uff0c\u5f88\u591a\u4eba\u505a\u5e74\u7cd5\u90fd\u6703\u52a0\u6930\u69f3\u3002\u6930\u5b50\u6eff\u8eab\u90fd\u662f\u5bf6\uff0c\u6930\u6a39\u767c\u82bd\u7684\u6930\u6a39\u82af\u53ef\u7528\u4f5c\u5c0f\u7092\uff0c\u6930\u9b03\u53ef\u7528\u4f5c","section":"5","cat":"1","publish_datetime":"2020-01-11","vdo":{"cover_path":"","headline":"","id":"","video_path":""},"imgs":[{"path":"news_res/2020/01/11/26883/wttp046p02a_fb.jpg","isCover":"1"}],"writer":{"columnistID":"501","columnTitle":"\u6469\u767b\u98df\u7d93","writer":"\u5289\u6649","trait":"columnist_res//2015092318271985.jpg"},"layout":"1","share_link":""},{"id":"824499","newsID":"11109","title":"\u6469\u767b\u98df\u7d93\u2014\u2014\u6ce2\u672c\u5a01\u58eb\u5fcc","content":"\u8fd1\u5e74\u6d41\u884c\u55ae\u4e00\u9ea5\u82bd\u5a01\u58eb\u5fcc\uff0c\u8607\u683c\u862d\u3001\u65e5\u672c\u548c\u53f0\u7063\u7b49\u5730\u7684\u5a01\u58eb\u5fcc\u4e5f\u53d7\u5230\u8ffd\u6367\u3002\u50cfJim Beam\u548cJack ","section":"5","cat":"1","publish_datetime":"2020-01-04","vdo":{"cover_path":"","headline":"","id":"","video_path":""},"imgs":[{"path":"news_res/2020/01/04/11109/wttp021p02a_fb.jpg","isCover":"1"}],"writer":{"columnistID":"501","columnTitle":"\u6469\u767b\u98df\u7d93","writer":"\u5289\u6649","trait":"columnist_res//2015092318271985.jpg"},"layout":"1","share_link":""},{"id":"823042","newsID":"389341","title":"\ufeff\u6469\u767b\u98df\u7d93\u2014\u2014\u9078\u934b\u5177","content":"\u8981\u9078\u5c0d\u934b\u5177\uff0c\u6211\u5011\u5148\u8981\u660e\u767d\u934b\u5177\u98fe\u6f14\u7684\u89d2\u8272\uff1a\u628a\u71b1\u529b\u5e73\u5747\u50b3\u9001\u5230\u934b\u5167\u7684\u98df\u6750\uff0c\u8996\u4e4e\u4e0d\u540c\u70f9\u716e\u65b9\u5f0f\uff0c\u4e0d\u540c\u934b\u5177\u5404","section":"5","cat":"1","publish_datetime":"2019-12-28","vdo":{"cover_path":"","headline":"","id":"","video_path":""},"imgs":[{"path":"news_res/2019/12/28/389341/wttp024p02a_fb.jpg","isCover":"1"}],"writer":{"columnistID":"501","columnTitle":"\u6469\u767b\u98df\u7d93","writer":"\u5289\u6649","trait":"columnist_res//2015092318271985.jpg"},"layout":"1","share_link":""},{"id":"821964","newsID":"378681","title":"\u6469\u767b\u98df\u7d93\u2014\u2014\u6771\u4eac\u6cd5\u570b\u83dc","content":"\u7531\u6728\u6751\u62d3\u54c9\u4e3b\u6f14\u7684\u300aGrand Maison Tokyo\u300b\u5f15\u8d77\u4e00\u9663\u98a8\u6f6e\uff0c\u5287\u60c5\u8b1b\u8ff0\u6728\u6751\u98fe\u6f14\u7684\u5df4\u9ece\u4eba\u6c23","section":"5","cat":"1","publish_datetime":"2019-12-21","vdo":{"cover_path":"","headline":"","id":"","video_path":""},"imgs":[{"path":"news_res/2019/12/21/378681/wttp031p02a_fb.jpg","isCover":"1"}],"writer":{"columnistID":"501","columnTitle":"\u6469\u767b\u98df\u7d93","writer":"\u5289\u6649","trait":"columnist_res//2015092318271985.jpg"},"layout":"1","share_link":""}]}