{"id":"1094686","newsID":"","title":"\u8b66\u6cb9\u5c16\u300c\u70fd\u706b\u300d\u6383\u9ec3 \u62d820\u5167\u5730\u5973","content":["\u6cb9\u5c16\u8b66\u5340\u7279\u5225\u8077\u52d9\u968a\u806f\u540c\u5165\u5883\u4e8b\u52d9\u8655\u4eba\u54e1\u6839\u64da\u7dda\u5831\u53ca\u7d93\u6df1\u5165\u8abf\u67e5\u5f8c\uff0c\u6628\u65e5\uff0818\u65e5\uff09\u4e0a\u5348\u7d049\u6642\u9032\u884c\u4ee3\u865f\u300c\u70fd\u706b\u300d\uff08FIRESTORM\uff09\u7684\u6383\u9ec3\u884c\u52d5\uff0c\u62d8\u635520\u540d\u5167\u5730\u5973\u5b50\uff0c\u6d89\u5acc\u9055\u53cd\u9017\u7559\u689d\u4ef6\u3002\u003Cbr \/\u003E\u003Cbr \/\u003E\u8b66\u65b9\u6628\u65e5\u7a81\u64ca\u641c\u67e5\u6cb9\u9ebb\u5730\u5433\u677e\u8857\u3001\u5edf\u8857\u3001\u4e0a\u6d77\u8857\u3001\u54b8\u7f8e\u9813\u8857\u3001\u78a7\u8857\u53ca\u5c16\u6c99\u5480\u91d1\u99ac\u502b\u9053\u4e00\u5e36\u591a\u500b\u55ae\u4f4d\uff0c\u62d8\u635520\u540d\u5e74\u9f61\u4ecb\u4e4e19\u81f351\u6b72\u6301\u96d9\u7a0b\u8b49\u7684\u5167\u5730\u5973\u5b50\uff0c\u6d89\u5acc\u9055\u53cd\u9017\u7559\u689d\u4ef6\u3002\u6240\u6709\u88ab\u6355\u5973\u5b50\u73fe\u6b63\u88ab\u6263\u7559\u8abf\u67e5\uff0c\u7a0d\u5f8c\u5c07\u4ea4\u7531\u5165\u5883\u4e8b\u52d9\u8655\u8ddf\u9032\u3002","",""],"section":"1","cat":"1","publish_datetime":"2019-09-19 09:41:00","vdo":{"cover_path":"","headline":"","id":"","video_path":""},"vid":{"cover_path":"","headline":"","id":"","video_path":""},"imgs":[{"path":"20190919\/_2019091909442789537_600.jpg","caption":"\u88ab\u6355\u5973\u5b50\u73fe\u6b63\u88ab\u6263\u7559\u8abf\u67e5\uff0c\u7a0d\u5f8c\u5c07\u4ea4\u7531\u5165\u5883\u4e8b\u52d9\u8655\u8ddf\u9032\u3002 \u8b66\u65b9\u63d0\u4f9b","isCover":0}],"writer":{"columnTitle":"","columnistID":"","trait":"","writer":""},"layout":"4","keyword":["\u70fd\u706b","\u6383\u9ec3","\u5167\u5730\u5973"],"related_news":[{"id":"1087727","newsID":"","title":"\u4e5d\u9f8d\u57ce\u806f\u5408\u6383\u9ec3\u884c\u52d5 \u5171\u62d810\u5167\u5730\u5973","content":"","section":"1","cat":"1","publish_datetime":"2019-09-10 09:27:00","vdo":{"cover_path":"","headline":"","id":"","video_path":""},"imgs":[{"path":"20190910\/_2019091009433590545_370.jpg","isCover":1}],"writer":{"columnTitle":"","columnistID":"","trait":"","writer":""},"layout":"1","share_link":""},{"id":"1089647","newsID":"","title":"\u8b66\u6cb9\u5c16\u300c\u70fd\u706b\u300d\u6383\u9ec3 \u62d815\u5167\u5730\u5973","content":"","section":"1","cat":"1","publish_datetime":"2019-09-12 11:26:00","vdo":{"cover_path":"","headline":"","id":"","video_path":""},"imgs":[{"path":"20190912\/_2019091211285952531_370.jpeg","isCover":1}],"writer":{"columnTitle":"","columnistID":"","trait":"","writer":""},"layout":"1","share_link":""}],"relevant_news":[],"topic":[],"share_link":"http:\/\/hd.stheadline.com\/news\/realtime\/hk\/1594686"}