{"id":"1136675","newsID":"","title":"\u3010\u5927\u4e09\u7f77\u3011\u5404\u5340\u591a\u8655\u5835\u8def \u5f35\u5efa\u5b97\uff1a\u9858\u610f\u8a8d\u771f\u8003\u616e\u8207\u53f8\u5c40\u9577\u6e05\u7406\u8def\u969c","content":["\u7acb\u6cd5\u6703\u4eca\u65e9\u7e7c\u7e8c\u958b\u6703\u5c31\u5e73\u606f\u6c11\u61a4\u554f\u984c\u5411\u653f\u5e9c\u63d0\u51fa\u7dca\u6025\u8cea\u8a62\uff0c\u653f\u52d9\u53f8\u53f8\u9577\u5f35\u5efa\u5b97\u8868\u793a\uff0c\u9858\u610f\u8a8d\u771f\u8003\u616e\u8207\u53f8\u5c40\u9577\u4e00\u8d77\u5e6b\u5fd9\u6e05\u7406\u8def\u969c\uff0c\u4e26\u9080\u8acb\u5168\u9ad4\u8b70\u54e1\u4e00\u8d77\u505a\u3002\u003Cbr \/\u003E\u003Cbr \/\u003E\u5f35\u5efa\u5b97\u7a31\uff0c\u9999\u6e2f\u5f9e\u4f86\u672a\u8a66\u904e\u5982\u6b64\u52d5\u76ea\uff0c\u5e02\u6c11\u751f\u6d3b\u6b0a\u5229\u53d7\u5230\u5f88\u5927\u5f71\u97ff\uff0c\u5f37\u8abf\u66b4\u529b\u4e26\u4e0d\u80fd\u89e3\u6c7a\u554f\u984c\uff0c\u53ea\u6703\u5e36\u4f86\u96d9\u8f38\u7684\u5c40\u9762\u3002\u4ed6\u6307\uff0c\u653f\u5e9c\u5718\u968a\u6709\u5354\u52a9\u6062\u5fa9\u793e\u6703\u79e9\u5e8f\uff0c\u4e0d\u6703\u4ee4\u8b66\u968a\u5b64\u8ecd\u4f5c\u6230\uff0c\u55ae\u6253\u7368\u9b25\u3002","",""],"section":"1","cat":"1","publish_datetime":"2019-11-14 10:19:00","vdo":{"cover_path":"","headline":"","id":"","video_path":""},"vid":{"cover_path":"","headline":"","id":"","video_path":""},"imgs":[{"path":"20191114\/_2019111410234940769_600.jpg","caption":"\u5f35\u5efa\u5b97\u8868\u793a\u9858\u610f\u8a8d\u771f\u8003\u616e\u8207\u53f8\u5c40\u9577\u6e05\u7406\u8def\u969c\u3002","isCover":0}],"writer":{"columnTitle":"","columnistID":"","trait":"","writer":""},"layout":"4","keyword":["\u5927\u4e09\u7f77","\u8def\u969c"],"related_news":[{"id":"1136534","newsID":"","title":"\u3010\u5927\u4e09\u7f77\u3011\u8b66\u5411\u7406\u5927\u65bd\u653e\u50ac\u6dda\u5f48 \u6307\u793a\u5a01\u8005\u5c04\u7bad","content":"","section":"1","cat":"1","publish_datetime":"2019-11-14 10:01:00","vdo":{"cover_path":"","headline":"","id":"","video_path":""},"imgs":[{"path":"20191114\/_2019111412001921078_370.jpg","isCover":1},{"path":"20191114\/_2019111412002411722_370.jpg","isCover":0},{"path":"20191114\/_2019111412002131726_370.jpg","isCover":0}],"writer":{"columnTitle":"","columnistID":"","trait":"","writer":""},"layout":"1","share_link":""},{"id":"1136537","newsID":"","title":"\u3010\u5927\u4e09\u7f77\u3011\u591c\u71d2\u7835\u862d\u8857\u838e\u838e \u793a\u5a01\u8005\u64ac\u677f\u6f5b\u5de5\u884c\u6417\u4e82","content":"","section":"1","cat":"1","publish_datetime":"2019-11-14 08:44:00","vdo":{"cover_path":"","headline":"","id":"","video_path":""},"imgs":[{"path":"20191114\/_2019111408451248931_370.jpg","isCover":1},{"path":"20191114\/_2019111408441166983_370.jpg","isCover":0},{"path":"20191114\/_2019111408441364540_370.jpg","isCover":0}],"writer":{"columnTitle":"","columnistID":"","trait":"","writer":""},"layout":"1","share_link":""},{"id":"1136543","newsID":"","title":"\u3010\u5c08\u6b04\u3011\u5b98\u5a92\u8b66\u544a\u6e2f\u81ea\u6211\u4fee\u6b63\u6642\u9593\u7121\u591a","content":"","section":"1","cat":"1","publish_datetime":"2019-11-14 08:46:00","vdo":{"cover_path":"","headline":"","id":"","video_path":""},"imgs":[{"path":"20191114\/_2019111408470930987_370.jpg","isCover":1}],"writer":{"columnTitle":"","columnistID":"","trait":"","writer":""},"layout":"1","share_link":""},{"id":"1136549","newsID":"","title":"\u3010\u5927\u4e09\u7f77\u3011\u78da\u8def\u8b8a\u6c99\u5730 \u4e2d\u74b0\u4e0a\u73ed\u65cf\u8e0f\u8457\u73bb\u7483\u788e\u8fd4\u5de5","content":"","section":"1","cat":"1","publish_datetime":"2019-11-14 08:58:00","vdo":{"cover_path":"","headline":"","id":"","video_path":""},"imgs":[{"path":"20191114\/_2019111408590776736_370.jpg","isCover":1},{"path":"20191114\/_2019111408590078001_370.jpg","isCover":0},{"path":"20191114\/_2019111408590422890_370.jpg","isCover":0}],"writer":{"columnTitle":"","columnistID":"","trait":"","writer":""},"layout":"1","share_link":""},{"id":"1136552","newsID":"","title":"\u3010\u5927\u4e09\u7f77\u3011\u516c\u7acb\u91ab\u9662\u53ca\u8a3a\u6240\u6216\u53d7\u5f71\u97ff\u6025 \u75c7\u5ba4\u670d\u52d9\u6b63\u5e38","content":"","section":"1","cat":"1","publish_datetime":"2019-11-14 08:59:00","vdo":{"cover_path":"","headline":"","id":"","video_path":""},"imgs":[{"path":"20191114\/_2019111409020366370_370.jpg","isCover":1}],"writer":{"columnTitle":"","columnistID":"","trait":"","writer":""},"layout":"1","share_link":""},{"id":"1136555","newsID":"","title":"\u3010\u5927\u4e09\u7f77\u3011\u653f\u5e9c\u7c72\u50f1\u4e3b\u9ad4\u8ad2\u5f48\u6027\u8655\u7406\u50f1\u54e1\u5de5\u4f5c\u5b89\u6392","content":"","section":"1","cat":"1","publish_datetime":"2019-11-14 09:04:00","vdo":{"cover_path":"","headline":"","id":"","video_path":""},"imgs":[{"path":"20191114\/_2019111409062374095_370.jpg","isCover":1}],"writer":{"columnTitle":"","columnistID":"","trait":"","writer":""},"layout":"1","share_link":""},{"id":"1136600","newsID":"","title":"\u3010\u5927\u4e09\u7f77\u3011\u885e\u751f\u7f72\u7c72\u672a\u80fd\u61c9\u8a3a\u5e02\u6c11\u53ef\u53e6\u7d04\u8a3a\u671f","content":"","section":"1","cat":"1","publish_datetime":"2019-11-14 09:13:00","vdo":{"cover_path":"","headline":"","id":"","video_path":""},"imgs":[{"path":"20191114\/_2019111409150040556_370.jpg","isCover":1}],"writer":{"columnTitle":"","columnistID":"","trait":"","writer":""},"layout":"1","share_link":""},{"id":"1136612","newsID":"","title":"\u3010\u5927\u4e09\u7f77\u3011\u5c07\u8ecd\u6fb3\u5c1a\u5fb7\u505c\u8eca\u5834\u5c0d\u51fa\u9023\u65e5\u5835\u8def \u5df4\u58eb\u7121\u6cd5\u901a\u884c","content":"","section":"1","cat":"1","publish_datetime":"2019-11-14 09:24:00","vdo":{"cover_path":"","headline":"","id":"","video_path":""},"imgs":[{"path":"20191114\/_2019111409305268014_370.jpg","isCover":1},{"path":"20191114\/_2019111409305070317_370.jpg","isCover":0},{"path":"20191114\/_2019111409305198796_370.jpg","isCover":0}],"writer":{"columnTitle":"","columnistID":"","trait":"","writer":""},"layout":"1","share_link":""},{"id":"1136660","newsID":"","title":"\u3010\u5927\u4e09\u7f77\u3011\u6771\u6d8c\u7ad9\u6708\u53f0\u5e55\u9580\u5168\u7206 \u6b23\u6fb3\u5f80\u8fd4\u6771\u6d8c\u5217\u8eca\u66ab\u505c","content":"","section":"1","cat":"1","publish_datetime":"2019-11-14 10:00:00","vdo":{"cover_path":"","headline":"","id":"","video_path":""},"imgs":[{"path":"20191114\/_2019111410025327809_370.jpg","isCover":1},{"path":"20191114\/_2019111410025679329_370.jpg","isCover":0},{"path":"20191114\/_2019111410030192466_370.jpg","isCover":0}],"writer":{"columnTitle":"","columnistID":"","trait":"","writer":""},"layout":"1","share_link":""},{"id":"1136672","newsID":"","title":"\u3010\u5927\u4e09\u7f77\u3011\u65fa\u89d2\u8b66\u7f72\u5916\u6e05\u5834\u62d81\u75372\u5973 \u5e74\u9f61\u4ecb\u4e4e17\u81f319\u6b72","content":"","section":"1","cat":"1","publish_datetime":"2019-11-14 10:17:00","vdo":{"cover_path":"","headline":"","id":"","video_path":""},"imgs":[{"path":"20191114\/_2019111410173257886_370.jpg","isCover":1}],"writer":{"columnTitle":"","columnistID":"","trait":"","writer":""},"layout":"1","share_link":""}],"relevant_news":[],"topic":[],"share_link":"http:\/\/hd.stheadline.com\/news\/realtime\/hk\/1636675"}