{"id":"1136060","newsID":"","title":"\u3010\u4fee\u4f8b\u98a8\u6ce2\u3011\u6d89\u85cf\u58eb\u5df4\u62ff\u88ab\u63a7\u4f5c\u975e\u6cd5\u7528\u9014 \u5973\u6587\u54e1\u51c6\u4fdd\u91cb\u9808\u5b88\u5bb5\u7981\u4ee4","content":["\u5468\u65e5\u6709\u7db2\u6c11\u767c\u8d77\u516b\u5340\u958b\u82b1\u6297\u8b70\uff0c\u4e26\u65bc\u9285\u947c\u7063Sogo\u7b49\u591a\u9593\u5546\u57f8\u9032\u884c\u300c\u548c\u4f60shop\u300d\u6d3b\u52d5\u3002\u671f\u9593\u6709\u5e74\u8f15\u5973\u5b50\u6d89\u5acc\u7ba1\u6709\u96f7\u5c04\u7b46\u3001\u58eb\u5df4\u62ff\u3001\u7070\u93df\u7b49\u7269\u54c1\uff0c\u88ab\u63a7\u4e00\u9805\u7ba1\u6709\u975e\u6cd5\u7528\u9014\u7684\u5de5\u5177\u4e26\u610f\u5716\u4f5c\u975e\u6cd5\u7528\u9014\u4f7f\u7528\u3002\u6848\u4ef6\u6628\u5728\u6771\u5340\u88c1\u5224\u6cd5\u9662\u63d0\u5802\uff0c\u60df\u88ab\u544a\u7559\u91ab\u5ef6\u81f3\u4eca\u5929\u624d\u51fa\u5ead\u61c9\u8a0a\u3002\u88c1\u5224\u5b98\u61c9\u63a7\u65b9\u8981\u6c42\u5c07\u6848\u62bc\u81f3\u660e\u5e741\u67088\u65e5\u518d\u8a0a\uff0c\u6279\u51c6\u88ab\u544a\u4ee55000\u5143\u4fdd\u91cb\uff0c\u5019\u8a0a\u671f\u9593\u9808\u9075\u5b88\u5bb5\u7981\u4ee4\u3002\u003Cbr \/\u003E\u003Cbr \/\u003E29\u6b72\u88ab\u544a\u885b\u7d2b\u76c8\uff0c\u5831\u7a31\u70ba\u6587\u54e1\uff0c\u5979\u88ab\u63a7\u65bc11\u670810\u65e5\u5728\u9285\u947c\u7063\u52ff\u5730\u81e3\u88571\u865f\u6642\u4ee3\u5ee3\u5834\u5730\u4e0b\u7ba1\u6709\u9069\u5408\u4f5c\u975e\u6cd5\u7528\u9014\u7684\u5de5\u5177\uff0c\u5373\u4e00\u679d\u96f7\u5c04\u7b46\u3001\u4e00\u500b\u7c89\u7d05\u8272\u9632\u6bd2\u9762\u7f69\u3001\u4e00\u679d\u9ed1\u8272\u5674\u6f06\u3001\u5169\u679d\u58eb\u5df4\u62ff\u3001\u4e00\u500b\u7070\u93df\u53ca\u4e00\u5957\u516d\u89d2\u5319\uff0c\u610f\u5716\u5c07\u5176\u4f5c\u975e\u6cd5\u7528\u9014\u4f7f\u7528\u3002\u003Cbr \/\u003E\u003Cbr \/\u003E\u6cd5\u5ead\u8a18\u8005\uff1a\u856d\u6587\u8ed2","",""],"section":"1","cat":"1","publish_datetime":"2019-11-13 13:52:00","vdo":{"cover_path":"","headline":"","id":"","video_path":""},"vid":{"cover_path":"","headline":"","id":"","video_path":""},"imgs":[{"path":"20191113\/_2019111314341511865_600.jpg","caption":"\u5468\u65e5\u6709\u7db2\u6c11\u767c\u8d77\u516b\u5340\u958b\u82b1\u6297\u8b70\u3002\u8cc7\u6599\u5716\u7247","isCover":0}],"writer":{"columnTitle":"","columnistID":"","trait":"","writer":""},"layout":"4","keyword":["\u516b\u5340\u958b\u82b1","\u885b\u7d2b\u76c8","\u4fee\u4f8b\u98a8\u6ce2"],"related_news":[{"id":"1135112","newsID":"","title":"\u3010\u4fee\u4f8b\u98a8\u6ce2\u301172\u5206\u5e97\u906d\u7834\u58de \u512a\u54c1360\uff1a\u5f9e\u7121\u505a\u904e\u5c0d\u4e0d\u8d77\u9999\u6e2f\u4eba\u7684\u4e8b","content":"","section":"1","cat":"1","publish_datetime":"2019-11-12 15:14:00","vdo":{"cover_path":"","headline":"","id":"","video_path":""},"imgs":[{"path":"20191112\/_2019111215244046403_370.jpg","isCover":1}],"writer":{"columnTitle":"","columnistID":"","trait":"","writer":""},"layout":"1","share_link":""},{"id":"1135220","newsID":"","title":"\u3010\u6709\u7247\u3011\u7db2\u50b3\u8b66\u54e1\u6a4b\u4e0a\u639f\u78da \u8b66\uff1a\u6b63\u9032\u884c\u6e05\u7406\u64f2\u5411\u8ca8\u8eca\u6597","content":"","section":"1","cat":"1","publish_datetime":"2019-11-12 16:36:00","vdo":{"cover_path":"","headline":"","id":"","video_path":""},"imgs":[{"path":"20191112\/_2019111216395579388_370.jpg","isCover":1}],"writer":{"columnTitle":"","columnistID":"","trait":"","writer":""},"layout":"1","share_link":""},{"id":"1135634","newsID":"","title":"\u3010\u5c08\u6b04\u3011\u52c7\u6b66\u6d3e\u6599\u6295\u7968\u524d\u793a\u5a01\u7a0d\u5e73\u975c","content":"","section":"1","cat":"1","publish_datetime":"2019-11-13 08:17:00","vdo":{"cover_path":"","headline":"","id":"","video_path":""},"imgs":[{"path":"20191113\/_2019111308184667927_370.jpg","isCover":1}],"writer":{"columnTitle":"","columnistID":"","trait":"","writer":""},"layout":"1","share_link":""},{"id":"1135652","newsID":"","title":"\u4e2d\u5927\u5b78\u751f\u6703\u6703\u9577\u7533\u7981\u4ee4 \u7981\u8b66\u7121\u641c\u67e5\u4ee4\u4e0b\u9032\u5165\u6821\u5712","content":"","section":"1","cat":"1","publish_datetime":"2019-11-13 17:45:00","vdo":{"cover_path":"","headline":"","id":"","video_path":""},"imgs":[{"path":"20191113\/_2019111310295441116_370.jpg","isCover":1}],"writer":{"columnTitle":"","columnistID":"","trait":"","writer":""},"layout":"1","share_link":""},{"id":"1135721","newsID":"","title":"\u3010\u5c08\u6b04\u3011\u4e00\u7247\u96ea\u82b1\u7684\u8cac\u4efb","content":"","section":"1","cat":"1","publish_datetime":"2019-11-13 10:10:00","vdo":{"cover_path":"","headline":"","id":"","video_path":""},"imgs":[{"path":"20191113\/_2019111310082077145_370.jpeg","isCover":1}],"writer":{"columnTitle":"","columnistID":"","trait":"","writer":""},"layout":"1","share_link":""},{"id":"1135838","newsID":"","title":"\u3010\u5c08\u6b04\u3011\u6bb5\u6821\u9577\uff0c\u8b1b\u4eba\u8a71","content":"","section":"1","cat":"1","publish_datetime":"2019-11-13 11:35:00","vdo":{"cover_path":"","headline":"","id":"","video_path":""},"imgs":[{"path":"20191113\/_2019111311305357704_370.jpeg","isCover":1}],"writer":{"columnTitle":"","columnistID":"","trait":"","writer":""},"layout":"1","share_link":""},{"id":"1135907","newsID":"","title":"\u3010\u5927\u4e09\u7f77\u3011\u300c\u9280\u9aee\u65cf\u300d\u82f1\u7f8e\u9818\u9928\u5916\u8acb\u9858 \u9ad8\u8209\u300cSOS\u300d\u6a19\u8a9e","content":"","section":"1","cat":"1","publish_datetime":"2019-11-13 12:09:00","vdo":{"cover_path":"","headline":"","id":"","video_path":""},"imgs":[{"path":"20191113\/_2019111312223867564_370.jpg","isCover":1},{"path":"20191113\/_2019111312232592610_370.jpg","isCover":0},{"path":"20191113\/_2019111312214785327_370.jpg","isCover":0}],"writer":{"columnTitle":"","columnistID":"","trait":"","writer":""},"layout":"1","share_link":""},{"id":"1135910","newsID":"","title":"\u3010\u4fee\u4f8b\u98a8\u6ce2\u3011\u906d\u54ac\u7529\u90e8\u5206\u8033\u6735\u81f4\u6c38\u4e45\u5275\u50b7 \u8d99\u5bb6\u8ce2\u8033\u5ed3\u58de\u6b7b\u9808\u79fb\u9664","content":"","section":"1","cat":"1","publish_datetime":"2019-11-13 12:17:00","vdo":{"cover_path":"","headline":"","id":"","video_path":""},"imgs":[{"path":"20191113\/_2019111312472951637_370.jpeg","isCover":1}],"writer":{"columnTitle":"","columnistID":"","trait":"","writer":""},"layout":"1","share_link":""},{"id":"1135940","newsID":"","title":"\u3010\u4fee\u4f8b\u98a8\u6ce2\u3011\u5f35\u5efa\u5b97\u91cd\u7533\u5168\u529b\u652f\u6301\u8b66\u968a \u6307\u653f\u5e9c\u6709\u6c7a\u5fc3\u80fd\u529b\u6b62\u66b4\u5236\u4e82","content":"","section":"1","cat":"1","publish_datetime":"2019-11-13 12:54:00","vdo":{"cover_path":"","headline":"","id":"","video_path":""},"imgs":[{"path":"20191113\/_2019111312570557424_370.jpeg","isCover":1}],"writer":{"columnTitle":"","columnistID":"","trait":"","writer":""},"layout":"1","share_link":""},{"id":"1135991","newsID":"","title":"\u3010\u5927\u4e09\u7f77\u3011\u7db2\u50b3\u8b66\u52d2\u4ee4\u6551\u6069\u5c0f\u5b78\u63d0\u65e9\u653e\u5b78\u00a0\u00a0\u6821\u65b9\u6f84\u6e05\u975e\u4e8b\u5be6","content":"","section":"1","cat":"1","publish_datetime":"2019-11-13 13:30:00","vdo":{"cover_path":"","headline":"","id":"","video_path":""},"imgs":[{"path":"20191113\/_2019111313222225881_370.jpg","isCover":1}],"writer":{"columnTitle":"","columnistID":"","trait":"","writer":""},"layout":"1","share_link":""}],"relevant_news":[],"topic":[],"share_link":"http:\/\/hd.stheadline.com\/news\/realtime\/hk\/1636060"}