{"id":"1136078","newsID":"","title":"\u3010\u5927\u4e09\u7f77\u3011\u8b66\u8b49\u5be6\u66fe\u6d3e\u6c34\u8b66\u8f2a \u5354\u52a9\u4e2d\u5927\u5167\u5730\u751f\u64a4\u96e2","content":["\u4e2d\u6587\u5927\u5b78\u6628\u65e5\u6709\u5b78\u751f\u53ca\u793a\u5a01\u8005\u8207\u8b66\u65b9\u7206\u767c\u6fc0\u70c8\u885d\u7a81\uff0c\u81f3\u6df1\u591c\u8b66\u65b9\u64a4\u9000\uff0c\u793a\u5a01\u8005\u805a\u96c6\u4e8c\u865f\u6a4b\u7559\u5b88\u81f3\u4eca\u65e9\u3002\u5c0d\u65bc\u7db2\u4e0a\u4eca\u65e9\u6d41\u50b3\u6709\u4e2d\u5927\u5167\u5730\u751f\u64a4\u96e2\u4e2d\u5927\uff0c\u7531\u8b66\u5bdf\u6c34\u8b66\u8f2a\u63a5\u8f09\u4ed6\u5011\u96e2\u958b\uff0c\u8b66\u65b9\u8b49\u5be6\u4e8b\u4ef6\u6307\u63a5\u7372\u6709\u5167\u5730\u751f\u6c42\u52a9\uff0c\u66fe\u6d3e\u6c34\u8b66\u8f2a\u5354\u52a9\u3002\u003Cbr \/\u003E\u003Cbr \/\u003E\u8b66\u65b9\u5728\u793e\u4ea4\u7db2\u7ad9\u767c\u6587\u8868\u793a\uff0c\u4eca\u65e9\u4e00\u6279\u5167\u5730\u751f\u57fa\u65bc\u5b89\u5168\u7406\u7531\u6253\u7b97\u642c\u96e2\u6821\u5712\uff0c\u4f46\u56e0\u70ba\u9644\u8fd1\u9053\u8def\u88ab\u793a\u5a01\u8005\u653e\u7f6e\u96dc\u7269\u800c\u56b4\u91cd\u963b\u585e\uff0c\u5c0e\u81f4\u4ed6\u5011\u7121\u6cd5\u96e2\u958b\uff0c\u65bc\u662f\u806f\u7d61\u8b66\u65b9\u5c0b\u6c42\u5354\u52a9\u3002\u8b66\u65b9\u57fa\u65bc\u5b89\u5168\u8003\u616e\u53ca\u9644\u8fd1\u8def\u9762\u51fa\u73fe\u7684\u5835\u8def\u60c5\u6cc1\uff0c\u6c7a\u5b9a\u8abf\u6d3e\u6c34\u8b66\u8f2a\u5354\u52a9\u8a72\u6279\u5b78\u751f\u524d\u5f80\u5b89\u5168\u5730\u9ede\u3002\u7576\u62b5\u9054\u5730\u9ede\u5f8c\uff0c\u4ed6\u5011\u4fbf\u81ea\u884c\u5b89\u6392\u4ea4\u901a\u5de5\u5177\u96e2\u958b\u3002","",""],"section":"1","cat":"1","publish_datetime":"2019-11-13 14:29:00","vdo":{"cover_path":"","headline":"","id":"","video_path":""},"vid":{"cover_path":"","headline":"","id":"","video_path":""},"imgs":[{"path":"20191113\/_2019111315031638938_600.jpg","caption":"\u7db2\u4e0a\u6d41\u50b3\u5716\u7247\u3002","isCover":0},{"path":"20191113\/_2019111314392914826_600.jpg","caption":"\u4e2d\u5927\u6628\u7206\u767c\u6fc0\u70c8\u885d\u7a81\u3002\u8cc7\u6599\u5716\u7247","isCover":0}],"writer":{"columnTitle":"","columnistID":"","trait":"","writer":""},"layout":"4","keyword":["\u5927\u4e09\u7f77","\u4e2d\u5927"],"related_news":[{"id":"1135598","newsID":"","title":"\u3010\u5927\u4e09\u7f77\u3011\u6771\u9435\u7dab\u5168\u7dab\u505c\u99db \u5df4\u58eb\u6709\u9650\u5ea6\u670d\u52d9","content":"","section":"1","cat":"1","publish_datetime":"2019-11-13 13:41:00","vdo":{"cover_path":"","headline":"","id":"","video_path":""},"imgs":[{"path":"20191113\/_2019111313212485532_370.jpg","isCover":1}],"writer":{"columnTitle":"","columnistID":"","trait":"","writer":""},"layout":"1","share_link":""},{"id":"1135856","newsID":"","title":"\u3010\u5927\u4e09\u7f77\u3011\u793a\u5a01\u8005\u6d78\u5927\u4e00\u5e36\u5835\u8def \u9632\u66b4\u8b66\u4e00\u5ea6\u5230\u5834\u8207\u9ed1\u8863\u4eba\u5c0d\u5cd9","content":"","section":"1","cat":"1","publish_datetime":"2019-11-13 17:55:00","vdo":{"cover_path":"","headline":"","id":"","video_path":""},"imgs":[{"path":"20191113\/_2019111317590748158_370.jpeg","isCover":1},{"path":"20191113\/_2019111311415064441_370.jpeg","isCover":0},{"path":"20191113\/_2019111311403071236_370.jpeg","isCover":0}],"writer":{"columnTitle":"","columnistID":"","trait":"","writer":""},"layout":"1","share_link":""},{"id":"1135886","newsID":"","title":"\u3010\u5927\u4e09\u7f77\u3011\u9632\u66b4\u8b66\u5143\u6717\u6e05\u5834\u62d8\u4e00\u4eba \u591a\u6b21\u8209\u8d77\u9ed1\u65d7\u6a59\u65d7\u8b66\u544a","content":"","section":"1","cat":"1","publish_datetime":"2019-11-13 13:08:00","vdo":{"cover_path":"","headline":"","id":"","video_path":""},"imgs":[{"path":"20191113\/_2019111313090646366_370.jpeg","isCover":1},{"path":"20191113\/_2019111312051344672_370.jpeg","isCover":0},{"path":"20191113\/_2019111311585715149_370.jpg","isCover":0}],"writer":{"columnTitle":"","columnistID":"","trait":"","writer":""},"layout":"1","share_link":""},{"id":"1135895","newsID":"","title":"\u3010\u5927\u4e09\u7f77\u3011108\u689d\u5df4\u58eb\u7dda\u6709\u9650\u5ea6\u670d\u52d9 240\u7d44\u4ea4\u901a\u71c8\u6436\u4fee","content":"","section":"1","cat":"1","publish_datetime":"2019-11-13 12:08:00","vdo":{"cover_path":"","headline":"","id":"","video_path":""},"imgs":[{"path":"20191113\/_2019111312132793502_370.jpg","isCover":1}],"writer":{"columnTitle":"","columnistID":"","trait":"","writer":""},"layout":"1","share_link":""},{"id":"1135907","newsID":"","title":"\u3010\u5927\u4e09\u7f77\u3011\u300c\u9280\u9aee\u65cf\u300d\u82f1\u7f8e\u9818\u9928\u5916\u8acb\u9858 \u9ad8\u8209\u300cSOS\u300d\u6a19\u8a9e","content":"","section":"1","cat":"1","publish_datetime":"2019-11-13 12:09:00","vdo":{"cover_path":"","headline":"","id":"","video_path":""},"imgs":[{"path":"20191113\/_2019111312223867564_370.jpg","isCover":1},{"path":"20191113\/_2019111312232592610_370.jpg","isCover":0},{"path":"20191113\/_2019111312214785327_370.jpg","isCover":0}],"writer":{"columnTitle":"","columnistID":"","trait":"","writer":""},"layout":"1","share_link":""},{"id":"1135991","newsID":"","title":"\u3010\u5927\u4e09\u7f77\u3011\u7db2\u50b3\u8b66\u52d2\u4ee4\u6551\u6069\u5c0f\u5b78\u63d0\u65e9\u653e\u5b78\u00a0\u00a0\u6821\u65b9\u6f84\u6e05\u975e\u4e8b\u5be6","content":"","section":"1","cat":"1","publish_datetime":"2019-11-13 13:30:00","vdo":{"cover_path":"","headline":"","id":"","video_path":""},"imgs":[{"path":"20191113\/_2019111313222225881_370.jpg","isCover":1}],"writer":{"columnTitle":"","columnistID":"","trait":"","writer":""},"layout":"1","share_link":""},{"id":"1136012","newsID":"","title":"\u3010\u5927\u4e09\u7f77\u3011\u9ed1\u8863\u4eba\u4e0a\u6c34\u88ab\u639f\u78da \u8b66\u65bd\u653e\u50ac\u6dda\u5f48(\u7247\u6bb5)","content":"","section":"1","cat":"1","publish_datetime":"2019-11-13 13:19:00","vdo":{"cover_path":"","headline":"","id":"","video_path":""},"imgs":[{"path":"20191113\/_2019111314392588591_370.jpg","isCover":1}],"writer":{"columnTitle":"","columnistID":"","trait":"","writer":""},"layout":"1","share_link":""},{"id":"1136036","newsID":"","title":"\u3010\u5927\u4e09\u7f77\u3011\u6559\u80b2\u5c40\u5ba3\u5e03\u660e\u65e5\u5168\u6e2f\u5b78\u6821\u505c\u8ab2 \u7a31\u5b78\u751f\u5b89\u5168\u70ba\u9996\u8981\u8003\u616e","content":"","section":"1","cat":"1","publish_datetime":"2019-11-13 14:08:00","vdo":{"cover_path":"","headline":"","id":"","video_path":""},"imgs":[{"path":"20191113\/_2019111314231012850_370.jpg","isCover":1}],"writer":{"columnTitle":"","columnistID":"","trait":"","writer":""},"layout":"1","share_link":""},{"id":"1136039","newsID":"","title":"\u3010\u5927\u4e09\u7f77\u3011\u6e2f\u9435\uff1a5\u689d\u9435\u8def\u7dab\u4eca\u53d7\u5f71\u97ff 2\u8eca\u7ad9\u88ab\u8feb\u95dc\u9589","content":"","section":"1","cat":"1","publish_datetime":"2019-11-13 13:56:00","vdo":{"cover_path":"","headline":"","id":"","video_path":""},"imgs":[{"path":"20191113\/_2019111314094890776_370.jpg","isCover":1}],"writer":{"columnTitle":"","columnistID":"","trait":"","writer":""},"layout":"1","share_link":""},{"id":"1136069","newsID":"","title":"\u3010\u5927\u4e09\u7f77\u3011\u50b3\u8b66\u65b9\u6216\u653b\u5165\u6821\u5712 \u6e2f\u5927\uff1a\u4e00\u76f4\u8207\u8b66\u65b9\u4fdd\u6301\u806f\u7d61","content":"","section":"1","cat":"1","publish_datetime":"2019-11-13 14:28:00","vdo":{"cover_path":"","headline":"","id":"","video_path":""},"imgs":[{"path":"20191113\/_2019111314292927499_370.jpeg","isCover":1}],"writer":{"columnTitle":"","columnistID":"","trait":"","writer":""},"layout":"1","share_link":""}],"relevant_news":[],"topic":[],"share_link":"http:\/\/hd.stheadline.com\/news\/realtime\/hk\/1636078"}