{"id":"1136111","newsID":"","title":"\u3010\u5340\u6703\u9078\u8209\u3011\u6c11\u4e3b\u6d3e\u5169\u6c99\u7530\u5340\u8b70\u54e11\u5019\u9078\u4eba \u6d89\u975e\u6cd5\u96c6\u7d50\u88ab\u6355 ","content":["\u5df2\u53c3\u9078\u5340\u8b70\u6703\u7684\u6c99\u7530\u5340\u8b70\u54e1\u9673\u5146\u967d\u4e0b\u5348\u767c\u6587\u6307\uff0c\u5340\u653f\u806f\u76df\u6c99\u7530\u5340\u8b70\u54e1\u8d99\u67f1\u5e6b\u3001\u9ec3\u5b78\u79ae\uff0c\u4ee5\u53ca\u5df2\u53c3\u9078\u4e0b\u57ce\u9580\u9078\u5340\u7684\u793e\u5340\u4e3b\u4efb\u9ec3\u6d69\u92d2\u8b49\u5be6\u88ab\u6355\uff0c\u73fe\u6642\u5728\u6c99\u7530\u8b66\u7f72\u3002\u4ed6\u5176\u5f8c\u518d\u66f4\u65b0\u6d88\u606f\u6307\uff0c\u5f8b\u5e2b\u5df2\u5230\u8b66\u7f72\u3002\u003Cbr \/\u003E\u003Cbr \/\u003E\u5340\u653f\u806f\u76df\u53ec\u96c6\u4eba\u67ef\u8000\u6797\u4ea6\u767c\u6587\u8b49\u5be6\u6d88\u606f\uff0c\u4e26\u63073\u4eba\u73fe\u6642\u6b63\u5728\u6c99\u7530\u8b66\u7f72\u3002\u800c\u53e6\u4e00\u540d\u6c99\u7530\u5340\u5340\u8b70\u54e1\u4e18\u6587\u4fca\u5247\u5728\u5e16\u6587\u4e2d\u8868\u793a\uff0c\u64da\u521d\u6b65\u4e86\u89e3\uff0c\u88ab\u6355\u539f\u56e0\u70ba\u975e\u6cd5\u96c6\u7d50\uff0c\u4e26\u6307\u5f8b\u5e2b\u6b63\u5728\u8ddf\u9032\u4e2d\u3002","",""],"section":"1","cat":"1","publish_datetime":"2019-11-13 15:02:00","vdo":{"cover_path":"","headline":"","id":"","video_path":""},"vid":{"cover_path":"","headline":"","id":"","video_path":""},"imgs":[{"path":"20191113\/_2019111315070515459_600.jpg","caption":"\u8d99\u67f1\u5e6b\uff08\u5de6\uff09\u3001\u9ec3\u5b78\u79ae\uff08\u4e2d\uff09\u4ee5\u53ca\u9ec3\u6d69\u92d2\uff08\u53f3\uff09\u88ab\u6355\u3002FB\u5716\u7247","isCover":0}],"writer":{"columnTitle":"","columnistID":"","trait":"","writer":""},"layout":"4","keyword":["\u5340\u8b70\u6703\u9078\u82092019","\u6c11\u4e3b\u6d3e","\u6c99\u7530\u5340"],"related_news":[{"id":"1132784","newsID":"","title":"\u3010\u5340\u6703\u9078\u8209\u3011\u4e0d\u6eff\u79cb\u5f8c\u7b97\u5e33\u62d87\u8b70\u54e1 \u6cdb\u6c11\u5180\u5982\u671f\u6295\u7968","content":"","section":"1","cat":"1","publish_datetime":"2019-11-09 10:49:00","vdo":{"cover_path":"","headline":"","id":"","video_path":""},"imgs":[{"path":"20191109\/_2019110910494381285_370.jpg","isCover":1}],"writer":{"columnTitle":"","columnistID":"","trait":"","writer":""},"layout":"1","share_link":""},{"id":"1132844","newsID":"","title":"\u3010\u5340\u6703\u9078\u8209\u3011\u6731\u51f1\u5ef8\u9673\u5fd7\u5168\u5340\u8afe\u8ed2 \u88ab\u843d\u6848\u63a7\u9055\u7279\u6b0a\u6cd5\u4e0b\u5468\u4e00\u63d0\u5802","content":"","section":"1","cat":"1","publish_datetime":"2019-11-09 13:46:00","vdo":{"cover_path":"","headline":"","id":"","video_path":""},"imgs":[{"path":"20191109\/_2019110913563764506_370.jpg","isCover":1}],"writer":{"columnTitle":"","columnistID":"","trait":"","writer":""},"layout":"1","share_link":""},{"id":"1132931","newsID":"","title":"\u3010\u5340\u6703\u9078\u8209\u3011\u7a31\u7121\u8981\u6c42\u5ef6\u9072\u9078\u8209 \u674e\u6167\u743c\u7c72\u5404\u754c\u51b7\u975c\u52ff\u4ee5\u66b4\u6613\u66b4","content":"","section":"1","cat":"1","publish_datetime":"2019-11-09 16:37:00","vdo":{"cover_path":"","headline":"","id":"","video_path":""},"imgs":[{"path":"20191109\/_2019110916381219470_370.jpg","isCover":1}],"writer":{"columnTitle":"","columnistID":"","trait":"","writer":""},"layout":"1","share_link":""},{"id":"1133009","newsID":"","title":"\u3010\u4fee\u4f8b\u98a8\u6ce2\u30117\u6c11\u4e3b\u6d3e\u6d89\u59a8\u7919\u8b70\u54e1\u958b\u6703 6\u4eba\u88ab\u6355\u5468\u4e00\u63d0\u5802","content":"","section":"1","cat":"1","publish_datetime":"2019-11-09 23:17:00","vdo":{"cover_path":"","headline":"","id":"","video_path":""},"imgs":[{"path":"20191109\/_2019110919222725979_370.jpg","isCover":1}],"writer":{"columnTitle":"","columnistID":"","trait":"","writer":""},"layout":"1","share_link":""},{"id":"1133018","newsID":"","title":"\u3010\u5340\u6703\u9078\u8209\u3011\u8cea\u7591\u653f\u5e9c\u6311\u52d5\u793e\u6703\u77db\u76fe \u5340\u8afe\u8ed2\uff1a\u70ba\u7576\u524d\u5c40\u52e2\u300c\u64a5\u706b\u300d","content":"","section":"1","cat":"1","publish_datetime":"2019-11-09 19:52:00","vdo":{"cover_path":"","headline":"","id":"","video_path":""},"imgs":[{"path":"20191109\/_2019110919532081249_370.jpg","isCover":1}],"writer":{"columnTitle":"","columnistID":"","trait":"","writer":""},"layout":"1","share_link":""},{"id":"1133171","newsID":"","title":"\u3010\u5340\u6703\u9078\u8209\u3011\u9047\u8972\u5f8c\u63a5\u53d7\u300a\u74b0\u6642\u300b\u8a2a\u554f \u4f55\u541b\u582f\uff1a\u5340\u9078\u662f\u4e00\u5834\u826f\u77e5\u8207\u90aa\u60e1\u5c0d\u6c7a","content":"","section":"1","cat":"1","publish_datetime":"2019-11-10 10:45:00","vdo":{"cover_path":"","headline":"","id":"","video_path":""},"imgs":[{"path":"20191110\/_2019111010522626268_370.jpg","isCover":1}],"writer":{"columnTitle":"","columnistID":"","trait":"","writer":""},"layout":"1","share_link":""},{"id":"1133174","newsID":"","title":"\u3010\u4fee\u4f8b\u98a8\u6ce2\u3011\u6d89\u9055\u7279\u6b0a\u6cd5\u62d2\u6295\u6848 \u6797\u5353\u5ef7\u901a\u5bb5\u7559\u5b88\u7acb\u6cd5\u6703","content":"","section":"1","cat":"1","publish_datetime":"2019-11-10 10:53:00","vdo":{"cover_path":"","headline":"","id":"","video_path":""},"imgs":[{"path":"20191110\/_2019111010575554830_370.jpg","isCover":1}],"writer":{"columnTitle":"","columnistID":"","trait":"","writer":""},"layout":"1","share_link":""},{"id":"1133270","newsID":"","title":"\u3010\u5340\u6703\u9078\u8209\u3011\u66fe\u923a\u6210\u6599\u62bc\u5f8c\u6216\u53d6\u6d88\u6295\u7968\u6a5f\u6703\u4f4e","content":"","section":"1","cat":"1","publish_datetime":"2019-11-10 14:41:00","vdo":{"cover_path":"","headline":"","id":"","video_path":""},"imgs":[{"path":"20191110\/_2019111014420070273_370.jpg","isCover":1}],"writer":{"columnTitle":"","columnistID":"","trait":"","writer":""},"layout":"1","share_link":""},{"id":"1134134","newsID":"","title":"\u9673\u6dd1\u838a\uff1a\u6cdb\u6c11\u4e3b\u6d3e\u5805\u6c7a\u53cd\u5c0d\u653f\u6cbb\u6aa2\u63a7","content":"","section":"1","cat":"1","publish_datetime":"2019-11-11 15:00:00","vdo":{"cover_path":"","headline":"","id":"","video_path":""},"imgs":[{"path":"20191111\/_2019111115023264676_370.jpg","isCover":1}],"writer":{"columnTitle":"","columnistID":"","trait":"","writer":""},"layout":"1","share_link":""},{"id":"1134902","newsID":"","title":"\u3010\u5340\u6703\u9078\u8209\u3011\u66fe\u4fca\u83ef\u5f35\u70b3\u826f\u7b49\u903e\u767e\u4eba\u806f\u7f72 \u4fc3\u653f\u5e9c\u52ff\u53d6\u6d88\u5340\u9078","content":"","section":"1","cat":"1","publish_datetime":"2019-11-12 12:03:00","vdo":{"cover_path":"","headline":"","id":"","video_path":""},"imgs":[{"path":"20191112\/_2019111212153485910_370.jpg","isCover":1}],"writer":{"columnTitle":"","columnistID":"","trait":"","writer":""},"layout":"1","share_link":""}],"relevant_news":[],"topic":[],"share_link":"http:\/\/hd.stheadline.com\/news\/realtime\/hk\/1636111"}