{"id":"1136300","newsID":"","title":"\u6e2f\u9435\uff1a16\u500b\u8eca\u7ad9\u665a\u4e0a8\u6642\u95dc\u9589","content":["\u6e2f\u9435\u8868\u793a\uff0c\u6771\u9435\u7dda\u5217\u8eca\u53ef\u884c\u8d70(\u7d05\u78e1\u3001\u65fa\u89d2\u6771\u53ca\u5927\u570d\u7ad9)\uff0c\u5176\u4ed6\u8eca\u7ad9\u4ecd\u7136\u9700\u8981\u95dc\u9589\uff0c\u4ea6\u6c92\u6709\u5217\u8eca\u670d\u52d9\u3002\u800c\u7531\u65bc\u8def\u9762\u60c5\u6cc1\u4e0d\u5bb9\u8a31\uff0c\u6e2f\u9435\u672a\u80fd\u63d0\u4f9b\u514d\u8cbb\u63a5\u99c1\u5df4\u58eb\u3002\u003Cbr \/\u003E\u003Cbr \/\u003E\u81f3\u65bc\u4eca\u5929\u8f03\u65e9\u524d\u8eca\u7ad9\u8a2d\u65bd\u88ab\u56b4\u91cd\u7834\u58de\u548c\u904b\u4f5c\u53d7\u5e72\u64fe\u800c\u4ecd\u7136\u95dc\u9589\u7684\u8eca\u7ad9\uff0c\u7d93\u8207\u76f8\u95dc\u653f\u5e9c\u90e8\u9580\u5546\u8a0e\u5f8c\uff0c\u4eca\u665a\u5c07\u6703\u7e7c\u7e8c\u95dc\u9589\u3002\u6709\u95dc\u8eca\u7ad9\u5305\u62ec\uff1a\u003Cbr \/\u003E\u003Cbr \/\u003E\u6771\u6d8c\u7dab\uff1a\u6771\u6d8c\u7ad9\u003Cbr \/\u003E\u6e2f\u5cf6\u7dab\uff1a\u897f\u7063\u6cb3\u7ad9\u003Cbr \/\u003E\u8343\u7063\u7dab\uff1a\u65fa\u89d2\u7ad9\u003Cbr \/\u003E\u5c07\u8ecd\u6fb3\u7dab\uff1a\u5c07\u8ecd\u6fb3\u7ad9\u3001\u5751\u53e3\u7ad9\u003Cbr \/\u003E\u897f\u9435\u7dab\uff1a\u5c6f\u9580\u7ad9\u003Cbr \/\u003E\u6771\u9435\u7dab\uff1a\u4e5d\u9f8d\u5858\u3001\u6c99\u7530\u81f3\u7f85\u6e56\/\u843d\u99ac\u6d32\u003Cbr \/\u003E\u003Cbr \/\u003E\u53e6\u5916\uff0c\u7d93\u8207\u653f\u5e9c\u76f8\u95dc\u90e8\u9580\u9032\u884c\u98a8\u96aa\u8a55\u4f30\u5f8c\uff0c\u4ee5\u4e0b\u8eca\u7ad9\u5c07\u65bc\u4eca\u665a8\u6642\u95dc\u9589\uff0c\u5217\u8eca\u5c07\u4e0d\u505c\u6709\u95dc\u8eca\u7ad9\u3002\u6709\u95dc\u8eca\u7ad9\u5305\u62ec\uff1a\u003Cbr \/\u003E\u003Cbr \/\u003E\u8343\u7063\u7dab\uff1a\u8343\u7063\u7ad9\u3001\u8475\u82b3\u7ad9\u3001(\u6cb9\u9ebb\u5730\u7ad9)\u003Cbr \/\u003E\u89c0\u5858\u7dab\uff1a\u9ec3\u57d4\u7ad9\u3001(\u6cb9\u9ebb\u5730\u7ad9)\u3001\u9ec3\u5927\u4ed9\u7ad9\u3001\u4e5d\u9f8d\u7063\u7ad9\u3001\u89c0\u5858\u3001\u8abf\u666f\u5dba\u003Cbr \/\u003E\u6e2f\u5cf6\u7dab\uff1a\u9285\u947c\u7063\u7ad9\u3001\u9999\u6e2f\u5927\u5b78\u7ad9\u003Cbr \/\u003E\u897f\u9435\u7dab\uff1a\u5143\u6717\u7ad9\u003Cbr \/\u003E\u99ac\u978d\u5c71\u7dab\uff1a\u99ac\u978d\u5c71\u7ad9\u3001\u6c99\u7530\u570d\u7ad9\u3001\u7b2c\u4e00\u57ce\u7ad9\u003Cbr \/\u003E\u6a5f\u5834\u5feb\u7dab\uff1a(\u9752\u8863\u7ad9)\u3001(\u4e5d\u9f8d\u7ad9)\u003Cbr \/\u003E\u003Cbr \/\u003E\uff0a\u62ec\u5f27\u5167\u70ba\u8f49\u8eca\u7ad9","",""],"section":"1","cat":"1","publish_datetime":"2019-11-13 17:30:00","vdo":{"cover_path":"","headline":"","id":"","video_path":""},"vid":{"cover_path":"","headline":"","id":"","video_path":""},"imgs":[{"path":"20191113\/_2019111317321324181_600.jpg","caption":"\u6e2f\u9435\u95dc\u9589\u7684\u8eca\u7ad9","isCover":0}],"writer":{"columnTitle":"","columnistID":"","trait":"","writer":""},"layout":"4","keyword":[],"related_news":[{"id":"1136333","newsID":"","title":"\u3010\u5927\u4e09\u7f77\u3011\u91ab\u7ba1\u5c40:\u622a\u81f3\u4eca\u5348\u670948\u4eba\u9001\u9662 2\u4eba\u56b4\u91cd\u53ca\u5371\u6b86","content":"","section":"1","cat":"1","publish_datetime":"2019-11-13 19:02:00","vdo":{"cover_path":"","headline":"","id":"","video_path":""},"imgs":[{"path":"20191113\/_2019111318261253684_370.jpg","isCover":1}],"writer":{"columnTitle":"","columnistID":"","trait":"","writer":""},"layout":"1","share_link":""},{"id":"1136372","newsID":"","title":"\u30103813\u3011\u5bf6\u52dd\u570b\u969b\u9996\u4e09\u5b63\u76c8\u5229\u589e55.6%","content":"","section":"1","cat":"6","publish_datetime":"2019-11-13 19:01:00","vdo":{"cover_path":"","headline":"","id":"","video_path":""},"imgs":[{"path":"20191113\/1136372_351342_20191113_370.jpg","isCover":1}],"writer":{"columnTitle":"","columnistID":"","trait":"","writer":""},"layout":"1","share_link":""},{"id":"1136369","newsID":"","title":"\u30102038\u3011\u5bcc\u667a\u5eb7\u9996\u4e09\u5b63\u8667\u640d\u6536\u7a84\u8fd16381\u842c\u7f8e\u5143","content":"","section":"1","cat":"6","publish_datetime":"2019-11-13 18:52:00","vdo":{"cover_path":"","headline":"","id":"","video_path":""},"imgs":[{"path":"20191113\/1136369_351338_20191113_370.jpg","isCover":1}],"writer":{"columnTitle":"","columnistID":"","trait":"","writer":""},"layout":"1","share_link":""},{"id":"1136405","newsID":"","title":"\u3010\u5927\u4e09\u7f77\u3011\u793a\u5a01\u8005\u5feb\u9583\u5835\u585e\u7d05\u96a7","content":"","section":"1","cat":"1","publish_datetime":"2019-11-13 18:49:00","vdo":{"cover_path":"","headline":"","id":"","video_path":""},"imgs":[{"path":"20191113\/_2019111318570136804_370.jpeg","isCover":1}],"writer":{"columnTitle":"","columnistID":"","trait":"","writer":""},"layout":"1","share_link":""}],"relevant_news":[],"topic":[],"share_link":"http:\/\/hd.stheadline.com\/news\/realtime\/hk\/1636300"}