{"id":"1136177","newsID":"","title":"\u3010\u5927\u4e09\u7f77\u3011\u8b66\u5927\u57d4\u65bd\u653e\u50ac\u6dda\u5f48 \u5927\u57d4\u8d85\u7d1a\u57ce\u5916\u622a\u67e5\u591a\u4eba","content":["\u7db2\u6c11\u4eca\u65e5\u7e7c\u7e8c\u767c\u8d77\u300c\u5927\u4e09\u7f77\u300d\u884c\u52d5\uff0c\u6709\u793a\u5a01\u8005\u4e0b\u5348\u7d043\u664245\u5206\u5728\u5927\u57d4\u592a\u548c\u8def\u805a\u96c6\uff0c\u7bc9\u8d77\u8def\u969c\uff0c\u8209\u8d77\u5098\u9663\u4e26\u8207\u8b66\u65b9\u5c0d\u5cd9\uff0c\u8b66\u65b9\u65bd\u653e\u50ac\u6dda\u5f48\u3002\u003Cbr \/\u003E\u003Cbr \/\u003E\u793a\u5a01\u8005\u4e0b\u53485\u6642\u5f8c\uff0c\u5728\u592a\u548c\u8def\u5835\u8def\uff0c\u4e26\u5728\u99ac\u8def\u8a2d\u8def\u969c\u53ca\u71c3\u71d2\u96e2\u7269\uff0c\u9632\u66b4\u8b66\u5bdf\u5728\u5834\u5c0d\u5cd9\u3002\u9632\u66b4\u8b66\u5176\u5f8c\u8209\u8d77\u85cd\u65d7\uff0c\u4e26\u767c\u5c04\u50ac\u6dda\u5f48\uff0c\u6709\u793a\u5a01\u8005\u5247\u5411\u9632\u66b4\u8b66\u65b9\u5411\u6295\u64f2\u96dc\u7269\u3002\u5176\u5f8c\uff0c\u9632\u66b4\u8b66\u63a8\u9032\u81f3\u5927\u57d4\u8d85\u7d1a\u57ce\u5916\uff0c\u793a\u5a01\u8005\u96a8\u5373\u56db\u6563\uff0c\u8b66\u65b9\u5247\u5728\u5834\u622a\u67e5\u591a\u4eba\u3002\u003Cbr \/\u003E\u003Cbr \/\u003E\u5efa\u7acb\u6642\u9593\uff1a1547\u003Cbr \/\u003E\u66f4\u65b0\u6642\u9593\uff1a1834","",""],"section":"1","cat":"1","publish_datetime":"2019-11-13 18:34:00","vdo":{"cover_path":"","headline":"","id":"","video_path":""},"vid":{"cover_path":"","headline":"","id":"","video_path":""},"imgs":[{"path":"20191113\/_2019111318360794905_600.jpeg","caption":"","isCover":0},{"path":"20191113\/_2019111318360852460_600.jpeg","caption":"","isCover":0},{"path":"20191113\/_2019111318360916229_600.jpeg","caption":"","isCover":0},{"path":"20191113\/_2019111318361086958_600.jpeg","caption":"","isCover":0},{"path":"20191113\/_2019111315551745930_600.jpg","caption":"\u793a\u5a01\u8005\u5927\u57d4\u7bc9\u8def\u969c\u5c0d\u5cd9\uff0c\u8b66\u65b9\u65bd\u653e\u50ac\u6dda\u5f48\u3002Miumiu Tam\u200e\u5716\u7247","isCover":0}],"writer":{"columnTitle":"","columnistID":"","trait":"","writer":""},"layout":"4","keyword":["\u5927\u4e09\u7f77","\u5927\u57d4"],"related_news":[{"id":"1135607","newsID":"","title":"\u3010\u5927\u4e09\u7f77\u3011\u5143\u6717\u793a\u5a01\u8005\u7591\u77f3\u5c4e\u5c01\u8def\u8ecc \u8f15\u9435\u591a\u7dda\u505c\u99db\u6539\u9053","content":"","section":"1","cat":"1","publish_datetime":"2019-11-13 16:08:00","vdo":{"cover_path":"","headline":"","id":"","video_path":""},"imgs":[{"path":"20191113\/_2019111313053157502_370.jpeg","isCover":1},{"path":"20191113\/_2019111313053055602_370.jpeg","isCover":0},{"path":"20191113\/_2019111306321443812_370.jpg","isCover":0}],"writer":{"columnTitle":"","columnistID":"","trait":"","writer":""},"layout":"1","share_link":""},{"id":"1135856","newsID":"","title":"\u3010\u5927\u4e09\u7f77\u3011\u793a\u5a01\u8005\u6d78\u5927\u4e00\u5e36\u5835\u8def \u9632\u66b4\u8b66\u4e00\u5ea6\u5230\u5834\u8207\u9ed1\u8863\u4eba\u5c0d\u5cd9","content":"","section":"1","cat":"1","publish_datetime":"2019-11-13 17:55:00","vdo":{"cover_path":"","headline":"","id":"","video_path":""},"imgs":[{"path":"20191113\/_2019111317590748158_370.jpeg","isCover":1},{"path":"20191113\/_2019111311415064441_370.jpeg","isCover":0},{"path":"20191113\/_2019111311403071236_370.jpeg","isCover":0}],"writer":{"columnTitle":"","columnistID":"","trait":"","writer":""},"layout":"1","share_link":""},{"id":"1135922","newsID":"","title":"\u3010\u5927\u4e09\u7f77\u3011\u8b66\u4e2d\u74b0\u62d8\u591a\u4eba \u9ed1\u8863\u4eba\u518d\u884c\u51fa\u99ac\u8def\u7bc9\u8def\u969c","content":"","section":"1","cat":"1","publish_datetime":"2019-11-13 16:15:00","vdo":{"cover_path":"","headline":"","id":"","video_path":""},"imgs":[{"path":"20191113\/_2019111314465731365_370.jpg","isCover":1},{"path":"20191113\/_2019111314465576500_370.jpg","isCover":0},{"path":"20191113\/_2019111313421818047_370.jpg","isCover":0}],"writer":{"columnTitle":"","columnistID":"","trait":"","writer":""},"layout":"1","share_link":""},{"id":"1136174","newsID":"","title":"\u3010\u5927\u4e09\u7f77\u3011\u6a5f\u5834\u5feb\u7dab\u665a\u4e0a7\u6642\u8d77\u53ea\u505c\u9999\u6e2f\u7ad9\u53ca\u6a5f\u5834\u7ad9","content":"","section":"1","cat":"1","publish_datetime":"2019-11-13 15:52:00","vdo":{"cover_path":"","headline":"","id":"","video_path":""},"imgs":[{"path":"20191113\/_2019111315535175274_370.jpg","isCover":1}],"writer":{"columnTitle":"","columnistID":"","trait":"","writer":""},"layout":"1","share_link":""},{"id":"1136198","newsID":"","title":"\u3010\u5927\u4e09\u7f77\u30117\u4eba\u6d89\u85cf\u939a\u4ed4\u96f7\u5c04\u7b46\u7b49\u6b66\u5668 5\u4eba\u51c6\u4fdd\u91cb\u5019\u8a0a\u9808\u5b88\u5bb5\u7981\u4ee4","content":"","section":"1","cat":"1","publish_datetime":"2019-11-13 16:07:00","vdo":{"cover_path":"","headline":"","id":"","video_path":""},"imgs":[{"path":"20191113\/_2019111317215351065_370.jpeg","isCover":1}],"writer":{"columnTitle":"","columnistID":"","trait":"","writer":""},"layout":"1","share_link":""},{"id":"1136231","newsID":"","title":"\u3010\u5927\u4e09\u7f77\u3011\u8b66\uff1a\u6628\u5171\u62d8142\u4eba \u5c041567\u679a\u50ac\u6dda\u5f48","content":"","section":"1","cat":"1","publish_datetime":"2019-11-13 17:17:00","vdo":{"cover_path":"","headline":"","id":"","video_path":""},"imgs":[{"path":"20191113\/_2019111316432746070_370.jpg","isCover":1}],"writer":{"columnTitle":"","columnistID":"","trait":"","writer":""},"layout":"1","share_link":""},{"id":"1136291","newsID":"","title":"\u3010\u5927\u4e09\u7f77\u3011\u6559\u5354\u6279\u8a55\u6559\u80b2\u5c40\u300c\u9072\u4f86\u7684\u505c\u8ab2\u300d \u8981\u6c42\u6559\u80b2\u5c40\u516c\u958b\u81f4\u6b49","content":"","section":"1","cat":"1","publish_datetime":"2019-11-13 17:19:00","vdo":{"cover_path":"","headline":"","id":"","video_path":""},"imgs":[{"path":"20191113\/_2019111317250076328_370.jpeg","isCover":1}],"writer":{"columnTitle":"","columnistID":"","trait":"","writer":""},"layout":"1","share_link":""},{"id":"1136297","newsID":"","title":"\u3010\u5927\u4e09\u7f77\u3011\u552f\u4e00\u76ee\u7684\u70ba\u4fdd\u8b77\u516c\u8def\u99d5\u99db\u8005\u5b89\u5168 \u8b66\uff1a\u5225\u7121\u9078\u64c7\u4e0b\u9a45\u8d95","content":"","section":"1","cat":"1","publish_datetime":"2019-11-13 17:19:00","vdo":{"cover_path":"","headline":"","id":"","video_path":""},"imgs":[{"path":"20191113\/_2019111317215099603_370.jpg","isCover":1}],"writer":{"columnTitle":"","columnistID":"","trait":"","writer":""},"layout":"1","share_link":""},{"id":"1136309","newsID":"","title":"\u3010\u5927\u4e09\u7f77\u3011\u4e2d\u5927\u5c0d\u6821\u5167\u885d\u7a81\u6df1\u8868\u907a\u61be \u5180\u7d66\u4e88\u7a7a\u9593\u6062\u5fa9\u5b89\u5be7","content":"","section":"1","cat":"1","publish_datetime":"2019-11-13 17:31:00","vdo":{"cover_path":"","headline":"","id":"","video_path":""},"imgs":[{"path":"20191113\/_2019111317473511406_370.jpeg","isCover":1}],"writer":{"columnTitle":"","columnistID":"","trait":"","writer":""},"layout":"1","share_link":""},{"id":"1136315","newsID":"","title":"\u3010\u5927\u4e09\u7f77\u3011\u6628\u4f7f\u7528\u5e03\u888b\u5f48\u6578\u91cf\u65b0\u9ad8\u3000\u8b66:\u4e0d\u6703\u91dd\u5c0d\u5927\u5b78\u57f7\u6cd5","content":"","section":"1","cat":"1","publish_datetime":"2019-11-13 17:41:00","vdo":{"cover_path":"","headline":"","id":"","video_path":""},"imgs":[{"path":"20191113\/_2019111317431570207_370.jpg","isCover":1}],"writer":{"columnTitle":"","columnistID":"","trait":"","writer":""},"layout":"1","share_link":""}],"relevant_news":[],"topic":[],"share_link":"http:\/\/hd.stheadline.com\/news\/realtime\/hk\/1636177"}