{"id":"1136240","newsID":"","title":"\u6e2f\u9435\u4e0a\u6c34\u7ad9\u6709\u5217\u8eca\u518d\u88ab\u7e31\u706b","content":["\u6e2f\u9435\u8868\u793a\uff0c\u6628\u665a\u88ab\u7e31\u706b\u3001\u505c\u5728\u4e0a\u6c34\u7ad9\u7684\u6771\u9435\u7dab\u5217\u8eca\uff0c\u4e0b\u5348\u8fd14\u6642\u518d\u88ab\u4eba\u95d6\u5165\u8eca\u7ad9\u7e31\u706b\uff0c\u6d88\u9632\u5176\u5f8c\u5230\u5834\u64b2\u6551\u3002\u003Cbr \/\u003E\u003Cbr \/\u003E\u6628\u665a\u5168\u6e2f\u591a\u5340\u7206\u767c\u885d\u7a81\uff0c\u5728\u6628\u665a\u8fd18\u6642\uff0c\u4e0a\u6c34\u7ad9\u5217\u8eca\u88ab\u4eba\u6295\u64f2\u6c7d\u6cb9\u5f48\u7e31\u706b\uff0c\u4e26\u6253\u721b\u5217\u8eca\u8eca\u7a97\u3002","",""],"section":"1","cat":"1","publish_datetime":"2019-11-13 16:51:00","vdo":{"cover_path":"","headline":"","id":"","video_path":""},"vid":{"cover_path":"","headline":"","id":"","video_path":""},"imgs":[{"path":"20191113\/_2019111316515169344_600.jpeg","caption":"\u6e2f\u9435\u63d0\u4f9b","isCover":0},{"path":"20191113\/_2019111316515094649_600.jpeg","caption":"\u6e2f\u9435\u63d0\u4f9b","isCover":0},{"path":"20191113\/_2019111316515258335_600.jpeg","caption":"\u6e2f\u9435\u63d0\u4f9b","isCover":0},{"path":"20191113\/_2019111316514969860_600.jpeg","caption":"\u6e2f\u9435\u63d0\u4f9b","isCover":0},{"path":"20191113\/_2019111316515476417_600.jpeg","caption":"\u6e2f\u9435\u63d0\u4f9b","isCover":0}],"writer":{"columnTitle":"","columnistID":"","trait":"","writer":""},"layout":"4","keyword":[],"related_news":[{"id":"1136333","newsID":"","title":"\u3010\u5927\u4e09\u7f77\u3011\u91ab\u7ba1\u5c40:\u622a\u81f3\u4eca\u5348\u670948\u4eba\u9001\u9662 2\u4eba\u56b4\u91cd\u53ca\u5371\u6b86","content":"","section":"1","cat":"1","publish_datetime":"2019-11-13 19:02:00","vdo":{"cover_path":"","headline":"","id":"","video_path":""},"imgs":[{"path":"20191113\/_2019111318261253684_370.jpg","isCover":1}],"writer":{"columnTitle":"","columnistID":"","trait":"","writer":""},"layout":"1","share_link":""},{"id":"1136372","newsID":"","title":"\u30103813\u3011\u5bf6\u52dd\u570b\u969b\u9996\u4e09\u5b63\u76c8\u5229\u589e55.6%","content":"","section":"1","cat":"6","publish_datetime":"2019-11-13 19:01:00","vdo":{"cover_path":"","headline":"","id":"","video_path":""},"imgs":[{"path":"20191113\/1136372_351342_20191113_370.jpg","isCover":1}],"writer":{"columnTitle":"","columnistID":"","trait":"","writer":""},"layout":"1","share_link":""},{"id":"1136369","newsID":"","title":"\u30102038\u3011\u5bcc\u667a\u5eb7\u9996\u4e09\u5b63\u8667\u640d\u6536\u7a84\u8fd16381\u842c\u7f8e\u5143","content":"","section":"1","cat":"6","publish_datetime":"2019-11-13 18:52:00","vdo":{"cover_path":"","headline":"","id":"","video_path":""},"imgs":[{"path":"20191113\/1136369_351338_20191113_370.jpg","isCover":1}],"writer":{"columnTitle":"","columnistID":"","trait":"","writer":""},"layout":"1","share_link":""},{"id":"1136405","newsID":"","title":"\u3010\u5927\u4e09\u7f77\u3011\u793a\u5a01\u8005\u5feb\u9583\u5835\u585e\u7d05\u96a7","content":"","section":"1","cat":"1","publish_datetime":"2019-11-13 18:49:00","vdo":{"cover_path":"","headline":"","id":"","video_path":""},"imgs":[{"path":"20191113\/_2019111318570136804_370.jpeg","isCover":1}],"writer":{"columnTitle":"","columnistID":"","trait":"","writer":""},"layout":"1","share_link":""}],"relevant_news":[],"topic":[],"share_link":"http:\/\/hd.stheadline.com\/news\/realtime\/hk\/1636240"}