{"id":"1126579","newsID":"","title":"\u3010\u4fee\u4f8b\u98a8\u6ce2\u3011\u65fa\u89d2\u63a5\u9023\u5169\u5b97\u300c\u79c1\u4e86\u300d \u9ed1\u8863\u4eba\u7591\u6301\u96fb\u69cd\u65bd\u8972","content":["\u65fa\u89d2\u51cc\u6668\u63a5\u9023\u767c\u751f\u5169\u5b97\u300c\u79c1\u4e86\u300d\u4e8b\u4ef6\uff0c\u5169\u540d\u7537\u5b50\u5206\u5225\u88ab\u793a\u5a01\u8005\u6253\u50b7\u3002\u003Cbr \/\u003E\u003Cbr \/\u003E\u51cc\u66681\u6642\u5de6\u53f3\uff0c\u4e00\u540d\u767d\u8863\u7537\u5b50\u5728\u65fa\u89d2\u532f\u8c50\u9280\u884c\u5c0d\u958b\u5f4c\u6566\u9053\u8fd1\u4e9e\u7686\u8001\u8857\uff0c\u7591\u8207\u793a\u5a01\u8005\u767c\u751f\u885d\u7a81\u5f8c\u88ab\u52d5\u7528\u79c1\u5211\u570d\u6bc6\u3002\u4e8b\u4e3b\u773c\u90e8\u53ca\u9838\u90e8\u53d7\u50b7\uff0c\u5012\u5730\u8fd1\u534a\u5c0f\u6642\u624d\u9001\u9662\u6cbb\u7406\u3002\u50b7\u8005\u5012\u5730\u5f8c\uff0c\u61f7\u7591\u906d\u4eba\u4ee5\u96fb\u69cd\u8972\u64ca\u3002\u003Cbr \/\u003E\u003Cbr \/\u003E\u53e6\u4e00\u5b97\u8972\u64ca\u4e8b\u4ef6\u5728\u4e9e\u7686\u8001\u8857\u5148\u9054\u5ee3\u5834\u9644\u8fd1\u767c\u751f\uff0c\u51cc\u66682\u6642\u5de6\u53f3\uff0c\u4e00\u540d\u7537\u53f8\u6a5f\u88ab\u6307\u885d\u904e\u7531\u793a\u5a01\u8005\u8a2d\u7f6e\u7684\u8def\u969c\u548c\u649e\u5012\u5728\u5834\u4eba\u58eb\u5f8c\uff0c\u906d\u4e00\u7fa4\u8499\u9762\u9ed1\u8863\u4eba\u6bc6\u6253\uff0c\u8840\u6d41\u62ab\u9762\u3002","",""],"section":"1","cat":"1","publish_datetime":"2019-11-01 09:36:00","vdo":{"cover_path":"","headline":"","id":"","video_path":""},"vid":{"cover_path":"","headline":"","id":"","video_path":""},"imgs":[{"path":"20191101\/_2019110109410691127_600.jpg","caption":"\u50b7\u8005\u5012\u5730\u5f8c\uff0c\u61f7\u7591\u906d\u4eba\u4ee5\u96fb\u69cd\u8972\u64ca\uff08\u7d05\u5708\u793a\uff09\u3002","isCover":0},{"path":"20191101\/_2019110109364553228_600.jpg","caption":"\u4e8b\u4e3b\u773c\u90e8\u53d7\u50b7\u3002","isCover":0},{"path":"20191101\/_2019110109364686100_600.jpg","caption":"\u4e8b\u4e3b\u5012\u5730\u3002","isCover":0},{"path":"20191101\/_2019110109424214012_600.jpg","caption":"\u53e6\u4e00\u5b97\u8972\u64ca\u4e8b\u4ef6\u5728\u5148\u9054\u5ee3\u5834\u9644\u8fd1\u767c\u751f\uff0c\u7537\u53f8\u88ab\u6253\u81f3\u8840\u6d41\u62ab\u9762\u3002","isCover":0}],"writer":{"columnTitle":"","columnistID":"","trait":"","writer":""},"layout":"4","keyword":["\u4fee\u4f8b\u98a8\u6ce2"],"related_news":[{"id":"1125811","newsID":"","title":"\u3010\u5c08\u6b04\u3011\u70ba\u5927\u5c40\uff0c\u4fdd\u6de8\u571f","content":"","section":"1","cat":"1","publish_datetime":"2019-10-31 11:45:00","vdo":{"cover_path":"","headline":"","id":"","video_path":""},"imgs":[{"path":"20191031\/_2019103111382438744_370.jpg","isCover":1}],"writer":{"columnTitle":"","columnistID":"","trait":"","writer":""},"layout":"1","share_link":""},{"id":"1125874","newsID":"","title":"\u3010\u4fee\u4f8b\u98a8\u6ce2\u3011\u8056\u4fdd\u7f85\u7537\u5973\u6821\u8463\u6703\u51fd\u5bb6\u9577 \u7981\u5b78\u751f\u793a\u5a01","content":"","section":"1","cat":"1","publish_datetime":"2019-10-31 12:01:00","vdo":{"cover_path":"","headline":"","id":"","video_path":""},"imgs":[{"path":"20191031\/_2019103112091175592_370.jpg","isCover":1}],"writer":{"columnTitle":"","columnistID":"","trait":"","writer":""},"layout":"1","share_link":""},{"id":"1125913","newsID":"","title":"\u3010Kelly Online\u3011\u756b\u6f2b\u756b\u6f84\u6e05831\u592a\u5b50\u7ad9\u6b7b\u4ea1\u50b3\u805e \u8b66fb\uff1a\u8b20\u8a00\u6b62\u65bc\u667a\u8005","content":"","section":"1","cat":"1","publish_datetime":"2019-10-31 12:42:00","vdo":{"cover_path":"","headline":"","id":"","video_path":""},"imgs":[{"path":"20191031\/_2019103112460259185_370.jpg","isCover":1},{"path":"20191031\/_2019103112460390486_370.jpg","isCover":0},{"path":"20191031\/_2019103112460489756_370.jpg","isCover":0}],"writer":{"columnTitle":"","columnistID":"","trait":"","writer":""},"layout":"1","share_link":""},{"id":"1126024","newsID":"","title":"\u3010\u4fee\u4f8b\u98a8\u6ce2\u3011\u6797\u912d\uff1a\u7406\u89e3\u5546\u754c\u64d4\u5fc3\u9999\u6e2f\u524d\u666f \u653f\u5e9c\u6709\u6c7a\u5fc3\u6b62\u66b4","content":"","section":"1","cat":"1","publish_datetime":"2019-10-31 15:17:00","vdo":{"cover_path":"","headline":"","id":"","video_path":""},"imgs":[{"path":"20191031\/_2019103114445689716_370.jpeg","isCover":1}],"writer":{"columnTitle":"","columnistID":"","trait":"","writer":""},"layout":"1","share_link":""},{"id":"1126054","newsID":"","title":"\u862d\u6842\u574a\u6709\u9152\u5427\u6307\u4e0d\u6703\u63d0\u65e9\u95dc\u9580 \u76db\u667a\u6587\u7c72\u842c\u8056\u7bc0\u591c\u548c\u5e73\u5b89\u5168\u540c\u6a02","content":"","section":"1","cat":"1","publish_datetime":"2019-10-31 15:01:00","vdo":{"cover_path":"","headline":"","id":"","video_path":""},"imgs":[{"path":"20191031\/_2019103115144769920_370.jpg","isCover":1}],"writer":{"columnTitle":"","columnistID":"","trait":"","writer":""},"layout":"1","share_link":""},{"id":"1126078","newsID":"","title":"\u3010\u4fee\u4f8b\u98a8\u6ce2\u3011\u694a\u7acb\u9580\uff1a\u653f\u5e9c\u7121\u968a\u5f62\u3000\u300c\u85cd\u7d72\u300d\u6291\u9b31\u8981\u8b8a\u8272","content":"","section":"1","cat":"1","publish_datetime":"2019-10-31 15:25:00","vdo":{"cover_path":"","headline":"","id":"","video_path":""},"imgs":[{"path":"20191031\/_2019103115232198201_370.jpg","isCover":1}],"writer":{"columnTitle":"","columnistID":"","trait":"","writer":""},"layout":"1","share_link":""},{"id":"1126105","newsID":"","title":"9\u6708\u8a2a\u6e2f\u65c5\u5ba2\u903e310\u842c\u4eba\u6b21 \u6309\u5e74\u6025\u632b34.2%","content":"","section":"1","cat":"1","publish_datetime":"2019-10-31 15:41:00","vdo":{"cover_path":"","headline":"","id":"","video_path":""},"imgs":[{"path":"20191031\/_2019103115533722171_370.jpeg","isCover":1}],"writer":{"columnTitle":"","columnistID":"","trait":"","writer":""},"layout":"1","share_link":""},{"id":"1126558","newsID":"","title":"\u3010\u4fee\u4f8b\u98a8\u6ce2\u30117.21\u5143\u6717\u7ad9\u8972\u64ca\u4e8b\u4ef6 \u8b66\u591a\u62d8\u4e00\u4eba\u6d89\u53c3\u8207\u66b4\u52d5","content":"","section":"1","cat":"1","publish_datetime":"2019-11-01 07:44:00","vdo":{"cover_path":"","headline":"","id":"","video_path":""},"imgs":[{"path":"20191101\/_2019110107490267513_370.jpg","isCover":1}],"writer":{"columnTitle":"","columnistID":"","trait":"","writer":""},"layout":"1","share_link":""},{"id":"1126564","newsID":"","title":"\u3010\u4fee\u4f8b\u98a8\u6ce2\u3011\u79c1\u5bb6\u8eca\u65fa\u89d2\u7591\u885d\u793a\u5a01\u8def\u969c \u53f8\u6a5f\u6371\u6253\u982d\u7834\u8840\u6d41","content":"","section":"1","cat":"1","publish_datetime":"2019-11-01 08:09:00","vdo":{"cover_path":"","headline":"","id":"","video_path":""},"imgs":[{"path":"20191101\/_2019110109105653511_370.jpg","isCover":1},{"path":"20191101\/_2019110108115580891_370.jpg","isCover":0},{"path":"20191101\/_2019110109105792795_370.jpg","isCover":0}],"writer":{"columnTitle":"","columnistID":"","trait":"","writer":""},"layout":"1","share_link":""},{"id":"1126570","newsID":"","title":"\u3010\u4fee\u4f8b\u98a8\u6ce2\u3011\u8b66\u862d\u6842\u574a\u51cc\u6668\u5674\u6912\u9a45\u6563 \u9752\u5e74\u85cf\u9318\u88ab\u6355","content":"","section":"1","cat":"1","publish_datetime":"2019-11-01 08:57:00","vdo":{"cover_path":"","headline":"","id":"","video_path":""},"imgs":[{"path":"20191101\/_2019110108585699679_370.jpg","isCover":1},{"path":"20191101\/_2019110108575812522_370.jpg","isCover":0},{"path":"20191101\/_2019110108575931931_370.jpg","isCover":0}],"writer":{"columnTitle":"","columnistID":"","trait":"","writer":""},"layout":"1","share_link":""}],"relevant_news":[],"topic":[],"share_link":"http:\/\/hd.stheadline.com\/news\/realtime\/hk\/1626579"}