{"id":"1126954","newsID":"","title":"\u3010\u73fe\u5e02\u6cc1\u3011\u6052\u6307\u5347174\u9ede\u583127081 \u6210\u4ea4628\u5104\u5143","content":["\u6e2f\u80a1\u7e8c\u5347\uff0c\u6052\u751f\u6307\u6578\u65b0\u583127081\uff0c\u5347174\u9ede\u62160.65%\uff1b\u570b\u4f01\u6307\u6578\u65b0\u583110623\uff0c\u534790\u9ede\u62160.86%\uff0c\u6210\u4ea4\u91d1\u984d628.76\u5104\u5143\u3002(nc)","",""],"section":"1","cat":"6","publish_datetime":"2019-11-01 14:56:00","vdo":{"cover_path":"","headline":"","id":"","video_path":""},"vid":{"cover_path":"","headline":"","id":"","video_path":""},"imgs":[{"path":"20191101\/1126954_348839_20191101_600.jpg","caption":"","isCover":0}],"writer":{"columnTitle":"","columnistID":"","trait":"","writer":""},"layout":"1","keyword":[],"related_news":[{"id":"1126972","newsID":"","title":" \u8000\u661f\u83ef\u5ead2\u623f670\u842c\u6cbd\u51fa","content":"","section":"1","cat":"5","publish_datetime":"2019-11-01 15:09:00","vdo":{"cover_path":"","headline":"","id":"","video_path":""},"imgs":[{"path":"20191101\/_2019110115125176549_370.jpg","isCover":1}],"writer":{"columnTitle":"","columnistID":"","trait":"","writer":""},"layout":"1","share_link":""},{"id":"1126957","newsID":"","title":"\u8cb4\u967d\u4e00\u6c11\u623f\u7a81\u767c\u706b\u707d \u6709\u5c45\u6c11\u6b32\u885d\u706b\u5834\u633d\u6551\u8ca1\u7522","content":"","section":"1","cat":"3","publish_datetime":"2019-11-01 14:58:00","vdo":{"cover_path":"","headline":"","id":"","video_path":""},"imgs":[{"path":"20191101\/_2019110114591568525_370.jpg","isCover":1}],"writer":{"columnTitle":"","columnistID":"","trait":"","writer":""},"layout":"1","share_link":""},{"id":"1126963","newsID":"","title":"\u9bc9\u7063\u5929\u4e0b\u544e\u79df42\u5143 ","content":"","section":"1","cat":"5","publish_datetime":"2019-11-01 14:58:00","vdo":{"cover_path":"","headline":"","id":"","video_path":""},"imgs":[{"path":"20191101\/_2019110115051182057_370.jpg","isCover":1}],"writer":{"columnTitle":"","columnistID":"","trait":"","writer":""},"layout":"1","share_link":""},{"id":"1126960","newsID":"","title":"\u8b66\u65b9\u75289\u500b\u6708\u6bd4\u5c0d\u4e0a\u5104\u7167\u7247\u5c0b\u842c\u5143\u73fe\u91d1\u5931\u4e3b \u53cd\u88ab\u8aa4\u8a8d\u5728\u8a50\u9a19","content":"","section":"1","cat":"3","publish_datetime":"2019-11-01 14:58:00","vdo":{"cover_path":"","headline":"","id":"","video_path":""},"imgs":[{"path":"20191101\/_2019110115004090666_370.jpg","isCover":1}],"writer":{"columnTitle":"","columnistID":"","trait":"","writer":""},"layout":"1","share_link":""}],"relevant_news":[],"topic":[],"share_link":"http:\/\/hd.stheadline.com\/news\/realtime\/fin\/1626954"}