{"id":"1126906","newsID":"","title":"\u3010\u4fee\u4f8b\u98a8\u6ce2\u3011\u6e2f\u53f0\u53d6\u6d88\u4eca\u5e74\u300c\u5341\u5927\u4e2d\u6587\u91d1\u66f2\u300d\u9812\u734e\u79ae","content":["\u9999\u6e2f\u96fb\u53f0\u4eca\u65e5\u5ba3\u5e03\uff0c\u9451\u65bc\u8fd1\u6708\u793e\u6703\u6c23\u6c1b\u53ca\u91cd\u8996\u6b4c\u624b\u3001\u6a02\u8ff7\u7b49\u53c3\u8207\u516c\u773e\u6d3b\u52d5\u6642\u7684\u5b89\u5168\uff0c\u4eca\u5e74\u6c7a\u5b9a\u53d6\u6d88\u300c\u7b2c42\u5c46\u5341\u5927\u4e2d\u6587\u91d1\u66f2\u300d\u7684\u9812\u734e\u79ae\u548c\u97f3\u6a02\u6703\u3002\u003Cbr \/\u003E\u003Cbr \/\u003E\u9812\u734e\u79ae\u548c\u97f3\u6a02\u6703\u53d6\u6d88\u5f8c\uff0c\u6e2f\u53f0\u5c07\u6539\u70ba\u88fd\u4f5c\u8de8\u5a92\u9ad4\u7279\u5099\u7bc0\u76ee\uff0c\u5b89\u6392\u65bc\u660e\u5e741\u6708\u4e0b\u65ec\u64ad\u51fa\uff0c\u4ee5\u5ba3\u5e03\u734e\u9805\u7d50\u679c\u3002","",""],"section":"1","cat":"1","publish_datetime":"2019-11-01 13:59:00","vdo":{"cover_path":"","headline":"","id":"","video_path":""},"vid":{"cover_path":"","headline":"","id":"","video_path":""},"imgs":[{"path":"20191101\/_2019110114023697670_600.jpg","caption":"\u7b2c41\u5c46\u5341\u5927\u4e2d\u6587\u91d1\u66f2\u300c\u7528\u5fc3\u00b7\u807d\u300d\u97f3\u6a02\u6703\u3002\u8cc7\u6599\u5716\u7247","isCover":0}],"writer":{"columnTitle":"","columnistID":"","trait":"","writer":""},"layout":"4","keyword":["\u4fee\u4f8b\u98a8\u6ce2"],"related_news":[{"id":"1126570","newsID":"","title":"\u3010\u4fee\u4f8b\u98a8\u6ce2\u3011\u8b66\u862d\u6842\u574a\u51cc\u6668\u5674\u6912\u9a45\u6563 \u9752\u5e74\u85cf\u9318\u88ab\u6355","content":"","section":"1","cat":"1","publish_datetime":"2019-11-01 08:57:00","vdo":{"cover_path":"","headline":"","id":"","video_path":""},"imgs":[{"path":"20191101\/_2019110108585699679_370.jpg","isCover":1},{"path":"20191101\/_2019110108575812522_370.jpg","isCover":0},{"path":"20191101\/_2019110108575931931_370.jpg","isCover":0}],"writer":{"columnTitle":"","columnistID":"","trait":"","writer":""},"layout":"1","share_link":""},{"id":"1126579","newsID":"","title":"\u3010\u4fee\u4f8b\u98a8\u6ce2\u3011\u65fa\u89d2\u63a5\u9023\u5169\u5b97\u300c\u79c1\u4e86\u300d \u9ed1\u8863\u4eba\u7591\u6301\u96fb\u69cd\u65bd\u8972","content":"","section":"1","cat":"1","publish_datetime":"2019-11-01 09:36:00","vdo":{"cover_path":"","headline":"","id":"","video_path":""},"imgs":[{"path":"20191101\/_2019110109410691127_370.jpg","isCover":1},{"path":"20191101\/_2019110109364553228_370.jpg","isCover":0},{"path":"20191101\/_2019110109364686100_370.jpg","isCover":0}],"writer":{"columnTitle":"","columnistID":"","trait":"","writer":""},"layout":"1","share_link":""},{"id":"1126591","newsID":"","title":"\u3010\u4fee\u4f8b\u98a8\u6ce2\u3011\u592a\u5b50\u65fa\u89d2\u4e2d\u74b0\u9023\u5834\u793a\u5a01\u885d\u7a81 16\u4eba\u9001\u9662\u6700\u7d3016\u6b72","content":"","section":"1","cat":"1","publish_datetime":"2019-11-01 10:02:00","vdo":{"cover_path":"","headline":"","id":"","video_path":""},"imgs":[{"path":"20191101\/_2019110110035431353_370.jpg","isCover":1}],"writer":{"columnTitle":"","columnistID":"","trait":"","writer":""},"layout":"1","share_link":""},{"id":"1126606","newsID":"","title":"\u3010\u5c08\u6b04\u3011\u5f9e\u611b\u723e\u862d\u81ea\u7531\u90a6\u7684\u6545\u4e8b\u770b\u6548\u5fe0\u771f\u7fa9","content":"","section":"1","cat":"1","publish_datetime":"2019-11-01 10:30:00","vdo":{"cover_path":"","headline":"","id":"","video_path":""},"imgs":[{"path":"20191101\/_2019110110260146132_370.jpg","isCover":1}],"writer":{"columnTitle":"","columnistID":"","trait":"","writer":""},"layout":"1","share_link":""},{"id":"1126699","newsID":"","title":"\u3010\u4fee\u4f8b\u98a8\u6ce2\u3011\u793e\u5de5\u7591\u88ab\u8b66\u6251\u7a7f\u982d \u7f85\u81f4\u5149\uff1a\u793e\u5de5\u61c9\u7c72\u6c11\u773e\u9060\u96e2\u66b4\u529b","content":"","section":"1","cat":"1","publish_datetime":"2019-11-01 10:37:00","vdo":{"cover_path":"","headline":"","id":"","video_path":""},"imgs":[{"path":"20191101\/_2019110110404063070_370.jpg","isCover":1}],"writer":{"columnTitle":"","columnistID":"","trait":"","writer":""},"layout":"1","share_link":""},{"id":"1126717","newsID":"","title":"\u3010\u4fee\u4f8b\u98a8\u6ce2\u3011\u5180\u6708\u5167\u8fa6\u5e2b\u751f\u8ad6\u58c7\u63a2\u5c0b\u524d\u8def \u5f35\u7fd4\uff1a\u50be\u8ac7\u4e0d\u9700\u6700\u5f8c\u901a\u7252","content":"","section":"1","cat":"1","publish_datetime":"2019-11-01 11:00:00","vdo":{"cover_path":"","headline":"","id":"","video_path":""},"imgs":[{"path":"20191101\/_2019110111072053078_370.jpeg","isCover":1}],"writer":{"columnTitle":"","columnistID":"","trait":"","writer":""},"layout":"1","share_link":""},{"id":"1126801","newsID":"","title":"\u3010\u4fee\u4f8b\u98a8\u6ce2\u3011\u53cd\u4fee\u4f8b\u6e2f\u5927\u751f\u64ec\u5347\u7d1a\u884c\u52d5 \u6821\u9577\u5ba4\u52a0\u5f37\u4fdd\u5b89","content":"","section":"1","cat":"1","publish_datetime":"2019-11-01 12:08:00","vdo":{"cover_path":"","headline":"","id":"","video_path":""},"imgs":[{"path":"20191101\/_2019110112094431008_370.jpg","isCover":1}],"writer":{"columnTitle":"","columnistID":"","trait":"","writer":""},"layout":"1","share_link":""},{"id":"1126828","newsID":"","title":"\u3010\u4fee\u4f8b\u98a8\u6ce2\u3011\u592a\u5b50\u7ad9\u51fa\u5165\u53e3\u7591\u906d\u7e31\u706b \u8077\u54e1\u5831\u8b66","content":"","section":"1","cat":"1","publish_datetime":"2019-11-01 12:46:00","vdo":{"cover_path":"","headline":"","id":"","video_path":""},"imgs":[{"path":"20191101\/_2019110112491240904_370.jpg","isCover":1}],"writer":{"columnTitle":"","columnistID":"","trait":"","writer":""},"layout":"1","share_link":""},{"id":"1126834","newsID":"","title":"\u3010\u4fee\u4f8b\u98a8\u6ce2\u3011\u6821\u9577\u5ba4\u5916\u975c\u5750\u4fc3\u8a02\u6703\u9762\u65e5\u671f \u526f\u6821\u5e2d\u5730\u800c\u5750\u5c0d\u8a71","content":"","section":"1","cat":"1","publish_datetime":"2019-11-01 14:12:00","vdo":{"cover_path":"","headline":"","id":"","video_path":""},"imgs":[{"path":"20191101\/_2019110114150880938_370.jpg","isCover":1},{"path":"20191101\/_2019110114085328319_370.jpg","isCover":0},{"path":"20191101\/_2019110114085469108_370.jpg","isCover":0}],"writer":{"columnTitle":"","columnistID":"","trait":"","writer":""},"layout":"1","share_link":""},{"id":"1126837","newsID":"","title":"\u3010\u4fee\u4f8b\u98a8\u6ce2\u3011\u7db2\u6c11\u4e2d\u74b0\u89c0\u5858\u5feb\u9583\u904a\u884c \u6297\u8b70\u8b66\u65b9\u6feb\u7528\u66b4\u529b","content":"","section":"1","cat":"1","publish_datetime":"2019-11-01 13:59:00","vdo":{"cover_path":"","headline":"","id":"","video_path":""},"imgs":[{"path":"20191101\/_2019110112594290713_370.jpg","isCover":1},{"path":"20191101\/_2019110112594139404_370.jpg","isCover":0},{"path":"20191101\/_2019110113050240147_370.jpg","isCover":0}],"writer":{"columnTitle":"","columnistID":"","trait":"","writer":""},"layout":"1","share_link":""}],"relevant_news":[],"topic":[],"share_link":"http:\/\/hd.stheadline.com\/news\/realtime\/hk\/1626906"}