{"id":"1126699","newsID":"","title":"\u3010\u4fee\u4f8b\u98a8\u6ce2\u3011\u793e\u5de5\u7591\u88ab\u8b66\u6251\u7a7f\u982d \u7f85\u81f4\u5149\uff1a\u793e\u5de5\u61c9\u7c72\u6c11\u773e\u9060\u96e2\u66b4\u529b","content":["\u8b66\u65b9\u6628\u665a\u5728\u592a\u5b50\u4e00\u5e36\u9a45\u6563\u793a\u5a01\u8005\u671f\u9593\uff0c\u4e00\u540d\u5831\u7a31\u4efb\u8077\u793e\u5de5\u7684\u7537\u5b50\u61f7\u7591\u88ab\u8b66\u65b9\u6253\u50b7\u982d\u90e8\u3002\u52de\u5de5\u53ca\u798f\u5229\u5c40\u5c40\u9577\u7f85\u81f4\u5149\u6307\uff0c\u6709\u90e8\u5206\u5728\u793a\u5a01\u6d3b\u52d5\u524d\u7dda\u7684\u793e\u5de5\uff0c\u672a\u5fc5\u6b63\u5354\u52a9\u4ed6\u5011\u7684\u670d\u52d9\u5c0d\u8c61\uff0c\u56e0\u6b64\u96e3\u4f5c\u8a55\u8ad6\u3002\u800c\u4e14\uff0c\u5728\u66b4\u529b\u74b0\u5883\u4e0b\uff0c\u793e\u5de5\u61c9\u52f8\u670d\u52d9\u5c0d\u8c61\u96e2\u958b\uff0c\u9060\u96e2\u66b4\u529b\u3002\u003Cbr \/\u003E\u003Cbr \/\u003E\u6709\u8b70\u54e1\u65e9\u4e0a\u51fa\u5e2d\u7acb\u6cd5\u6703\u798f\u5229\u4e8b\u52d9\u59d4\u54e1\u6703\u6642\u95dc\u6ce8\u4e8b\u4ef6\u3002\u7f85\u81f4\u5149\u56de\u61c9\u6642\u8868\u793a\uff0c\u90e8\u5206\u5728\u793a\u5a01\u6d3b\u52d5\u524d\u7dda\u4e2d\u7684\u793e\u5de5\uff0c\u4e0d\u4e00\u5b9a\u6b63\u5728\u5354\u52a9\u4ed6\u5011\u7684\u670d\u52d9\u5c0d\u8c61\uff0c\u56e0\u6b64\u96e3\u4ee5\u8a55\u8ad6\u4e8b\u4ef6\u3002\u003Cbr \/\u003E\u003Cbr \/\u003E\u4ed6\u8a8d\u70ba\u5728\u66b4\u529b\u74b0\u5883\u4e0b\uff0c\u793e\u5de5\u61c9\u52f8\u55bb\u670d\u52d9\u5c0d\u8c61\u52ff\u53c3\u8207\u6d3b\u52d5\uff0c\u61c9\u8a72\u96e2\u958b\u3002\u800c\u4e14\u7576\u5c40\u4e0d\u6642\u63d0\u9192\u524d\u7dda\u793e\u5de5\u8981\u7167\u9867\u597d\u81ea\u5df1\u7684\u5b89\u5168\uff0c\u4e5f\u8981\u7167\u9867\u670d\u52d9\u5c0d\u8c61\u7684\u5b89\u5168\u3002\u003Cbr \/\u003E\u003Cbr \/\u003E\u66fe\u5230\u91ab\u9662\u63a2\u671b\u53d7\u50b7\u793e\u5de5\u7684\u793e\u798f\u754c\u90b5\u5bb6\u81fb\u8072\u7a31\uff0c\u53d7\u50b7\u7537\u5b50\u7576\u6642\u662f\u70ba\u4fdd\u8b77\u4e00\u540d\u5a46\u5a46\u800c\u53d7\u50b7\u3002\u56e0\u6b64\u8a8d\u70ba\u5373\u6642\u7576\u6642\u7684\u5a46\u5a46\u5373\u4f7f\u4e26\u975e\u670d\u52d9\u4f7f\u7528\u8005\uff0c\u4e8b\u4e3b\u90fd\u6b63\u767c\u63ee\u793e\u5de5\u7cbe\u795e\uff0c\u7b97\u662f\u6b63\u9032\u884c\u793e\u5de5\u5de5\u4f5c\u3002","",""],"section":"1","cat":"1","publish_datetime":"2019-11-01 10:37:00","vdo":{"cover_path":"","headline":"","id":"","video_path":""},"vid":{"cover_path":"","headline":"","id":"","video_path":""},"imgs":[{"path":"20191101\/_2019110110404063070_600.jpg","caption":"\u4e8b\u4e3b\u982d\u90e8\u53d7\u50b7\u3002\u90b5\u5bb6\u81fbfb\u5716\u7247","isCover":0}],"writer":{"columnTitle":"","columnistID":"","trait":"","writer":""},"layout":"4","keyword":["\u4fee\u4f8b\u98a8\u6ce2"],"related_news":[{"id":"1126024","newsID":"","title":"\u3010\u4fee\u4f8b\u98a8\u6ce2\u3011\u6797\u912d\uff1a\u7406\u89e3\u5546\u754c\u64d4\u5fc3\u9999\u6e2f\u524d\u666f \u653f\u5e9c\u6709\u6c7a\u5fc3\u6b62\u66b4","content":"","section":"1","cat":"1","publish_datetime":"2019-10-31 15:17:00","vdo":{"cover_path":"","headline":"","id":"","video_path":""},"imgs":[{"path":"20191031\/_2019103114445689716_370.jpeg","isCover":1}],"writer":{"columnTitle":"","columnistID":"","trait":"","writer":""},"layout":"1","share_link":""},{"id":"1126054","newsID":"","title":"\u862d\u6842\u574a\u6709\u9152\u5427\u6307\u4e0d\u6703\u63d0\u65e9\u95dc\u9580 \u76db\u667a\u6587\u7c72\u842c\u8056\u7bc0\u591c\u548c\u5e73\u5b89\u5168\u540c\u6a02","content":"","section":"1","cat":"1","publish_datetime":"2019-10-31 15:01:00","vdo":{"cover_path":"","headline":"","id":"","video_path":""},"imgs":[{"path":"20191031\/_2019103115144769920_370.jpg","isCover":1}],"writer":{"columnTitle":"","columnistID":"","trait":"","writer":""},"layout":"1","share_link":""},{"id":"1126078","newsID":"","title":"\u3010\u4fee\u4f8b\u98a8\u6ce2\u3011\u694a\u7acb\u9580\uff1a\u653f\u5e9c\u7121\u968a\u5f62\u3000\u300c\u85cd\u7d72\u300d\u6291\u9b31\u8981\u8b8a\u8272","content":"","section":"1","cat":"1","publish_datetime":"2019-10-31 15:25:00","vdo":{"cover_path":"","headline":"","id":"","video_path":""},"imgs":[{"path":"20191031\/_2019103115232198201_370.jpg","isCover":1}],"writer":{"columnTitle":"","columnistID":"","trait":"","writer":""},"layout":"1","share_link":""},{"id":"1126105","newsID":"","title":"9\u6708\u8a2a\u6e2f\u65c5\u5ba2\u903e310\u842c\u4eba\u6b21 \u6309\u5e74\u6025\u632b34.2%","content":"","section":"1","cat":"1","publish_datetime":"2019-10-31 15:41:00","vdo":{"cover_path":"","headline":"","id":"","video_path":""},"imgs":[{"path":"20191031\/_2019103115533722171_370.jpeg","isCover":1}],"writer":{"columnTitle":"","columnistID":"","trait":"","writer":""},"layout":"1","share_link":""},{"id":"1126558","newsID":"","title":"\u3010\u4fee\u4f8b\u98a8\u6ce2\u30117.21\u5143\u6717\u7ad9\u8972\u64ca\u4e8b\u4ef6 \u8b66\u591a\u62d8\u4e00\u4eba\u6d89\u53c3\u8207\u66b4\u52d5","content":"","section":"1","cat":"1","publish_datetime":"2019-11-01 07:44:00","vdo":{"cover_path":"","headline":"","id":"","video_path":""},"imgs":[{"path":"20191101\/_2019110107490267513_370.jpg","isCover":1}],"writer":{"columnTitle":"","columnistID":"","trait":"","writer":""},"layout":"1","share_link":""},{"id":"1126564","newsID":"","title":"\u3010\u4fee\u4f8b\u98a8\u6ce2\u3011\u79c1\u5bb6\u8eca\u65fa\u89d2\u7591\u885d\u793a\u5a01\u8def\u969c \u53f8\u6a5f\u6371\u6253\u982d\u7834\u8840\u6d41","content":"","section":"1","cat":"1","publish_datetime":"2019-11-01 08:09:00","vdo":{"cover_path":"","headline":"","id":"","video_path":""},"imgs":[{"path":"20191101\/_2019110109105653511_370.jpg","isCover":1},{"path":"20191101\/_2019110108115580891_370.jpg","isCover":0},{"path":"20191101\/_2019110109105792795_370.jpg","isCover":0}],"writer":{"columnTitle":"","columnistID":"","trait":"","writer":""},"layout":"1","share_link":""},{"id":"1126570","newsID":"","title":"\u3010\u4fee\u4f8b\u98a8\u6ce2\u3011\u8b66\u862d\u6842\u574a\u51cc\u6668\u5674\u6912\u9a45\u6563 \u9752\u5e74\u85cf\u9318\u88ab\u6355","content":"","section":"1","cat":"1","publish_datetime":"2019-11-01 08:57:00","vdo":{"cover_path":"","headline":"","id":"","video_path":""},"imgs":[{"path":"20191101\/_2019110108585699679_370.jpg","isCover":1},{"path":"20191101\/_2019110108575812522_370.jpg","isCover":0},{"path":"20191101\/_2019110108575931931_370.jpg","isCover":0}],"writer":{"columnTitle":"","columnistID":"","trait":"","writer":""},"layout":"1","share_link":""},{"id":"1126579","newsID":"","title":"\u3010\u4fee\u4f8b\u98a8\u6ce2\u3011\u65fa\u89d2\u63a5\u9023\u5169\u5b97\u300c\u79c1\u4e86\u300d \u9ed1\u8863\u4eba\u7591\u6301\u96fb\u69cd\u65bd\u8972","content":"","section":"1","cat":"1","publish_datetime":"2019-11-01 09:36:00","vdo":{"cover_path":"","headline":"","id":"","video_path":""},"imgs":[{"path":"20191101\/_2019110109410691127_370.jpg","isCover":1},{"path":"20191101\/_2019110109364553228_370.jpg","isCover":0},{"path":"20191101\/_2019110109364686100_370.jpg","isCover":0}],"writer":{"columnTitle":"","columnistID":"","trait":"","writer":""},"layout":"1","share_link":""},{"id":"1126591","newsID":"","title":"\u3010\u4fee\u4f8b\u98a8\u6ce2\u3011\u592a\u5b50\u65fa\u89d2\u4e2d\u74b0\u9023\u5834\u793a\u5a01\u885d\u7a81 16\u4eba\u9001\u9662\u6700\u7d3016\u6b72","content":"","section":"1","cat":"1","publish_datetime":"2019-11-01 10:02:00","vdo":{"cover_path":"","headline":"","id":"","video_path":""},"imgs":[{"path":"20191101\/_2019110110035431353_370.jpg","isCover":1}],"writer":{"columnTitle":"","columnistID":"","trait":"","writer":""},"layout":"1","share_link":""},{"id":"1126606","newsID":"","title":"\u3010\u5c08\u6b04\u3011\u5f9e\u611b\u723e\u862d\u81ea\u7531\u90a6\u7684\u6545\u4e8b\u770b\u6548\u5fe0\u771f\u7fa9","content":"","section":"1","cat":"1","publish_datetime":"2019-11-01 10:30:00","vdo":{"cover_path":"","headline":"","id":"","video_path":""},"imgs":[{"path":"20191101\/_2019110110260146132_370.jpg","isCover":1}],"writer":{"columnTitle":"","columnistID":"","trait":"","writer":""},"layout":"1","share_link":""}],"relevant_news":[],"topic":[],"share_link":"http:\/\/hd.stheadline.com\/news\/realtime\/hk\/1626699"}