{"id":"1126783","newsID":"","title":"\u4e0d\u6eff\u88ab\u7f75\u300c\u9ed1\u793e\u6703\u300d \u4f55\u541b\u582f\u5165\u7a1f\u63a7\u90ed\u69ae\u93d7\u7b493\u540d\u8b70\u54e1\u8ab9\u8b17","content":["\u7acb\u6cd5\u6703\u4fdd\u5b89\u4e8b\u52d9\u59d4\u54e1\u6703\u65bc8\u670812\u65e5\uff0c\u5728\u7c89\u5dba\u7684\u8b66\u5bdf\u6a5f\u52d5\u90e8\u968a\u7e3d\u90e8\u5c55\u793a\u6c34\u70ae\u8eca\uff0c\u6c11\u4e3b\u6d3e\u8b70\u54e1\u7b49\u4eba\u5230\u73fe\u6297\u8b70\uff0c\u4f55\u541b\u582f\u5247\u4e0a\u524d\u8207\u5c0d\u65b9\u7406\u8ad6\uff0c\u4f55\u541b\u582f\u6628\u65e5\u5165\u7a1f\u9ad8\u7b49\u6cd5\u9662\uff0c\u63a7\u544a3\u540d\u7acb\u6cd5\u6703\u8b70\u54e1\u90ed\u69ae\u93d7\u3001\u6797\u5353\u5ef7\u53ca\u6bdb\u5b5f\u975c\u8ab9\u8b17\uff0c\u63073\u4eba\u7576\u65e5\u6307\u7f75\u300c\u4f55\u541b\u582f\uff0c\u9ed1\u793e\u6703\u300d\u5c0d\u4ed6\u69cb\u6210\u6bc1\u8b17\uff0c\u8981\u6c42\u6cd5\u5ead\u9812\u4ee43\u4eba\u4f5c\u51fa\u8ce0\u511f\u53ca\u7981\u5236\u4ed6\u5011\u53ca\u76f8\u95dc\u4eba\u58eb\u4f5c\u51fa\u4e0a\u8ff0\u8a00\u8ad6\u3002\u003Cbr \/\u003E\u003Cbr \/\u003E\u539f\u544a\u4eba\u70ba\u4f55\u541b\u582f\uff0c3\u540d\u88ab\u544a\u4f9d\u6b21\u70ba\u90ed\u69ae\u93d7\u3001\u6797\u5353\u5ef7\u53ca\u6bdb\u5b5f\u975c\u3002\u5165\u7a1f\u72c0\u900f\u9732\uff0c\u672c\u5e748\u670812\u65e5\uff0c3\u540d\u88ab\u544a\u5728\u4e00\u500b\u516c\u958b\u5834\u5408\u5411\u539f\u544a\u6307\u7f75\u300c\u4f55\u541b\u582f\uff0c\u9ed1\u793e\u6703\uff01\u300d\uff0c\u517c\u906d\u5728\u5834\u4eba\u58eb\u62cd\u4e0b\u53ca\u50b3\u64ad\u3002\u539f\u544a\u63073\u4eba\u4f5c\u51fa\u7121\u7406\u64da\u53ca\u5931\u5be6\u7684\u6307\u63a7\uff0c\u8981\u6c42\u6cd5\u5ead\u9812\u4ee43\u88ab\u544a\u4eba\u4f5c\u51fa\u4e00\u822c\u8ce0\u511f\u53ca\u52a0\u91cd\u640d\u5bb3\u8ce0\u511f\uff0c\u4e26\u7981\u52363\u4eba\u53ca\u5176\u4ee3\u7406\u4eba\u7b49\u518d\u4f5c\u51fa\u76f8\u95dc\u8a00\u8ad6\u3002\u003Cbr \/\u003E\u003Cbr \/\u003E\u6cd5\u5ead\u8a18\u8005\uff1a\u9673\u695a\u7428","",""],"section":"1","cat":"1","publish_datetime":"2019-11-01 11:42:00","vdo":{"cover_path":"","headline":"","id":"","video_path":""},"vid":{"cover_path":"","headline":"","id":"","video_path":""},"imgs":[{"path":"20191101\/_2019110111504851121_600.jpg","caption":"\u4f55\u541b\u582f\u6628\u65e5\u5165\u7a1f\u9ad8\u7b49\u6cd5\u9662\uff0c\u63a7\u544a3\u540d\u7acb\u6cd5\u6703\u8b70\u54e1\u90ed\u69ae\u93d7\u3001\u6797\u5353\u5ef7\u53ca\u6bdb\u5b5f\u975c\u8ab9\u8b17\u3002 \u8cc7\u6599\u5716\u7247","isCover":0}],"writer":{"columnTitle":"","columnistID":"","trait":"","writer":""},"layout":"4","keyword":["\u4f55\u541b\u582f"],"related_news":[{"id":"1114174","newsID":"","title":"\u3010\u4fee\u4f8b\u98a8\u6ce2\u3011\u4f55\u541b\u582f\u767c\u8a00\u6d89\u6b67\u8996 \u5e73\u6a5f\u6703\u653630\u5b97\u67e5\u8a62","content":"","section":"1","cat":"1","publish_datetime":"2019-10-16 09:55:00","vdo":{"cover_path":"","headline":"","id":"","video_path":""},"imgs":[{"path":"20191016\/_2019101610573885934_370.jpg","isCover":1}],"writer":{"columnTitle":"","columnistID":"","trait":"","writer":""},"layout":"1","share_link":""},{"id":"1114963","newsID":"","title":"\u64ec\u53bb\u51fd\u5f8b\u653f\u53f8\u63d0\u670d\u5211\u8981\u6c42 \u4f55\u541b\u582f\uff1a\u9673\u6dd1\u838a\u8166\u888b\u795e\u901f\u5730\u5eb7\u5fa9","content":"","section":"1","cat":"1","publish_datetime":"2019-10-16 19:30:00","vdo":{"cover_path":"","headline":"","id":"","video_path":""},"imgs":[{"path":"20191016\/_2019101619315072324_370.jpg","isCover":1}],"writer":{"columnTitle":"","columnistID":"","trait":"","writer":""},"layout":"1","share_link":""},{"id":"1121131","newsID":"","title":"\u7a31\u547c\u4e2d\u5927\u751f\u70ba\u300c\u66f1\u7534\u300d \u4f55\u541b\u582f\uff1a\u4ee5\u70baIS\u9077\u81f3\u4e2d\u5927\u767e\u842c\u5927\u9053","content":"","section":"1","cat":"1","publish_datetime":"2019-10-24 21:17:00","vdo":{"cover_path":"","headline":"","id":"","video_path":""},"imgs":[{"path":"20191024\/_2019102421180523803_370.jpg","isCover":1}],"writer":{"columnTitle":"","columnistID":"","trait":"","writer":""},"layout":"1","share_link":""},{"id":"1121989","newsID":"","title":"\u3010\u5340\u6703\u9078\u8209\u3011\u5c0d\u6230\u4f55\u541b\u582f \u76e7\u4fca\u5b87\u6536\u6050\u5687\u96fb\u8a71","content":"","section":"1","cat":"1","publish_datetime":"2019-10-25 19:13:00","vdo":{"cover_path":"","headline":"","id":"","video_path":""},"imgs":[{"path":"20191025\/_2019102519135945303_370.jpg","isCover":1}],"writer":{"columnTitle":"","columnistID":"","trait":"","writer":""},"layout":"1","share_link":""},{"id":"1123762","newsID":"","title":"\u6797\u5353\u5ef7\u767c\u5f8b\u5e2b\u4fe1 \u6307\u4f55\u541b\u582f\u8ab9\u8b17","content":"","section":"1","cat":"1","publish_datetime":"2019-10-28 23:11:00","vdo":{"cover_path":"","headline":"","id":"","video_path":""},"imgs":[{"path":"20191028\/_2019102823332338835_370.jpg","isCover":1}],"writer":{"columnTitle":"","columnistID":"","trait":"","writer":""},"layout":"1","share_link":""},{"id":"1123774","newsID":"","title":"\u3010\u4fee\u4f8b\u98a8\u6ce2\u3011\u767c\u8868\u300c\u6d0b\u8178\u8ad6\u300d\u540c\u300c\u66f1\u7534\u8ad6\u300d \u4f55\u541b\u582f\u906d\u6bcd\u6821\u892b\u596a\u540d\u8b7d\u535a\u58eb\u5b78\u4f4d","content":"","section":"1","cat":"1","publish_datetime":"2019-10-29 07:06:00","vdo":{"cover_path":"","headline":"","id":"","video_path":""},"imgs":[{"path":"20191029\/_2019102907082296594_370.jpg","isCover":1}],"writer":{"columnTitle":"","columnistID":"","trait":"","writer":""},"layout":"1","share_link":""},{"id":"1123996","newsID":"","title":"\u88ab\u6bcd\u6821\u892b\u596a\u540d\u8b7d\u6cd5\u5b78\u535a\u58eb\u5b78\u4f4d \u4f55\u541b\u582f\uff1a\u70ba\u82f1\u570b\u4eba\u611f\u53ef\u60dc","content":"","section":"1","cat":"1","publish_datetime":"2019-10-29 11:48:00","vdo":{"cover_path":"","headline":"","id":"","video_path":""},"imgs":[{"path":"20191029\/_2019102913354764389_370.jpg","isCover":1}],"writer":{"columnTitle":"","columnistID":"","trait":"","writer":""},"layout":"1","share_link":""},{"id":"1124011","newsID":"","title":"\u4f55\u541b\u582f\u5c6f\u9580\u8fa6\u4e8b\u8655\u906d\u7e31\u706b ","content":"","section":"1","cat":"1","publish_datetime":"2019-10-29 12:03:00","vdo":{"cover_path":"","headline":"","id":"","video_path":""},"imgs":[{"path":"20191029\/_2019102913463984686_370.jpg","isCover":1}],"writer":{"columnTitle":"","columnistID":"","trait":"","writer":""},"layout":"1","share_link":""},{"id":"1124497","newsID":"","title":"\u3010\u4fee\u4f8b\u98a8\u6ce2\u3011\u4f55\u541b\u582f\u65a5\u82f1\u6bcd\u6821\u892b\u596a\u5b78\u4f4d\u5be6\u6253\u58d3\u81ea\u7531 \u82f1\u7f8e\u300c\u7aae\u5716\u5315\u73fe\u300d","content":"","section":"1","cat":"1","publish_datetime":"2019-10-29 18:29:00","vdo":{"cover_path":"","headline":"","id":"","video_path":""},"imgs":[{"path":"20191029\/_2019102918415925462_370.jpg","isCover":1}],"writer":{"columnTitle":"","columnistID":"","trait":"","writer":""},"layout":"1","share_link":""},{"id":"1124629","newsID":"","title":"\u3010Kelly Online\u3011\u80e1\u932b\u9032\u5efa\u8b70\u5167\u5730\u5927\u5b78\u6388\u4f55\u541b\u582f\u540d\u8b7d\u535a\u58eb","content":"","section":"1","cat":"1","publish_datetime":"2019-10-29 22:04:00","vdo":{"cover_path":"","headline":"","id":"","video_path":""},"imgs":[{"path":"20191029\/_2019102922060814012_370.jpg","isCover":1}],"writer":{"columnTitle":"","columnistID":"","trait":"","writer":""},"layout":"1","share_link":""}],"relevant_news":[],"topic":[],"share_link":"http:\/\/hd.stheadline.com\/news\/realtime\/hk\/1626783"}