{"id":"1126825","newsID":"","title":"\u8343\u7063\u529b\u751f\u5ee3\u5834\u624b\u6a5f\u8216\u88ab\u300c\u8001\u7206\u300d \u5931\u593e\u842c\u53ca\u591a\u90e8\u624b\u6a5f","content":["\u8343\u7063\u9752\u5c71\u516c\u8def\u529b\u751f\u5ee3\u5834\u5730\u4e0b\u4e00\u9593\u624b\u63d0\u96fb\u8a71\u96f6\u4ef6\u8216\uff0c\u65e9\u4e0a9\u6642\u8a31\uff0c\u8b66\u65b9\u63a5\u7372\u4e00\u540d\u5e97\u8216\u8ca0\u8cac\u4eba\u5831\u6848\uff0c\u6307\u4eca\u65e9\u8fd4\u56de\u5e97\u5167\uff0c\u767c\u73fe\u593e\u842c\u4e0d\u7ffc\u800c\u98db\uff0c\u6578\u90e8\u4e8c\u624b\u624b\u63d0\u96fb\u8a71\u9673\u5217\u54c1\u4ea6\u4e0d\u898b\u4e86\uff0c\u61f7\u7591\u906d\u7206\u7aca\u3002\u8b66\u65b9\u5230\u5834\u8abf\u67e5\uff0c\u003Cbr \/\u003E\u003Cbr \/\u003E\u64da\u8ca0\u8cac\u4eba\u7a31\uff0c\u4ed6\u5df2\u7528\u73bb\u7483\u81a0\u56fa\u5b9a\u593e\u842c\uff0c\u60df\u4ea6\u906d\u5077\u8d70\uff0c\u5167\u88e1\u6709\u6578\u767e\u5143\u73fe\u91d1\u53ca7\u81f38\u90e8\u5ba2\u4eba\u5f85\u4fee\u7684\u624b\u6a5f\uff0c\u53e6\u98fe\u6ac3\u5167\u7684\u6578\u90e8\u9673\u5217\u624b\u6a5f\u4ea6\u88ab\u5077\uff0c\u5168\u90e8\u7e3d\u503c\u7d041.7\u842c\u5143\u3002\u003Cbr \/\u003E\u003Cbr \/\u003E\u8ca0\u8cac\u4eba\u53c8\u6307\uff0c\u5e97\u8216\u958b\u696d20\u5e74\u4f86\u66fe\u9047\u904e2\u6b21\u7206\u7aca\uff0c\u4eca\u6b21\u662f\u7b2c3\u6b21\u3002\u4ed6\u53c8\u900f\u9732\u8fd1\u4f86\u5546\u5834\u4eba\u6d41\u5c11\u751f\u610f\u5dee\uff0c\u6709\u610f\u7d50\u696d\u3002","",""],"section":"1","cat":"1","publish_datetime":"2019-11-01 12:36:00","vdo":{"cover_path":"","headline":"","id":"","video_path":""},"vid":{"cover_path":"","headline":"","id":"","video_path":""},"imgs":[{"path":"20191101\/_2019110112403378344_600.jpg","caption":"\u8343\u7063\u9752\u5c71\u516c\u8def\u529b\u751f\u5ee3\u5834\u3002 \u8cc7\u6599\u5716\u7247","isCover":0}],"writer":{"columnTitle":"","columnistID":"","trait":"","writer":""},"layout":"4","keyword":["\u7206\u7aca"],"related_news":[{"id":"1118833","newsID":"","title":"\u64ac\u6bc1\u9580\u9396\u6f5b\u5165 \u8cca\u63a0\u897f\u71df\u76e4\u9910\u5ef3\u6578\u5343\u5143","content":"","section":"1","cat":"1","publish_datetime":"2019-10-22 11:02:00","vdo":{"cover_path":"","headline":"","id":"","video_path":""},"imgs":[{"path":"20191022\/_2019102211053151769_370.jpg","isCover":1},{"path":"20191022\/_2019102211053242858_370.jpg","isCover":0},{"path":"20191022\/_2019102211053282939_370.jpg","isCover":0}],"writer":{"columnTitle":"","columnistID":"","trait":"","writer":""},"layout":"1","share_link":""},{"id":"1121272","newsID":"","title":"\u6df1\u6c34\u57d7\u81ea\u52a9\u6d17\u8863\u5e97\u7b2c\u4e8c\u5ea6\u9047\u7aca \u8cca\u4eba\u64ac\u627e\u8d16\u6a5f\u5077\u9322","content":"","section":"1","cat":"1","publish_datetime":"2019-10-25 09:15:00","vdo":{"cover_path":"","headline":"","id":"","video_path":""},"imgs":[{"path":"20191025\/_2019102509164044578_370.jpg","isCover":1},{"path":"20191025\/_2019102509163883864_370.jpg","isCover":0},{"path":"20191025\/_2019102509164016276_370.jpg","isCover":0}],"writer":{"columnTitle":"","columnistID":"","trait":"","writer":""},"layout":"1","share_link":""},{"id":"1121425","newsID":"","title":"\u8cca\u4ed4\u7206\u7aca\u8001\u5b57\u865f\u5e97\u5077\u8fd15\u842c\u5143\u73fe\u91d1 \u6642\u4ee4\u5927\u9598\u87f9\u5168\u90e8\u300c\u5b89\u5168\u300d","content":"","section":"1","cat":"1","publish_datetime":"2019-10-25 11:59:00","vdo":{"cover_path":"","headline":"","id":"","video_path":""},"imgs":[{"path":"20191025\/_2019102512073450199_370.jpg","isCover":1},{"path":"20191025\/_2019102511191078557_370.jpeg","isCover":0},{"path":"20191025\/_2019102511212997121_370.jpeg","isCover":0}],"writer":{"columnTitle":"","columnistID":"","trait":"","writer":""},"layout":"1","share_link":""},{"id":"1122208","newsID":"","title":"\u5169\u8cca\u7206\u9ec3\u5927\u4ed9\u9e75\u6c34\u9d5d\u5e97\u5f8c\u9580\u73bb\u7483 \u6f5b\u5165\u5077\u8d70\u6578\u5343\u5143","content":"","section":"1","cat":"1","publish_datetime":"2019-10-26 11:22:00","vdo":{"cover_path":"","headline":"","id":"","video_path":""},"imgs":[{"path":"20191026\/_2019102611233831532_370.jpg","isCover":1},{"path":"20191026\/_2019102611233971930_370.jpg","isCover":0},{"path":"20191026\/_2019102611234011833_370.jpg","isCover":0}],"writer":{"columnTitle":"","columnistID":"","trait":"","writer":""},"layout":"1","share_link":""},{"id":"1122592","newsID":"","title":"3\u65e53\u5b97 \u8cca\u4eba\u53c8\u7206\u7aca\u81ea\u52a9\u6d17\u8863\u5e97 ","content":"","section":"1","cat":"1","publish_datetime":"2019-10-27 10:08:00","vdo":{"cover_path":"","headline":"","id":"","video_path":""},"imgs":[{"path":"20191027\/_2019102710121832143_370.jpg","isCover":1},{"path":"20191027\/_2019102710121663093_370.jpg","isCover":0},{"path":"20191027\/_2019102710121779884_370.jpg","isCover":0}],"writer":{"columnTitle":"","columnistID":"","trait":"","writer":""},"layout":"1","share_link":""},{"id":"1123087","newsID":"","title":"\u6bc0\u6cb9\u9ebb\u5730\u6642\u88dd\u5e97\u96fb\u9598 \u8cca\u4eba\u6f5b\u5165\u7206\u7aca","content":"","section":"1","cat":"1","publish_datetime":"2019-10-28 08:35:00","vdo":{"cover_path":"","headline":"","id":"","video_path":""},"imgs":[{"path":"20191028\/_2019102808385479808_370.jpg","isCover":1},{"path":"20191028\/_2019102808360431695_370.jpg","isCover":0},{"path":"20191028\/_2019102808360529733_370.jpg","isCover":0}],"writer":{"columnTitle":"","columnistID":"","trait":"","writer":""},"layout":"1","share_link":""},{"id":"1123117","newsID":"","title":"\u5931\u7720\u5e97\u6771\u63d0\u65e9\u63ed\u767c \u6df1\u6c34\u57d7\u593e\u516c\u4ed4\u5e97\u9047\u7aca\u5931\u8ca11\u842c","content":"","section":"1","cat":"1","publish_datetime":"2019-10-28 09:45:00","vdo":{"cover_path":"","headline":"","id":"","video_path":""},"imgs":[{"path":"20191028\/_2019102809452990112_370.jpg","isCover":1}],"writer":{"columnTitle":"","columnistID":"","trait":"","writer":""},"layout":"1","share_link":""},{"id":"1123129","newsID":"","title":"\u5169\u5edf\u5b87\u906d\u9023\u74b0\u7206\u7aca \u5931\u9999\u6cb9\u9322\u53ca\u98f2\u54c1","content":"","section":"1","cat":"1","publish_datetime":"2019-10-28 13:03:00","vdo":{"cover_path":"","headline":"","id":"","video_path":""},"imgs":[{"path":"20191028\/_2019102813042538080_370.jpg","isCover":1},{"path":"20191028\/_2019102812593258448_370.jpeg","isCover":0},{"path":"20191028\/_2019102812592976088_370.jpeg","isCover":0}],"writer":{"columnTitle":"","columnistID":"","trait":"","writer":""},"layout":"1","share_link":""},{"id":"1123852","newsID":"","title":"\u7f8e\u57ce\u82b1\u5712\u4f4f\u6236\u906d\u8cca\u7206 \u5931\u50f9\u503c6\u842c\u624b\u9336","content":"","section":"1","cat":"1","publish_datetime":"2019-10-29 09:30:00","vdo":{"cover_path":"","headline":"","id":"","video_path":""},"imgs":[{"path":"20191029\/_2019102909310584298_370.jpg","isCover":1}],"writer":{"columnTitle":"","columnistID":"","trait":"","writer":""},"layout":"1","share_link":""},{"id":"1124536","newsID":"","title":"\u9577\u6d32\u62d82\u4eba\u6d898\u5b97\u7206\u7aca130\u842c\u5143\u8ca1\u7269 \u8b66\u65b9\uff1a\u793a\u5a01\u81f4\u7f6a\u6848\u98c6\u5347","content":"","section":"1","cat":"1","publish_datetime":"2019-10-29 19:51:00","vdo":{"cover_path":"","headline":"","id":"","video_path":""},"imgs":[{"path":"20191029\/_2019102919515572392_370.jpg","isCover":1},{"path":"20191029\/_2019102919515318025_370.jpg","isCover":0},{"path":"20191029\/_2019102919514915597_370.jpg","isCover":0}],"writer":{"columnTitle":"","columnistID":"","trait":"","writer":""},"layout":"1","share_link":""}],"relevant_news":[],"topic":[],"share_link":"http:\/\/hd.stheadline.com\/news\/realtime\/hk\/1626825"}