{"id":"1133498","newsID":"","title":"\u6e2f\u9435\u5426\u8a8d\u6c99\u7530\u7ad9\u8077\u54e1\u63a8\u8dcc\u5973\u5b50 \u6307\u4e58\u5ba2\u81ea\u884c\u5750\u5730\u4e0a","content":["\u6709\u5831\u9053\u6307\u6c99\u7530\u7ad9\u65e9\u524d\u5728\u95dc\u7ad9\u671f\u9593\uff0c\u6709\u6e2f\u9435\u8077\u54e1\u63a8\u8dcc\u4e00\u540d\u5973\u4e58\u5ba2\uff0c\u6e2f\u9435\u665a\u4e0a\u56de\u61c9\u6307\uff0c\u8eca\u7ad9\u65b9\u9762\u7ffb\u67e5\u904e\u9589\u8def\u96fb\u8996\u7247\u6bb5\uff0c\u986f\u793a\u6574\u500b\u904e\u7a0b\u4e2d\u8077\u54e1\u8207\u8a72\u4e58\u5ba2\u6c92\u6709\u4efb\u4f55\u8eab\u9ad4\u63a5\u89f8\u3002\u003Cbr \/\u003E\u003Cbr \/\u003E\u6e2f\u9435\u6307\uff0c\u6839\u64da\u8a18\u9304\uff0c\u4eca\u65e5\u4e0b\u5348\u5927\u7d042\u664250\u5206\uff0c\u4e00\u540d\u5973\u4e58\u5ba2\u7531A3\u51fa\u5165\u53e3\u9032\u5165\u6c99\u7530\u7ad9\u5ba2\u52d9\u4e2d\u5fc3\u67e5\u8a62\u670d\u52d9\u60c5\u6cc1\uff0c\u7576\u6642\u8077\u54e1\u5411\u5979\u89e3\u91cb\uff0c\u7531\u65bc\u6c99\u7530\u7ad9\u8a2d\u65bd\u88ab\u793a\u5a01\u8005\u7834\u58de\uff0c\u70ba\u4fdd\u969c\u4e58\u5ba2\u53ca\u54e1\u5de5\u5b89\u5168\uff0c\u5217\u8eca\u4e0d\u505c\u6c99\u7530\u7ad9\uff0c\u8eca\u7ad9\u9700\u8981\u81e8\u6642\u95dc\u9589\uff0c\u8a72\u4e58\u5ba2\u7576\u6642\u81ea\u884c\u5750\u5728\u5ba2\u52d9\u4e2d\u5fc3\u5c0d\u958b\u5730\u4e0a\uff0c\u4e0d\u4e45\uff0c\u5979\u96e2\u958b\u5ba2\u52d9\u4e2d\u5fc3\uff0c\u7d93A3\u51fa\u5165\u53e3\u96e2\u958b\u8eca\u7ad9\u53ca\u5750\u5728\u8eca\u7ad9\u5916\u9644\u8fd1\u7684\u5730\u4e0a\u3002\u003Cbr \/\u003E\u003Cbr \/\u003E\u6e2f\u9435\u6307\uff0c\u7a0d\u5f8c\uff0c\u8077\u54e1\u95dc\u9589A3\u51fa\u5165\u53e3\uff0c\u6372\u9598\u7de9\u7de9\u843d\u4e0b\u671f\u9593\uff0c\u8a72\u5973\u4e58\u5ba2\u7a81\u7136\u722c\u8fd1\u4e26\u4f01\u5716\u9032\u5165\u8eca\u7ad9\u3002\u8eca\u7ad9\u8077\u54e1\u5373\u6642\u66ab\u505c\u843d\u9598\uff0c\u8b93\u5979\u9032\u5165\u8eca\u7ad9\u53ca\u5411\u5979\u89e3\u91cb\uff0c\u4e4b\u5f8c\u8077\u54e1\u4ea6\u6253\u958b\u6574\u500b\u6372\u9598\u4e26\u8acb\u5979\u96e2\u958b\u8a72\u7bc4\u570d\u3002\u5927\u7d04\u5e7e\u5206\u9418\u5f8c\uff0c\u8a72\u540d\u4e58\u5ba2\u81ea\u884c\u96e2\u958b\u3002","",""],"section":"1","cat":"1","publish_datetime":"2019-11-10 19:51:00","vdo":{"cover_path":"","headline":"","id":"","video_path":""},"vid":{"cover_path":"","headline":"","id":"","video_path":""},"imgs":[{"path":"20191110\/_2019111020010353274_600.jpg","caption":"\u6c99\u7530\u7ad9\u95dc\u9589\u3002","isCover":0}],"writer":{"columnTitle":"","columnistID":"","trait":"","writer":""},"layout":"4","keyword":["\u6e2f\u9435","\u6c99\u7530\u7ad9"],"related_news":[{"id":"1127839","newsID":"","title":"\u6e2f\u9435\u665a\u4e0a10\u6642\u6536\u8eca \u6a5f\u5834\u5feb\u7dab\u5c46\u6642\u50c5\u4f86\u5f80\u9999\u6e2f\u7ad9\u81f3\u6a5f\u5834\u7ad9","content":"","section":"1","cat":"1","publish_datetime":"2019-11-03 15:34:00","vdo":{"cover_path":"","headline":"","id":"","video_path":""},"imgs":[{"path":"20191103\/_2019110308435275278_370.jpg","isCover":1}],"writer":{"columnTitle":"","columnistID":"","trait":"","writer":""},"layout":"1","share_link":""},{"id":"1128031","newsID":"","title":"\u3010\u4fee\u4f8b\u98a8\u6ce2\u3011\u793a\u5a01\u8005\u7834\u58de\u6c99\u7530\u7ad9 \u9632\u66b4\u8b66\u9032\u65b0\u57ce\u5e02\u5ee3\u5834\u8209\u69cd\u5236\u670d\u591a\u4eba","content":"","section":"1","cat":"1","publish_datetime":"2019-11-03 17:48:00","vdo":{"cover_path":"","headline":"","id":"","video_path":""},"imgs":[{"path":"20191103\/_2019110316303514551_370.jpg","isCover":1},{"path":"20191103\/_2019110316380430850_370.jpg","isCover":0},{"path":"20191103\/_2019110316380578181_370.jpg","isCover":0}],"writer":{"columnTitle":"","columnistID":"","trait":"","writer":""},"layout":"1","share_link":""},{"id":"1128082","newsID":"","title":"\u3010\u4fee\u4f8b\u98a8\u6ce2\u3011\u65b0\u57ce\u5e02\u5ee3\u5834\u6700\u5c113\u4eba\u53d7\u50b7 \u6709\u4eba\u7a31\u906d\u8b66\u68cd\u6bc6\u53ca\u5674\u80e1\u6912","content":"","section":"1","cat":"1","publish_datetime":"2019-11-03 17:24:00","vdo":{"cover_path":"","headline":"","id":"","video_path":""},"imgs":[{"path":"20191103\/_2019110317231839164_370.jpg","isCover":1},{"path":"20191103\/_2019110317100897283_370.jpg","isCover":0},{"path":"20191103\/_2019110317100950617_370.jpg","isCover":0}],"writer":{"columnTitle":"","columnistID":"","trait":"","writer":""},"layout":"1","share_link":""},{"id":"1128247","newsID":"","title":"\u6e2f\u9435\u5404\u7dda\u9664\u6a5f\u9435\u5916\u5468\u4e00\u81f3\u4e94\u665a\u4e0a11\u6642\u534a\u505c\u99db","content":"","section":"1","cat":"1","publish_datetime":"2019-11-03 22:24:00","vdo":{"cover_path":"","headline":"","id":"","video_path":""},"imgs":[{"path":"20191103\/_2019110322283682743_370.jpg","isCover":1}],"writer":{"columnTitle":"","columnistID":"","trait":"","writer":""},"layout":"1","share_link":""},{"id":"1128286","newsID":"","title":"\u6e2f\u9435\u5468\u4e00\u81f3\u5468\u4e94\u665a\u4e0a11\u6642\u534a\u6536\u8eca \u5468\u516d\u65e5\u665a\u4e0a10\u6642\u7d50\u675f\u670d\u52d9","content":"","section":"1","cat":"1","publish_datetime":"2019-11-04 12:30:00","vdo":{"cover_path":"","headline":"","id":"","video_path":""},"imgs":[{"path":"20191104\/_2019110406390867834_370.jpg","isCover":1}],"writer":{"columnTitle":"","columnistID":"","trait":"","writer":""},"layout":"1","share_link":""},{"id":"1130456","newsID":"","title":"\u3010\u4fee\u4f8b\u98a8\u6ce2\u3011\u622a\u81f3\u4e0a\u5468\u4e8c145\u500b\u6e2f\u9435\u8f15\u9435\u7ad9\u53d7\u7834\u58de \u903e45\u516c\u91cc\u6b04\u6746\u88ab\u62c6\u9664","content":"","section":"1","cat":"1","publish_datetime":"2019-11-06 15:57:00","vdo":{"cover_path":"","headline":"","id":"","video_path":""},"imgs":[{"path":"20191106\/_2019110616095121215_370.jpeg","isCover":1},{"path":"20191106\/_2019110616095233476_370.jpg","isCover":0},{"path":"20191106\/_2019110616095345707_370.jpeg","isCover":0}],"writer":{"columnTitle":"","columnistID":"","trait":"","writer":""},"layout":"1","share_link":""},{"id":"1132622","newsID":"","title":"\u3010\u4fee\u4f8b\u98a8\u6ce2\u3011\u7fa4\u773e\u65fa\u89d2\u5835\u8def\u6bc0\u6e2f\u9435\u7ad9\u62c6\u96fb\u8a71\u4ead \u8b66\u8209\u85cd\u3001\u9ed1\u65d7","content":"","section":"1","cat":"1","publish_datetime":"2019-11-08 23:36:00","vdo":{"cover_path":"","headline":"","id":"","video_path":""},"imgs":[{"path":"20191108\/_2019110821562970991_370.jpg","isCover":1},{"path":"20191108\/_2019110821563020959_370.jpeg","isCover":0},{"path":"20191108\/_2019110821581412436_370.jpeg","isCover":0}],"writer":{"columnTitle":"","columnistID":"","trait":"","writer":""},"layout":"1","share_link":""},{"id":"1133057","newsID":"","title":"\u6e2f\u9435\u9664\u6a5f\u9435\u5468\u65e5\u665a\u4e0a10\u6642\u505c\u99db \u8343\u7063\u7ad9\u906d\u6295\u64f2\u6c7d\u6cb9\u5f48\u7e31\u706b","content":"","section":"1","cat":"1","publish_datetime":"2019-11-09 21:27:00","vdo":{"cover_path":"","headline":"","id":"","video_path":""},"imgs":[{"path":"20191109\/_2019110921445013699_370.jpg","isCover":1},{"path":"20191109\/_2019110921361354091_370.jpeg","isCover":0},{"path":"20191109\/_2019110921361525137_370.jpeg","isCover":0}],"writer":{"columnTitle":"","columnistID":"","trait":"","writer":""},"layout":"1","share_link":""},{"id":"1133072","newsID":"","title":"\u6a5f\u9435\u665a\u4e0a\u53ea\u505c\u9999\u6e2f\u7ad9\u53ca\u6a5f\u5834\u7ad9","content":"","section":"1","cat":"1","publish_datetime":"2019-11-09 22:09:00","vdo":{"cover_path":"","headline":"","id":"","video_path":""},"imgs":[{"path":"20191109\/_2019110922152554733_370.jpg","isCover":1}],"writer":{"columnTitle":"","columnistID":"","trait":"","writer":""},"layout":"1","share_link":""},{"id":"1133288","newsID":"","title":"\u6e2f\u9435\u6c99\u7530\u53ca\u99ac\u978d\u5c71\u7ad9\u95dc\u9589\u5217\u8eca\u98db\u7ad9 \u8f15\u9435\u591a\u689d\u7dab\u66ab\u505c","content":"","section":"1","cat":"1","publish_datetime":"2019-11-10 18:38:00","vdo":{"cover_path":"","headline":"","id":"","video_path":""},"imgs":[{"path":"20191110\/_2019111015255621295_370.jpg","isCover":1}],"writer":{"columnTitle":"","columnistID":"","trait":"","writer":""},"layout":"1","share_link":""}],"relevant_news":[],"topic":[],"share_link":"http:\/\/hd.stheadline.com\/news\/realtime\/hk\/1633498"}