{"id":"1133129","newsID":"","title":"\u3010\u5c08\u8a2a\u3011\u528f\u623f\u6236\u4e4f\u652f\u63f4\u5718\u9ad4\u5021\u79df\u6d25\u8cc7\u52a9","content":["\u9ec3\u5973\u58eb\u56e0\u4e00\u5834\u5927\u706b\u5931\u53bb\u6240\u6709\uff0c\u4ee4\u4eba\u95dc\u6ce8\u300cN\u7121\u4eba\u58eb\u300d\u9762\u5c0d\u7684\u56f0\u5883\uff0c\u6709\u95dc\u6ce8\u57fa\u5c64\u4f4f\u5c4b\u7d44\u7e54\u8ca0\u8cac\u4eba\u8868\u793a\uff0c\u528f\u623f\u3001\u677f\u9593\u623f\u4f4f\u6236\u76ee\u524d\u50c5\u80fd\u4f9d\u9760\u4f01\u696d\u53ca\u793e\u6703\u7d44\u7e54\u7684\u652f\u63f4\uff0c\u5efa\u8b70\u7576\u5c40\u63a8\u51fa\u79df\u91d1\u6d25\u8cbc\uff0c\u4e26\u8a2d\u7acb\u79df\u91d1\u7ba1\u5236\u5354\u52a9\u6709\u95dc\u4f4f\u6236\u3002\u003Cbr \/\u003E\u003Cbr \/\u003E\u7279\u9996\u6797\u912d\u6708\u5a25\u4e0a\u6708\u5728\u300a\u65bd\u653f\u5831\u544a\u300b\u4e2d\u63d0\u51fa\uff0c\u6703\u900f\u904e\u73fe\u91d1\u6d25\u8cbc\u70ba\u975e\u516c\u5c4b\u3001\u975e\u7d9c\u63f4\u7684\u4f4e\u6536\u5165\u4f4f\u6236\uff0c\u5305\u62ec\u8f2a\u5019\u516c\u5c4b\u4eba\u58eb\u63d0\u4f9b\u652f\u63f4\uff0c\u6709\u95dc\u7814\u7a76\u660e\u5e74\u5e74\u5e95\u524d\u5b8c\u6210\uff0c\u5176\u9593\u6703\u7531\u95dc\u611b\u57fa\u91d1\u5411\u5408\u8cc7\u683c\u4eba\u58eb\u767c\u653e\u5169\u6b21\u300cN\u7121\u6d25\u8cbc\u300d\u3002\u003Cbr \/\u003E\u003Cbr \/\u003E\u95dc\u6ce8\u57fa\u5c64\u4f4f\u5c4b\u806f\u5e2d\u7d44\u7e54\u5e79\u4e8b\u6731\u8a60\u598d\u5efa\u8b70\uff0c\u61c9\u76e1\u5feb\u63a8\u51fa\u79df\u91d1\u6d25\u8cbc\uff0c\u76f4\u63a5\u5e6b\u52a9\u528f\u623f\u548c\u677f\u9593\u623f\u4f4f\u6236\uff0c\u82e5\u653f\u5e9c\u64d4\u5fc3\u696d\u4e3b\u4e58\u6a5f\u52a0\u79df\uff0c\u53ef\u91cd\u65b0\u63a8\u51fa\u79df\u91d1\u7ba1\u5236\uff0c\u4ee5\u9650\u5236\u528f\u623f\u79df\u91d1\uff0c\u78ba\u4fdd\u4f4f\u6236\u53d7\u60e0\u3002\u003Cbr \/\u003E\u003Cbr \/\u003E\u6731\u4e5f\u63d0\u5230\uff0c\u5e02\u6c11\u9047\u4e0a\u5929\u707d\u4eba\u798d\u6216\u56e0\u653f\u5e9c\u6e05\u62c6\u884c\u52d5\u5931\u53bb\u5bb6\u5712\u5f8c\uff0c\u6703\u88ab\u5b89\u6392\u81f3\u623f\u5c4b\u7f72\u8f44\u4e0b\u7684\u81e8\u6642\u6536\u5bb9\u4e2d\u5fc3\uff0c\u9808\u65bc\u6536\u5bb9\u4e2d\u5fc3\u5165\u4f4f\u4e09\u500b\u6708\u5f8c\uff0c\u901a\u904e\u300c\u7121\u5bb6\u53ef\u6b78\u300d\u5be9\u67e5\u4e26\u8b49\u660e\u7b26\u5408\u516c\u5c4b\u7533\u8acb\u8cc7\u683c\uff0c\u624d\u53ef\u7533\u8acb\u81f3\u4e2d\u8f49\u623f\u5c4b\uff0c\u60df\u4e2d\u8f49\u5c4b\u6578\u91cf\u4e0d\u8db3\uff0c\u4e14\u5728\u504f\u9060\u5730\u5340\uff0c\u5efa\u8b70\u653f\u5e9c\u8003\u616e\u5c07\u90e8\u5206\u7a7a\u7f6e\u5927\u5ec8\u8f49\u4f5c\u4e2d\u8f49\u5c4b\u3002\u003Cbr \/\u003E\u003Cbr \/\u003E\u539f\u6587\u520a\u65bc\u300a\u661f\u5cf6\u65e5\u5831\u300b","",""],"section":"1","cat":"1","publish_datetime":"2019-11-10 08:42:00","vdo":{"cover_path":"","headline":"","id":"","video_path":""},"vid":{"cover_path":"","headline":"","id":"","video_path":""},"imgs":[{"path":"20191110\/_2019111008430863273_600.jpg","caption":"","isCover":0}],"writer":{"columnTitle":"","columnistID":"","trait":"","writer":""},"layout":"4","keyword":["\u528f\u623f"],"related_news":[{"id":"1090538","newsID":"","title":"\u5718\u9ad4\u4fc3\u8a2d\u528f\u623f\u6236\u80fd\u6e90\u6d25\u8cbc \u7f85\u81f4\u5149\u63a5\u8acb\u9858\u4fe1","content":"","section":"1","cat":"1","publish_datetime":"2019-09-13 12:11:00","vdo":{"cover_path":"","headline":"","id":"","video_path":""},"imgs":[{"path":"20190913\/_2019091312120789231_370.jpg","isCover":1},{"path":"20190913\/_2019091312134424139_370.jpg","isCover":0},{"path":"20190913\/_2019091312134293511_370.jpg","isCover":0}],"writer":{"columnTitle":"","columnistID":"","trait":"","writer":""},"layout":"1","share_link":""},{"id":"1091564","newsID":"","title":"\u653f\u5e9c\u63d0\u9ad8\u528f\u623f\u6236\u6539\u5584\u74b0\u5883\u8cc7\u52a9\u4e0a\u9650 \u6700\u591a1.3\u842c\u5143","content":"","section":"1","cat":"1","publish_datetime":"2019-09-15 10:50:00","vdo":{"cover_path":"","headline":"","id":"","video_path":""},"imgs":[{"path":"20190915\/_2019091510503556175_370.jpg","isCover":1}],"writer":{"columnTitle":"","columnistID":"","trait":"","writer":""},"layout":"1","share_link":""},{"id":"1123405","newsID":"","title":"\u300c\u7165\u5c45\u300d\u8a08\u756b\u52a9\u528f\u623f\u6236 \u534a\u50f9\u642c\u5c4b","content":"","section":"1","cat":"1","publish_datetime":"2019-10-28 15:25:00","vdo":{"cover_path":"","headline":"","id":"","video_path":""},"imgs":[{"path":"20191028\/_2019102815263224073_370.jpg","isCover":1}],"writer":{"columnTitle":"","columnistID":"","trait":"","writer":""},"layout":"1","share_link":""},{"id":"1132094","newsID":"","title":"\u53f0\u4e2d\u5e02\u528f\u623f\u767c\u73fe3\u5c4d \u6bcd\u62b1\u5b56\u4ed4\u88f9\u68c9\u88ab\u4ea1\u7591\u4ed6\u6bba","content":"","section":"1","cat":"3","publish_datetime":"2019-11-08 13:04:00","vdo":{"cover_path":"","headline":"","id":"","video_path":""},"imgs":[{"path":"20191108\/_2019110813055742571_370.jpg","isCover":1}],"writer":{"columnTitle":"","columnistID":"","trait":"","writer":""},"layout":"1","share_link":""}],"relevant_news":[],"topic":[],"share_link":"http:\/\/hd.stheadline.com\/news\/realtime\/hk\/1633129"}