{"id":"1133924","newsID":"","title":"IZ*ONE\u548cX1\u5168\u9762\u505c\u5de5 Mnet\u5805\u7a31\u6c92\u8a0e\u8ad6\u89e3\u6563\u554f\u984c","content":["\u97d3\u570b\u4eba\u6c23\u9078\u79c0\u9a37\u300aProduce 101\u300b\u7cfb\u5217\u88fd\u4f5c\u4eba\u5b89\u4fca\u82f1\u5728\u6d89\u5acc\u64cd\u7e31\u7bc0\u76ee\u6295\u7968\u906d\u8b66\u65b9\u62d8\u7559\u5f8c\uff0c\u627f\u8a8d\u5728\u300aProduce 48\u300b\u548c\u300aProduce X 101\u300b\u5169\u5b63\u7bc0\u76ee\u6392\u540d\u9020\u5047\uff0c\u81f4\u4ee4\u6700\u9019\u5169\u7bc0\u76ee\u7d44\u6210\u51fa\u9053\u7684\u5973\u5718IZ*ONE\u548c\u7537\u5718X1\u88ab\u51a0\u4e0a\u300c\u9020\u5047\u5718\u300d\u6a19\u7c64\u3002\u6709\u97d3\u5a92\u6307\uff0c\u6709\u90e8\u4efd\u6210\u54e1\u7684\u6240\u5c6c\u793e\u5df2\u5728\u8a0e\u8ad6\u89e3\u6563\u4e8b\u5b9c\u3002\u003Cbr \/\u003E\u64da\u97d3\u5a92\u5831\u9053\uff0c\u7576\u4e2d\u5df2\u6709\u90e8\u4efd\u6210\u54e1\u7cbe\u795e\u4e0a\u53d7\u5230\u6975\u5927\u885d\u64ca\uff0c\u6c92\u8fa6\u6cd5\u7e7c\u7e8c\u5718\u9ad4\u6d3b\u52d5\uff0c\u5e0c\u671b\u53ef\u4ee5\u89e3\u6563\u3002IZ*ONE\u65b0\u5c08\u8f2f\u5df2\u5c31\u4e8b\u4ef6\u88ab\u5ef6\u5f8c\uff0cX1\u7d50\u675f\u6628\u65e5\u5728\u6cf0\u570b\u6f14\u51fa\u5f8c\uff0c\u5169\u5718\u5df2\u5168\u9762\u505c\u5de5\uff0c\u4f46\u56e0IZ*ONE\u96e2\u539f\u5b9a\u7d44\u5408\u6d3b\u52d5\u9084\u67095\u500b\u591a\u6708\uff0cX1\u5247\u5c1a\u67094\u5e748\u500b\u591a\u6708\uff0c\u5927\u773e\u90fd\u95dc\u6ce8\u6703\u5426\u5c31\u9019\u6a23\u89e3\u6563\u3002\u003Cbr \/\u003EMnet\u65b9\u9762\u5247\u5805\u7a31\u6c92\u8a0e\u8ad6\u89e3\u6563\u554f\u984c\uff0c\u4e26\u8b02\u6b63\u8207\u5169\u5718\u5546\u8a0e\u4eca\u5f8c\u6d3b\u52d5\u5b89\u6392\uff0c\u4f46\u76ee\u524d\u672a\u6709\u5177\u9ad4\u6c7a\u5b9a\uff0c\u6709\u5f85\u8b66\u65b9\u8abf\u67e5\u7d50\u679c\u51fa\u4f86\u3002","",""],"section":"1","cat":"2","publish_datetime":"2019-11-11 11:42:00","vdo":{"cover_path":"","headline":"","id":"","video_path":""},"vid":{"cover_path":"","headline":"","id":"","video_path":""},"imgs":[{"path":"20191111\/_2019111112363118546_600.jpg","caption":"IZ*ONE\u65b0\u789f\u5ef6\u671f\uff0cX1\u6628\u65e5\u5728\u6cf0\u570b\u5b8c\u9a37\u5f8c\uff0c\u672a\u6709\u5f8c\u7e8c\u6d3b\u52d5\u3002\uff08\u7db2\u5716\uff09","isCover":0},{"path":"20191111\/_2019111112363257697_600.jpg","caption":"IZ*ONE","isCover":0},{"path":"20191111\/_2019111112363335916_600.jpg","caption":"X1","isCover":0}],"writer":{"columnTitle":"","columnistID":"","trait":"","writer":""},"layout":"4","keyword":["IZ*ONE","X1"],"related_news":[{"id":"1072477","newsID":"","title":"\u300aPD X 101\u300b\u6d89\u7968\u6578\u9020\u5047\u906d\u8abf\u67e5 X1\u4e0b\u5468\u5982\u5e38\u51fa\u9053","content":"","section":"1","cat":"2","publish_datetime":"2019-08-20 21:26:00","vdo":{"cover_path":"","headline":"","id":"","video_path":""},"imgs":[{"path":"20190820\/_2019082021264352828_370.jpg","isCover":1},{"path":"20190820\/_2019082021264377414_370.jpg","isCover":0},{"path":"20190820\/_2019082021264425541_370.jpg","isCover":0}],"writer":{"columnTitle":"","columnistID":"","trait":"","writer":""},"layout":"1","share_link":""},{"id":"1103507","newsID":"","title":"\u300aPDX101\u300b\u6d89\u9020\u5047\u8b66\u641c\u85dd\u4eba\u516c\u53f8  X1\u67093\u540d\u6210\u54e1\u5acc\u7591\u6700\u5927","content":"","section":"1","cat":"2","publish_datetime":"2019-10-01 18:11:00","vdo":{"cover_path":"","headline":"","id":"","video_path":""},"imgs":[{"path":"20191001\/_2019100119005135043_370.jpg","isCover":1},{"path":"20191001\/_2019100119005259771_370.jpg","isCover":0},{"path":"20191001\/_2019100119005380294_370.jpg","isCover":0}],"writer":{"columnTitle":"","columnistID":"","trait":"","writer":""},"layout":"1","share_link":""},{"id":"1131263","newsID":"","title":"\u3010\u7db2\u6c11\u597d\u5622\u3011\u300aPRODUCE X 101\u300b\u88fd\u4f5c\u4eba\u627f\u8a8d\u9020\u5047   X1\u884c\u7a0b\u672a\u53d7\u5f71\u97ff","content":"","section":"1","cat":"2","publish_datetime":"2019-11-07 14:28:00","vdo":{"cover_path":"","headline":"","id":"","video_path":""},"imgs":[{"path":"20191107\/_2019110714303053570_370.jpg","isCover":1},{"path":"20191107\/_2019110714303193685_370.jpg","isCover":0},{"path":"20191107\/_2019110714303287837_370.jpg","isCover":0}],"writer":{"columnTitle":"","columnistID":"","trait":"","writer":""},"layout":"1","share_link":""},{"id":"1132196","newsID":"","title":"\u3010\u300aPD101\u300b\u8a8d\u9020\u5047\u3011IZ*ONE\u65b0\u789f\u8a02\u8cfc\u9000\u6b3e\u7d9c\u85dd\u505c\u64ad X1\u6216\u89e3\u6563","content":"","section":"1","cat":"2","publish_datetime":"2019-11-08 13:27:00","vdo":{"cover_path":"","headline":"","id":"","video_path":""},"imgs":[{"path":"20191108\/_2019110814012947656_370.jpg","isCover":1},{"path":"20191108\/_2019110814013056913_370.jpg","isCover":0},{"path":"20191108\/_2019110814013135762_370.jpg","isCover":0}],"writer":{"columnTitle":"","columnistID":"","trait":"","writer":""},"layout":"1","share_link":""}],"relevant_news":[],"topic":[],"share_link":"http:\/\/hd.stheadline.com\/life\/ent\/realtime\/1633924"}