{"id":"1133900","newsID":"","title":"\u3010\u5927\u4e09\u7f77\u3011\u9ec3\u57d4\u3001\u89c0\u5858\u53ca\u99ac\u978d\u5c71\u7ad9\u95dc\u9589 \u8f15\u9435\u591a\u689d\u8def\u7dda\u505c\u99db ","content":["\u6e2f\u9435\u5728\u4e2d\u534812\u6642\u8a31\u8868\u793a\uff0c\u5143\u6717\u7ad9\u91cd\u958b\uff0c\u897f\u9435\u7dab\u5168\u7dab\u9010\u6b65\u56de\u5fa9\u6b63\u5e38\uff0c\u73fe\u6642\u7dad\u63016\u5206\u9418\u4e00\u73ed\u8eca\u3002\u800c\u9ec3\u57d4\u7ad9\u4ea6\u5df2\u91cd\u958b\uff0c\u4e0d\u904e\u56e0\u61c9\u99ac\u978d\u5c71\u7ad9\u53d7\u5230\u653b\u64ca\uff0c\u8eca\u7ad9\u81e8\u6642\u95dc\u9589\uff0c\u5217\u8eca\u4e0d\u505c\u99ac\u978d\u5c71\u7ad9\u3002\u6e2f\u9435\u5176\u5f8c\u5728\u4e0b\u53483\u6642\u8a31\u8868\u793a\uff0c\u7531\u65bc\u9ec3\u57d4\u7ad9\u53d7\u5230\u653b\u64ca\uff0c\u8eca\u7ad9\u81e8\u6642\u95dc\u9589\uff0c\u5217\u8eca\u4e0d\u505c\u9ec3\u57d4\u7ad9\u3002\u003Cbr \/\u003E\u003Cbr \/\u003E\u53e6\u5916\uff0c\u89c0\u5858\u7dab\u73fe\u6642\u7dad\u6301\u9ec3\u57d4\u7ad9\u81f3\u6cb9\u5858\u7ad9\u4f86\u56de\u5217\u8eca\u670d\u52d9\uff0c6\u5206\u9418\u4e00\u73ed\u8eca\uff1b\u897f\u9435\u7dab\u73fe\u6642\u7dad\u6301\u7d05\u78e1\u7ad9\u81f3\u5c6f\u9580\u7ad9\u4f86\u56de\u5217\u8eca\u670d\u52d9\uff0c6\u5206\u9418\u4e00\u73ed\u8eca\u3002\u003Cbr \/\u003E\u003Cbr \/\u003E\u6e2f\u9435\u5728\u4e0b\u53482\u6642\u8868\u793a\uff0c\u7531\u65bc\u6709\u516c\u773e\u6d3b\u52d5\u9032\u884c\u53ca\u8def\u9762\u6709\u969c\u7919\u7269\uff0c\u8f15\u9435\u670d\u52d9\u8abf\u6574\u5982\u4e0b\uff1a\u003Cbr \/\u003E\u8f15\u9435\u8def\u7dab614\u3001615\u3001705\u3001706\u53ca761P\u66ab\u505c\u670d\u52d9\uff1b\u003Cbr \/\u003E\u003Cbr \/\u003E\u8f15\u9435\u8def\u7dab505\u3001507\u53ca614P\u6539\u9053\u884c\u99db\uff0c\u4e0d\u505c\u5e02\u4e2d\u5fc3\u3001\u5b89\u5b9a\u3001\u53cb\u611b\u53ca\u5146\u9e9f\u7ad9\uff1b\u003Cbr \/\u003E\u003Cbr \/\u003E\u8f15\u9435\u8def\u7dab610\u6539\u9053\u884c\u99db\uff0c\u4e0d\u505c\u5858\u574a\u6751\u81f3\u5143\u6717\u7ad9\uff1b\u003Cbr \/\u003E\u003Cbr \/\u003E\u8f15\u9435\u8def\u7dab751\u6539\u9053\u884c\u99db\uff0c\u4e0d\u505c\u5e02\u4e2d\u5fc3\u3001\u5b89\u5b9a\u3001\u53cb\u611b\u7ad9\uff0c\u4ee5\u53ca\u5751\u5c3e\u6751\u81f3\u5929\u9038\u7ad9\u3002\u003Cbr \/\u003E\u003Cbr \/\u003E\u6e2f\u9435\u4e0b\u53482\u664244\u5206\u5ba3\u5e03\uff0c\u56e0\u61c9\u89c0\u5858\u7ad9\u9644\u8fd1\u7684\u7a81\u767c\u60c5\u6cc1\uff0c\u8eca\u7ad9\u81e8\u6642\u95dc\u9589\uff0c\u5217\u8eca\u4e0d\u505c\u89c0\u5858\u7ad9\u3002\u003Cbr \/\u003E\u003Cbr \/\u003E\u6e2f\u9435\u53c8\u5ba3\u5e03\u6046\u5b89\u7ad9\u73fe\u5df2\u91cd\u958b\u003Cbr \/\u003E\u003Cbr \/\u003E\u5efa\u7acb\u6642\u9593 12:20\u003Cbr \/\u003E\u66f4\u65b0\u6642\u9593 15:59","",""],"section":"1","cat":"1","publish_datetime":"2019-11-11 15:59:00","vdo":{"cover_path":"","headline":"","id":"","video_path":""},"vid":{"cover_path":"","headline":"","id":"","video_path":""},"imgs":[{"path":"20191111\/_2019111115193013440_600.jpg","caption":"\u99ac\u978d\u5c71\u7ad9\u95dc\u9589","isCover":0},{"path":"20191111\/_2019111115193122959_600.jpg","caption":"\u99ac\u978d\u5c71\u7ad9\u95dc\u9589","isCover":0},{"path":"20191111\/_2019111112231082316_600.jpg","caption":"\u5143\u6717\u7ad9\u91cd\u958b\u3002","isCover":0}],"writer":{"columnTitle":"","columnistID":"","trait":"","writer":""},"layout":"4","keyword":["\u5927\u4e09\u7f77","\u6e2f\u9435","\u5143\u6717\u7ad9","\u897f\u9435\u7dab"],"related_news":[{"id":"1133984","newsID":"","title":"\u3010\u5927\u4e09\u7f77\u3011\u897f\u7063\u6cb3\u6c38\u9686ATM\u6a5f\u88ab\u6bc0 \u793a\u5a01\u8005\u62c6\u677f\u95d6\u4e2d\u9280\u5206\u884c\u6417\u4e82","content":"","section":"1","cat":"1","publish_datetime":"2019-11-11 14:54:00","vdo":{"cover_path":"","headline":"","id":"","video_path":""},"imgs":[{"path":"20191111\/_2019111113441764501_370.jpg","isCover":1},{"path":"20191111\/_2019111113452030434_370.jpg","isCover":0},{"path":"20191111\/_2019111113452859652_370.jpg","isCover":0}],"writer":{"columnTitle":"","columnistID":"","trait":"","writer":""},"layout":"1","share_link":""},{"id":"1134056","newsID":"","title":"\u793e\u6703\u5c40\u52e2\u4e0d\u7a69 \u6e2f\u80a1\u5348\u5f8c\u6025\u632b\u903e800\u9ede","content":"","section":"1","cat":"1","publish_datetime":"2019-11-11 14:36:00","vdo":{"cover_path":"","headline":"","id":"","video_path":""},"imgs":[{"path":"20191111\/_2019111114375854812_370.jpg","isCover":1}],"writer":{"columnTitle":"","columnistID":"","trait":"","writer":""},"layout":"1","share_link":""},{"id":"1134146","newsID":"","title":"\u3010\u5927\u4e09\u7f77\u3011\u7d05\u68c9\u8def\u53ca\u5927\u6703\u5802\u5a5a\u59fb\u767b\u8a18\u8655\u5df2\u65bc\u4e0b\u53482\u6642\u95dc\u9589","content":"","section":"1","cat":"1","publish_datetime":"2019-11-11 15:11:00","vdo":{"cover_path":"","headline":"","id":"","video_path":""},"imgs":[{"path":"20191111\/_2019111115135098459_370.jpg","isCover":1}],"writer":{"columnTitle":"","columnistID":"","trait":"","writer":""},"layout":"1","share_link":""},{"id":"1134149","newsID":"","title":"\u3010\u5927\u4e09\u7f77\u3011\u897f\u7063\u6cb3\u591a\u6240\u5b78\u6821\u53d6\u6d88\u4eca\u65e5\u6240\u6709\u6d3b\u52d5","content":"","section":"1","cat":"1","publish_datetime":"2019-11-11 15:11:00","vdo":{"cover_path":"","headline":"","id":"","video_path":""},"imgs":[{"path":"20191111\/_2019111115183675497_370.jpg","isCover":1}],"writer":{"columnTitle":"","columnistID":"","trait":"","writer":""},"layout":"1","share_link":""},{"id":"1134152","newsID":"","title":"\u3010\u5927\u4e09\u7f77\u3011\u897f\u7063\u6cb3\u793a\u5a01\u8005\u50be\u5012\u96fb\u6cb9 \u6709\u5e02\u6c11\u88ab\u6f51\u6db2\u9ad4","content":"","section":"1","cat":"1","publish_datetime":"2019-11-11 15:14:00","vdo":{"cover_path":"","headline":"","id":"","video_path":""},"imgs":[{"path":"20191111\/_2019111115181472247_370.jpg","isCover":1}],"writer":{"columnTitle":"","columnistID":"","trait":"","writer":""},"layout":"1","share_link":""},{"id":"1134158","newsID":"","title":"\u3010\u5927\u4e09\u7f77\u3011\u99ac\u6703\u6240\u6709\u6295\u6ce8\u7ad9\u4e0b\u53483\u6642\u63d0\u65e9\u95dc\u9589","content":"","section":"1","cat":"1","publish_datetime":"2019-11-11 15:20:00","vdo":{"cover_path":"","headline":"","id":"","video_path":""},"imgs":[{"path":"20191111\/_2019111115224350278_370.jpg","isCover":1}],"writer":{"columnTitle":"","columnistID":"","trait":"","writer":""},"layout":"1","share_link":""},{"id":"1134188","newsID":"","title":"\u3010\u5927\u4e09\u7f77\u3011\u5fd7\u84ee\u5c0f\u5b78\u53d7\u50ac\u6dda\u5f48\u6ce2\u53ca  \u660e\u65e5\u505c\u6821\u6e05\u6f54\u6821\u5712","content":"","section":"1","cat":"1","publish_datetime":"2019-11-11 15:55:00","vdo":{"cover_path":"","headline":"","id":"","video_path":""},"imgs":[{"path":"20191111\/_2019111115460171545_370.jpeg","isCover":1}],"writer":{"columnTitle":"","columnistID":"","trait":"","writer":""},"layout":"1","share_link":""},{"id":"1134197","newsID":"","title":"\u3010\u5927\u4e09\u7f77\u3011\u8b66\u65fa\u89d2\u51fa\u52d5\u6c34\u70ae\u8eca \u5c04\u6c34\u9a45\u6563\u793a\u5a01\u8005","content":"","section":"1","cat":"1","publish_datetime":"2019-11-11 15:46:00","vdo":{"cover_path":"","headline":"","id":"","video_path":""},"imgs":[{"path":"20191111\/_2019111115572488053_370.jpg","isCover":1}],"writer":{"columnTitle":"","columnistID":"","trait":"","writer":""},"layout":"1","share_link":""},{"id":"1134200","newsID":"","title":"\u3010\u5927\u4e09\u7f77\u3011\u6a5f\u5834\u5feb\u7dab\u665a\u4e0a7\u6642\u8d77\u50c5\u505c\u9999\u6e2f\u7ad9\u6a5f\u5834\u7ad9 \u4e5d\u9f8d\u7ad9\u9810\u8fa6\u767b\u6a5f\u4e0b\u53486\u6642\u66ab\u505c","content":"","section":"1","cat":"1","publish_datetime":"2019-11-11 15:51:00","vdo":{"cover_path":"","headline":"","id":"","video_path":""},"imgs":[{"path":"20191111\/_2019111115542889400_370.jpg","isCover":1}],"writer":{"columnTitle":"","columnistID":"","trait":"","writer":""},"layout":"1","share_link":""},{"id":"1134206","newsID":"","title":"\u3010\u5927\u4e09\u7f77\u3011\u9f8d\u7fd4\u9053\u5169\u5b97\u300c\u79c1\u4e86\u300d \u53f8\u6a5f\u6e05\u8def\u969c\u6371\u6253\u5a66\u4eba\u5f71\u76f8\u9047\u8972","content":"","section":"1","cat":"1","publish_datetime":"2019-11-11 15:51:00","vdo":{"cover_path":"","headline":"","id":"","video_path":""},"imgs":[{"path":"20191111\/_2019111115585711015_370.jpg","isCover":1}],"writer":{"columnTitle":"","columnistID":"","trait":"","writer":""},"layout":"1","share_link":""}],"relevant_news":[],"topic":[],"share_link":"http:\/\/hd.stheadline.com\/news\/realtime\/hk\/1633900"}