{"id":"1133012","newsID":"","title":"\u8b9a\u5f35\u66e6\u96ef\u8a8d\u771f\u52aa\u529b \u5f35\u6587\u6148\u8b1b\u51fa\u91cd\u9ede\uff1a\u5fc3\u5730\u5584\u826f","content":["29\u6b72\u7684\u5f35\u66e6\u96ef\uff08Kelly\uff09\u8fd1\u5e74\u8d70\u52e2\u6108\u898b\u51cc\u53b2\uff0c\u88ab\u5c01\u65b0\u7d25\u5973\u795e\u7684\u5979\u66f4\u7372\u5b89\u6392\u5168\u9762\u53d6\u4ee3\u7591\u56e0\u653f\u6cbb\u7acb\u5834\u906d\u5c01\u6bba\u7684\u674e\u4f73\u82af\u3002\u003Cbr \/\u003EKelly\u9664\u4e86\u6a23\u975a\u8eab\u6750\u6b63\uff0c\u4ef2\u597d\u7aa9\u5fc3\u3002\u5f35\u6587\u6148\uff08Pinky\uff09\u8207Kelly\u525b\u62cd\u7562\u65b0\u5287\u300a\u6728\u68d8\u8a3c\u4eba\u300b\uff0cPinky\u5728\u793e\u4ea4\u7db2\u8cbc\u4e0a\u4e8c\u4eba\u982d\u8cbc\u982d\u5408\u7167\uff0c\u7559\u8a00\uff1a\u300c\u8b1d\u8b1d\u4f60\u8a18\u5f97\u6211\u8aaa\u904e\u4f60\u7684\u6c34\u58fa\u597d\u975a\uff0c\u4f60\u771f\u7684\u8a18\u4f4f\u4e86\u9084\u9001\u7ed9\u6211\uff01thx dear \ud83d\ude18you so sweet \u8ddf\u4f60\u5408\u4f5c\u771f\u7684\u597d\u958b\u5fc3\uff01\u6368\u4e0d\u5f97\u4f60\uff01#\u5f35\u66e6\u96ef by the way \u898b\u5230\u4f60\u6bd4\u300a\u8df3\u8e8d\u751f\u547d\u7dda\u300b\uff0c\u771f\u7684\u9032\u6b65\u795e\u901f\uff01\u6536\u653e\u81ea\u5982\uff01\u975e\u5e38\u8a8d\u771f\u52aa\u529b\uff01\u53fb\u53fb\u8c6c\ud83d\ude0a\ud83d\udc4d\ud83c\udffb\u91cd\u9ede\u662f\u5fc3\u5730\u597d\u5584\u826f\u2764\ufe0f\u300d\u3002","\u4e8c\u4eba\u90fd\u6709\u4efd\u6f14\u51fa\u5728\u6b63\u64ad\u653e\u7684\u300a\u89e3\u6c7a\u5e2b\u300b\u4f46\u6c92\u540c\u5834\u6232\u4efd\uff0c\u4e0d\u904e\u5728\u300a\u8df3\u8e8d\u751f\u547d\u7dda\u300b\u4e2d\uff0c\u4e8c\u4eba\u66fe\u5728\u540c\u4e00\u5c4b\u7c37\u4e0b\u3002",""],"section":"1","cat":"2","publish_datetime":"2019-11-09 19:03:00","vdo":{"cover_path":"","headline":"","id":"","video_path":""},"vid":{"cover_path":"","headline":"","id":"","video_path":""},"imgs":[{"path":"20191109\/_2019110919315445971_600.jpg","caption":"\u5f35\u6587\u6148\u5c0d\u5f35\u66e6\u96ef\u6709\u8b9a\u5187\u5f48\u3002\uff08ig\u5716\u7247\uff09","isCover":0},{"path":"20191109\/_2019110919315555268_600.jpg","caption":"\u5f35\u6587\u6148\u6652\u5f35\u66e6\u96ef\u9001\u7684\u6c34\u58fc\u3002\uff08ig\u5716\u7247\uff09","isCover":0},{"path":"20191109\/_2019110919315636136_600.jpg","caption":"ig\u5716\u7247","isCover":0},{"path":"20191109\/_2019110919315840319_600.jpg","caption":"\u300a\u6728\u68d8\u8a3c\u4eba\u300b\u6536\u5de5\u98ef\u3002\uff08ig\u5716\u7247\uff09","isCover":0}],"writer":{"columnTitle":"","columnistID":"","trait":"","writer":""},"layout":"4","keyword":["\u5f35\u6587\u6148","\u5f35\u66e6\u96ef"],"related_news":[{"id":"1069628","newsID":"","title":"\u5f35\u66e6\u96ef\u81ea\u8a8d\u5927\u81bd \u7206\u7f85\u5929\u5b87\u540c\u7345\u5b50\u5f71\u76f8\u9a5a\u5230\u786c\u6652","content":"","section":"1","cat":"2","publish_datetime":"2019-08-16 17:16:00","vdo":{"cover_path":"","headline":"","id":"","video_path":""},"imgs":[{"path":"20190816\/_2019081617390254308_370.jpg","isCover":1},{"path":"20190816\/_2019081617390278171_370.jpg","isCover":0},{"path":"20190816\/_2019081617390328335_370.jpg","isCover":0}],"writer":{"columnTitle":"","columnistID":"","trait":"","writer":""},"layout":"1","share_link":""},{"id":"1111045","newsID":"","title":"\u7f85\u4ef2\u8b19\u8b9a\u6f14\u5f97\u653e\u6c92\u5305\u88b1 \u5f35\u66e6\u96ef\u6182\u5973\u795e\u5f62\u8c61\u5e7b\u6ec5","content":"","section":"1","cat":"2","publish_datetime":"2019-10-11 18:23:00","vdo":{"cover_path":"","headline":"","id":"","video_path":""},"imgs":[{"path":"20191011\/_2019101118265230129_370.jpg","isCover":1},{"path":"20191011\/_2019101118265346749_370.jpg","isCover":0},{"path":"20191011\/_2019101118265416588_370.jpg","isCover":0}],"writer":{"columnTitle":"","columnistID":"","trait":"","writer":""},"layout":"1","share_link":""},{"id":"1111483","newsID":"","title":"\u300a\u91d1\u5bb5\u300b\u62cd\u7e8c\u96c6 \u5f35\u66e6\u96ef\u7a31\u8a13\u7df4\u6709\u7d20\u81ea\u85a6\u505a\u55aa\u5c4d","content":"","section":"1","cat":"2","publish_datetime":"2019-10-12 17:08:00","vdo":{"cover_path":"","headline":"","id":"","video_path":""},"imgs":[{"path":"20191012\/_2019101217120380546_370.jpg","isCover":1},{"path":"20191012\/_2019101217120469746_370.jpg","isCover":0},{"path":"20191012\/_2019101217120598314_370.jpg","isCover":0}],"writer":{"columnTitle":"","columnistID":"","trait":"","writer":""},"layout":"1","share_link":""},{"id":"1111798","newsID":"","title":"\u9023\u6436\u5287\u96c6\u53ca\u5ee3\u544a \u5f35\u66e6\u96ef\u53d6\u4ee3\u674e\u4f73\u82af\u5750\u6b63\u505a\u4e00\u59d0 ","content":"","section":"1","cat":"2","publish_datetime":"2019-10-13 13:16:00","vdo":{"cover_path":"","headline":"","id":"","video_path":""},"imgs":[{"path":"20191013\/_2019101313431321311_370.jpg","isCover":1},{"path":"20191013\/_2019101313431489911_370.jpg","isCover":0},{"path":"20191013\/_2019101313431537695_370.jpg","isCover":0}],"writer":{"columnTitle":"","columnistID":"","trait":"","writer":""},"layout":"1","share_link":""},{"id":"1126102","newsID":"","title":"\u3010\u982d\u689d\u7368\u5bb6\u3011 \u7537\u4ed4\u982d\u5514\u6015\u58de\u300c\u5973\u795e\u300d\u5f62\u8c61  \u5f35\u66e6\u96ef\uff1a\u611b\u5c31\u611b\u6211\u5168\u90e8 ","content":"","section":"1","cat":"2","publish_datetime":"2019-10-31 17:00:00","vdo":{"cover_path":"","headline":"","id":"","video_path":""},"imgs":[{"path":"20191031\/_2019103115434644797_370.jpg","isCover":1},{"path":"20191031\/_2019103115434869462_370.jpg","isCover":0},{"path":"20191031\/_2019103115435198407_370.jpg","isCover":0}],"writer":{"columnTitle":"","columnistID":"","trait":"","writer":""},"layout":"1","share_link":""},{"id":"1128091","newsID":"","title":"\u859b\u5609\u9e9f\u5c0a\u91cd\u592a\u592a\u6c7a\u5b9a \u8af8\u845b\u7d2b\u5c90\u672a\u5c01\u809a\u60f3\u8ffd\u5973","content":"","section":"1","cat":"2","publish_datetime":"2019-11-03 17:22:00","vdo":{"cover_path":"","headline":"","id":"","video_path":""},"imgs":[{"path":"20191103\/_2019110317255497522_370.jpg","isCover":1},{"path":"20191103\/_2019110317255613565_370.jpg","isCover":0},{"path":"20191103\/_2019110317260068046_370.jpg","isCover":0}],"writer":{"columnTitle":"","columnistID":"","trait":"","writer":""},"layout":"1","share_link":""}],"relevant_news":[],"topic":[],"share_link":"http:\/\/hd.stheadline.com\/life\/ent\/realtime\/1633012"}