{"id":"1122619","newsID":"","title":"\u3010\u4fee\u4f8b\u98a8\u6ce2\u3011\u793a\u5a01\u8005\u5143\u6717\u5835\u8def \u8b66\u51cc\u6668\u518d\u653e\u50ac\u6dda\u5f48\u9a45\u6563","content":["\u7db2\u6c11\u767c\u8d77\u6628\u665a\u5728\u5143\u6717\u96c6\u6703\u585e\u7206\u5927\u99ac\u8def\uff0c\u8072\u7de9\u53cd\u5c0d\u4fee\u8a02\u300a\u9003\u72af\u689d\u4f8b\u300b\u793a\u5a01\u4e2d\u7684\u88ab\u6355\u4eba\u58eb\u3002\u8b66\u65b9\u7e7c\u6628\u665a\u6df1\u591c\u5169\u5ea6\u65bd\u653e\u50ac\u6dda\u5f48\u9a45\u6563\u5f8c\uff0c\u4eca\u65e5\u51cc\u6668\u518d\u5ea6\u767c\u5c04\u50ac\u6dda\u5f48\u3002\u003Cbr \/\u003E\u003Cbr \/\u003E\u6628\u665a10\u6642\uff0c\u5927\u6279\u793a\u5a01\u8005\u6e67\u51fa\u99ac\u8def\uff0c\u53c8\u5c07\u96ea\u7cd5\u7b52\u653e\u5728\u8def\u4e2d\uff0c\u8b66\u65b9\u8209\u85cd\u65d7\u548c\u9ed1\u65d7\u8b66\u544a\u3002\u5230\u6df1\u591c11\u6642\uff0c\u6578\u767e\u4eba\u5728\u5927\u99ac\u8def\u4e00\u5e36\u805a\u96c6\uff0c\u9632\u66b4\u8b66\u5feb\u901f\u63a8\u9032\uff0c\u4e26\u5169\u5ea6\u65bd\u653e\u50ac\u6dda\u5f48\u9a45\u6563\u3002\u003Cbr \/\u003E\u003Cbr \/\u003E\u81f3\u4eca\u65e5\u51cc\u6668\u96f6\u6642\uff0c\u4ecd\u6709\u767e\u591a\u4eba\u5728\u99ac\u8def\u4e0a\u975c\u5750\u3002\u9632\u66b4\u8b66\u5728\u5927\u99ac\u8def\u8fd1\u5927\u68e0\u8def\u4e00\u5e36\u547c\u7c72\u793a\u5a01\u8005\u96e2\u958b\uff0c\u671f\u9593\u4e00\u5ea6\u8209\u8d77\u9ed1\u65d7\u8b66\u544a\u65bd\u653e\u50ac\u6dda\u7159\u3002\u003Cbr \/\u003E\u003Cbr \/\u003E\u5230\u51cc\u66681\u6642\u53f3\u5de6\uff0c\u8b66\u65b9\u5206\u5225\u5728\u5143\u6717\u5927\u99ac\u8def\u3001\u5eb7\u6a02\u8def\u4e00\u5e36\u5236\u670d\u591a\u4eba\u5f8c\uff0c\u5728\u5927\u99ac\u8def\u518d\u767c\u5c04\u4e00\u8f2a\u50ac\u6dda\u5f48\u9a45\u6563\u5f8c\u9000\u56de\u8b66\u7f72\u3002","",""],"section":"1","cat":"1","publish_datetime":"2019-10-27 09:05:00","vdo":{"cover_path":"","headline":"","id":"","video_path":""},"vid":{"cover_path":"","headline":"","id":"","video_path":""},"imgs":[{"path":"20191027\/_2019102711143461048_600.jpg","caption":"\u9632\u66b4\u8b66\u547c\u7c72\u793a\u5a01\u8005\u96e2\u958b\u3002","isCover":0}],"writer":{"columnTitle":"","columnistID":"","trait":"","writer":""},"layout":"4","keyword":["\u4fee\u4f8b\u98a8\u6ce2"],"related_news":[{"id":"1122262","newsID":"","title":"\u3010\u4fee\u4f8b\u98a8\u6ce2\u3011\u7db2\u6c11\u767c\u8d77\u300c\u7206\u8cb7\u9ec3\u5e97\u65e5\u300d \u7d05\u78e1\u9f8d\u9580\u51b0\u5ba4\u5916\u6392\u9577\u9f8d","content":"","section":"1","cat":"1","publish_datetime":"2019-10-26 13:27:00","vdo":{"cover_path":"","headline":"","id":"","video_path":""},"imgs":[{"path":"20191026\/_2019102614032560243_370.jpg","isCover":1},{"path":"20191026\/_2019102614043675778_370.jpg","isCover":0},{"path":"20191026\/_2019102614043531579_370.jpg","isCover":0}],"writer":{"columnTitle":"","columnistID":"","trait":"","writer":""},"layout":"1","share_link":""},{"id":"1122274","newsID":"","title":"\u3010\u4fee\u4f8b\u98a8\u6ce2\u3011\u8521\u82f1\u6587\u4fc3\u6e2f\u5e9c\u76e1\u5feb\u628a\u9673\u540c\u4f73\u8207\u4e8b\u8b49\u4ea4\u53f0","content":"","section":"1","cat":"1","publish_datetime":"2019-10-26 14:12:00","vdo":{"cover_path":"","headline":"","id":"","video_path":""},"imgs":[{"path":"20191026\/_2019102614123569380_370.jpg","isCover":1}],"writer":{"columnTitle":"","columnistID":"","trait":"","writer":""},"layout":"1","share_link":""},{"id":"1122283","newsID":"","title":"\u3010\u4fee\u4f8b\u98a8\u6ce2\u3011\u65a5\u6e2f\u5e9c\u614b\u5ea6\u5e38\u8b8a \u8607\u8c9e\u660c\u8868\u660e\u9673\u540c\u4f73\u62b5\u53f0\u7acb\u5373\u902e\u6355","content":"","section":"1","cat":"1","publish_datetime":"2019-10-26 14:34:00","vdo":{"cover_path":"","headline":"","id":"","video_path":""},"imgs":[{"path":"20191026\/_2019102614344289421_370.jpg","isCover":1}],"writer":{"columnTitle":"","columnistID":"","trait":"","writer":""},"layout":"1","share_link":""},{"id":"1122295","newsID":"","title":"\u3010\u4fee\u4f8b\u98a8\u6ce2\u3011\u906e\u6253\u82b1\u5712\u7948\u79b1\u6703 \u590f\u5fd7\u8aa0\u7c72\u8857\u982d\u6297\u722d\u8b8a\u9078\u7968","content":"","section":"1","cat":"1","publish_datetime":"2019-10-26 15:56:00","vdo":{"cover_path":"","headline":"","id":"","video_path":""},"imgs":[{"path":"20191026\/_2019102615244119916_370.jpg","isCover":1}],"writer":{"columnTitle":"","columnistID":"","trait":"","writer":""},"layout":"1","share_link":""},{"id":"1122313","newsID":"","title":"\u3010\u4fee\u4f8b\u98a8\u6ce2\u3011\u793a\u5a01\u8005\u65b0\u57ce\u5e02\u5ee3\u5834\u5c55\u756b\u4f5c \u559c\u8336\u4e2d\u9280\u7e8c\u570d\u677f","content":"","section":"1","cat":"1","publish_datetime":"2019-10-26 16:07:00","vdo":{"cover_path":"","headline":"","id":"","video_path":""},"imgs":[{"path":"20191026\/_2019102615301740020_370.jpg","isCover":1}],"writer":{"columnTitle":"","columnistID":"","trait":"","writer":""},"layout":"1","share_link":""},{"id":"1122334","newsID":"","title":"\u3010\u4fee\u4f8b\u98a8\u6ce2\u3011\u99f1\u61c9\u6de6\uff1a\u554f\u984c\u7665\u7d50\u5728\u51a5\u9811\u653f\u5e9c \u7368\u7acb\u8abf\u67e5\u662f\u91cd\u4e2d\u4e4b\u91cd","content":"","section":"1","cat":"1","publish_datetime":"2019-10-26 15:58:00","vdo":{"cover_path":"","headline":"","id":"","video_path":""},"imgs":[{"path":"20191026\/_2019102616001066396_370.jpg","isCover":1}],"writer":{"columnTitle":"","columnistID":"","trait":"","writer":""},"layout":"1","share_link":""},{"id":"1122451","newsID":"","title":"\u3010\u4fee\u4f8b\u98a8\u6ce2\u3011\u6e6f\u6f22\u7c72\u653f\u5e9c\u8046\u807d\u5e02\u6c11\u5fc3\u8072 \u57f7\u6cd5\u8005\u4ee5\u826f\u77e5\u57f7\u6cd5","content":"","section":"1","cat":"1","publish_datetime":"2019-10-26 20:00:00","vdo":{"cover_path":"","headline":"","id":"","video_path":""},"imgs":[{"path":"20191026\/_2019102620011996085_370.jpg","isCover":1}],"writer":{"columnTitle":"","columnistID":"","trait":"","writer":""},"layout":"1","share_link":""},{"id":"1122544","newsID":"","title":"\u3010\u4fee\u4f8b\u98a8\u6ce2\u3011\u7591\u558a\u300c\u8b66\u5bdf\u52a0\u6cb9\u300d \u6e2f\u8db3\u524d\u9580\u5c07\u6881\u5353\u9577\u5143\u6717\u9047\u8972\u5169\u7537\u88ab\u6355","content":"","section":"1","cat":"1","publish_datetime":"2019-10-27 08:27:00","vdo":{"cover_path":"","headline":"","id":"","video_path":""},"imgs":[{"path":"20191027\/_2019102708300053952_370.jpg","isCover":1},{"path":"20191027\/_2019102708311117586_370.jpg","isCover":0},{"path":"20191027\/_2019102708360574366_370.jpg","isCover":0}],"writer":{"columnTitle":"","columnistID":"","trait":"","writer":""},"layout":"1","share_link":""},{"id":"1122559","newsID":"","title":"\u3010\u4fee\u4f8b\u98a8\u6ce2\u3011\u53f0\u6307\u6e2f\u8b66\u300cLine\u300d\u806f\u7e6b \u6e9d\u901a\u9673\u540c\u4f73\u81ea\u9996\u5b89\u6392","content":"","section":"1","cat":"1","publish_datetime":"2019-10-27 08:59:00","vdo":{"cover_path":"","headline":"","id":"","video_path":""},"imgs":[{"path":"20191027\/_2019102709023981474_370.jpg","isCover":1}],"writer":{"columnTitle":"","columnistID":"","trait":"","writer":""},"layout":"1","share_link":""},{"id":"1122562","newsID":"","title":"\u3010\u4fee\u4f8b\u98a8\u6ce2\u3011\u300a\u4eba\u6c11\u65e5\u5831\u300b\uff1a\u897f\u65b9\u7d55\u975e\u6e2f\u300c\u6551\u4e16\u4e3b\u300d","content":"","section":"1","cat":"1","publish_datetime":"2019-10-27 09:03:00","vdo":{"cover_path":"","headline":"","id":"","video_path":""},"imgs":[{"path":"20191027\/_2019102709053211994_370.jpg","isCover":1}],"writer":{"columnTitle":"","columnistID":"","trait":"","writer":""},"layout":"1","share_link":""}],"relevant_news":[],"topic":[],"share_link":"http:\/\/hd.stheadline.com\/news\/realtime\/hk\/1622619"}