{"id":"1122214","newsID":"","title":"\u3010\u5340\u6703\u9078\u8209\u3011\u906d\u7b2c3\u5ea6\u67e5\u554f\u653f\u6cbb\u4e3b\u5f35 \u9ec3\u4e4b\u92d2\u8cea\u7591\u501f\u6545\u62d6\u5ef6","content":["\u5728\u5340\u8b70\u6703\u9078\u8209\u4e2d\uff0c\u53c3\u9078\u5357\u5340\u6d77\u6021\u897f\u9078\u5340\u7684\u9999\u6e2f\u773e\u5fd7\u79d8\u66f8\u9577\u9ec3\u4e4b\u92d2\uff0c\u4eca\u65e9\u5728\u793e\u4ea4\u7db2\u7ad9facebook\u5e33\u6236\u767c\u6587\uff0c\u900f\u9732\u6628\u665a9\u6642\u534a\u5de6\u53f3\u6536\u5230\u9078\u8209\u4e3b\u4efb\u8521\u4eae\u4f86\u4fe1\uff0c\u5f15\u8ff0\u65b0\u805e\u5831\u9053\u67e5\u554f\u5176\u653f\u6cbb\u4e3b\u5f35\uff0c\u8cea\u7591\u505a\u6cd5\u662f\u501f\u6545\u62d6\u5ef6\u3002\u003Cbr \/\u003E\u003Cbr \/\u003E\u4ed6\u6307\u4eca\u6b21\u5df2\u662f\u6709\u95dc\u65b9\u9762\u7684\u7b2c3\u5ea6\u67e5\u554f\uff0c\u4ed6\u96d6\u7136\u8a8d\u70ba\u81ea\u5df1\u65bc\u524d\u5169\u8f2a\u56de\u4fe1\u4e2d\uff0c\u5df2\u6e05\u6670\u56de\u61c9\u9078\u8209\u4e3b\u4efb\u7684\u67e5\u8a62\uff0c\u4f46\u4ecd\u6a02\u610f\u7e7c\u7e8c\u65bc\u56de\u4fe1\u4e2d\u4ea4\u4ee3\u653f\u6cbb\u4e3b\u5f35\u3002\u003Cbr \/\u003E\u003Cbr \/\u003E\u9ec3\u4e4b\u92d2\u7279\u5225\u63d0\u5230\uff0c\u8521\u4eae\u9996\u5ea6\u65bc\u4f86\u4fe1\u4e2d\u5f15\u8ff0\u65b0\u805e\u5831\u9053\uff0c\u63d0\u5230\u67d0\u7bc7\u4ed6\u5728\u53bb\u5e74\u56de\u61c9\u5168\u570b\u4eba\u5927\u5e38\u59d4\u8b5a\u8000\u5b97\u7684\u65b0\u805e\uff0c\u8981\u6c42\u5c31\u8a72\u7bc7\u5831\u9053\u4f5c\u56de\u61c9\u3002\u4ed6\u8cea\u7591\u9019\u505a\u6cd5\u300c\u53ea\u662f\u65b0\u9078\u8209\u4e3b\u4efb\u501f\u6545\u62d6\u5ef6\uff0c\u6839\u672c\u8207\u6e2f\u5e9c\u548c\u5317\u4eac\u672a\u50be\u6382\u6578\uff0c\u8feb\u4e0d\u5f97\u4ee5\u65b9\u8981\u4f7f\u51fa\u7684\u4e0b\u7b56\u3002\u300d\u003Cbr \/\u003E\u003Cbr \/\u003E\u9ec3\u4e4b\u92d2\u53c3\u9078\u5f8c\uff0c\u539f\u672c\u8ca0\u8cac\u6c7a\u5b9a\u5176\u63d0\u540d\u662f\u5426\u6709\u6548\u7684\u5357\u5340\u9078\u8209\u4e3b\u4efb\u5468\u4f69\u82ac\u56e0\u75c5\u4f11\u5047\uff0c\u7531\u6cb9\u5c16\u65fa\u6c11\u653f\u4e8b\u52d9\u5c08\u54e1\u8521\u4eae\u66ab\u6642\u517c\u4efb\u6709\u95dc\u8077\u4f4d\u3002\u003Cbr \/\u003E\u003Cbr \/\u003E\u53c3\u9078\u6d77\u6021\u897f\u7684\u9084\u6709\u65b0\u6c11\u9ee8\u9673\u5bb6\u73ee\uff0c\u53ca\u6c11\u4e3b\u6d3e\u6797\u6d69\u6ce2\uff0c\u5169\u4eba\u5df2\u7372\u78ba\u8a8d\u8cc7\u683c\u3002","",""],"section":"1","cat":"1","publish_datetime":"2019-10-26 11:39:00","vdo":{"cover_path":"","headline":"","id":"","video_path":""},"vid":{"cover_path":"","headline":"","id":"","video_path":""},"imgs":[{"path":"20191026\/_2019102611412881343_600.jpg","caption":"\u9ec3\u4e4b\u92d2\u6307\u4eca\u6b21\u662f\u6709\u95dc\u65b9\u9762\u7684\u7b2c3\u5ea6\u67e5\u554f\u3002\u8cc7\u6599\u5716\u7247\uff08\u5c0f\u5716\u70ba\u9ec3\u4e4b\u92d2fb\u622a\u5716\uff09","isCover":0}],"writer":{"columnTitle":"","columnistID":"","trait":"","writer":""},"layout":"4","keyword":["\u5340\u6703\u9078\u8209","\u5340\u8b70\u6703\u9078\u82092019"],"related_news":[{"id":"1121083","newsID":"","title":"\u3010\u5340\u6703\u9078\u8209\u3011\u5019\u9078\u4eba\u7c21\u4ecb\u6703\u4eca\u665a\u9032\u884c \u4e9e\u535a\u4fdd\u5b89\u68ee\u56b4","content":"","section":"1","cat":"1","publish_datetime":"2019-10-24 19:25:00","vdo":{"cover_path":"","headline":"","id":"","video_path":""},"imgs":[{"path":"20191024\/_2019102419265185959_370.jpg","isCover":1}],"writer":{"columnTitle":"","columnistID":"","trait":"","writer":""},"layout":"1","share_link":""},{"id":"1121092","newsID":"","title":"\u3010\u5340\u6703\u9078\u8209\u3011\u5718\u9ad4\u5411\u6797\u912d\u767c\u4fe1 \u4fc3\u653f\u5e9c\u78ba\u4fdd\u9078\u8209\u516c\u5e73\u516c\u6b63","content":"","section":"1","cat":"1","publish_datetime":"2019-10-24 19:40:00","vdo":{"cover_path":"","headline":"","id":"","video_path":""},"imgs":[{"path":"20191024\/_2019102419414752543_370.jpg","isCover":1}],"writer":{"columnTitle":"","columnistID":"","trait":"","writer":""},"layout":"1","share_link":""},{"id":"1121104","newsID":"","title":"\u3010\u5340\u6703\u9078\u8209\u3011\u5019\u9078\u4eba\u7c21\u4ecb\u6703\u7206\u885d\u7a81 \u56e0\u60c5\u6cc1\u6df7\u4e82\u4e2d\u6b62","content":"","section":"1","cat":"1","publish_datetime":"2019-10-24 20:42:00","vdo":{"cover_path":"","headline":"","id":"","video_path":""},"imgs":[{"path":"20191024\/_2019102420472445004_370.jpeg","isCover":1},{"path":"20191024\/_2019102420454422688_370.jpeg","isCover":0},{"path":"20191024\/_2019102420215687480_370.jpg","isCover":0}],"writer":{"columnTitle":"","columnistID":"","trait":"","writer":""},"layout":"1","share_link":""},{"id":"1121149","newsID":"","title":"\u3010\u5340\u6703\u9078\u8209\u3011\u9078\u7ba1\u6703\u5f37\u70c8\u8b74\u8cac\u6709\u4eba\u65bc\u5019\u9078\u4eba\u7c21\u4ecb\u6703\u64fe\u4e82\u79e9\u5e8f ","content":"","section":"1","cat":"1","publish_datetime":"2019-10-24 22:00:00","vdo":{"cover_path":"","headline":"","id":"","video_path":""},"imgs":[{"path":"20191024\/_2019102422021750049_370.jpg","isCover":1}],"writer":{"columnTitle":"","columnistID":"","trait":"","writer":""},"layout":"1","share_link":""},{"id":"1121743","newsID":"","title":"\u3010\u5340\u6703\u9078\u8209\u3011\u6307\u7121\u53c3\u8207\u6c11\u653f\u4e8b\u52d9\u5c08\u54e1\u7f72\u4efb\u5b89\u6392 \u9078\u7ba1\u6703\u7c72\u60dc\u826f\u597d\u9078\u8209\u6587\u5316","content":"","section":"1","cat":"1","publish_datetime":"2019-10-25 16:04:00","vdo":{"cover_path":"","headline":"","id":"","video_path":""},"imgs":[{"path":"20191025\/_2019102516074919548_370.jpg","isCover":1}],"writer":{"columnTitle":"","columnistID":"","trait":"","writer":""},"layout":"1","share_link":""},{"id":"1121800","newsID":"","title":"\u3010\u5340\u6703\u9078\u8209\u3011\u99ac\u5dbd\uff1a\u82e5\u9ec3\u4e4b\u92d2\u88abDQ \u5728\u570b\u969b\u4e0a\u6703\u6709\u8ca0\u9762\u5f71\u97ff","content":"","section":"1","cat":"1","publish_datetime":"2019-10-25 16:46:00","vdo":{"cover_path":"","headline":"","id":"","video_path":""},"imgs":[{"path":"20191025\/_2019102516475636415_370.jpg","isCover":1}],"writer":{"columnTitle":"","columnistID":"","trait":"","writer":""},"layout":"1","share_link":""},{"id":"1121989","newsID":"","title":"\u3010\u5340\u6703\u9078\u8209\u3011\u5c0d\u6230\u4f55\u541b\u582f \u76e7\u4fca\u5b87\u6536\u6050\u5687\u96fb\u8a71","content":"","section":"1","cat":"1","publish_datetime":"2019-10-25 19:13:00","vdo":{"cover_path":"","headline":"","id":"","video_path":""},"imgs":[{"path":"20191025\/_2019102519135945303_370.jpg","isCover":1}],"writer":{"columnTitle":"","columnistID":"","trait":"","writer":""},"layout":"1","share_link":""},{"id":"1122094","newsID":"","title":"\u3010\u5340\u6703\u9078\u8209\u3011\u5c07\u8ecd\u6fb3\u7dad\u666f\u9078\u5340\u8449\u5b50\u7948\u64fa\u8857\u7ad9\u9047\u8972 \u624b\u6a5f\u88ab\u6436","content":"","section":"1","cat":"1","publish_datetime":"2019-10-25 22:17:00","vdo":{"cover_path":"","headline":"","id":"","video_path":""},"imgs":[{"path":"20191025\/_2019102522183952738_370.jpg","isCover":1}],"writer":{"columnTitle":"","columnistID":"","trait":"","writer":""},"layout":"1","share_link":""},{"id":"1122157","newsID":"","title":"\u3010\u5340\u6703\u9078\u8209\u3011\u576a\u77f3\u90a8\u5169\u6d3e\u5019\u9078\u4eba\u5ba3\u50b3\u6d77\u5831\u9f4a\u88ab\u6495\u8d70","content":"","section":"1","cat":"1","publish_datetime":"2019-10-26 08:56:00","vdo":{"cover_path":"","headline":"","id":"","video_path":""},"imgs":[{"path":"20191026\/_2019102608561265498_370.jpg","isCover":1},{"path":"20191026\/_2019102608561336493_370.jpg","isCover":0},{"path":"20191026\/_2019102608561496002_370.jpg","isCover":0}],"writer":{"columnTitle":"","columnistID":"","trait":"","writer":""},"layout":"1","share_link":""},{"id":"1122178","newsID":"","title":"\u3010\u5340\u6703\u9078\u8209\u3011\u5c07\u8ecd\u6fb3\u7dad\u666f\u9078\u5340\u8449\u5b50\u7948\u6d3e\u50b3\u55ae\u9047\u8972 \u8b66\u62d8\u4e2d\u5e74\u6f22","content":"","section":"1","cat":"1","publish_datetime":"2019-10-26 09:45:00","vdo":{"cover_path":"","headline":"","id":"","video_path":""},"imgs":[{"path":"20191026\/_2019102609485042740_370.jpg","isCover":1}],"writer":{"columnTitle":"","columnistID":"","trait":"","writer":""},"layout":"1","share_link":""}],"relevant_news":[],"topic":[],"share_link":"http:\/\/hd.stheadline.com\/news\/realtime\/hk\/1622214"}