{"id":"1122001","newsID":"","title":"\u6307\u7981\u5236\u4ee4\u5982\u8b66\u65b9\u8b77\u8eab\u7b26 \u694a\u5cb3\u6a4b\uff1a\u5f71\u97ff\u516c\u773e\u76e3\u5bdf\u8b66\u6b0a","content":["\u9ad8\u7b49\u6cd5\u9662\u6279\u51fa\u81e8\u6642\u7981\u5236\u4ee4\uff0c\u7981\u6b62\u5e02\u6c11\u516c\u958b\u8b66\u54e1\u53ca\u5176\u5bb6\u4eba\u7684\u500b\u4eba\u8cc7\u6599\uff0c\u4e26\u7981\u6b62\u4efb\u4f55\u4eba\u6050\u5687\u53ca\u9a37\u64fe\u8b66\u54e1\u53ca\u5176\u5bb6\u4eba\u3002\u516c\u6c11\u9ee8\u7acb\u6cd5\u6703\u8b70\u54e1\u694a\u5cb3\u6a4b\u8868\u793a\uff0c\u7981\u5236\u4ee4\u5f71\u97ff\u516c\u773e\u5c0d\u8b66\u6b0a\u7684\u76e3\u5bdf\u3002\u003Cbr \/\u003E\u003Cbr \/\u003E\u694a\u5cb3\u6a4b\u6307\uff0c\u81e8\u6642\u7981\u5236\u4ee4\u5982\u8b66\u65b9\u7684\u8b77\u8eab\u7b26\uff0c\u5982\u8b66\u54e1\u9055\u6cd5\u4ea6\u4e0d\u80fd\u516c\u8af8\u65bc\u4e16\uff0c\u5f71\u97ff\u516c\u773e\u5c0d\u8b66\u6b0a\u7684\u76e3\u5bdf\u3002\u4ed6\u53c8\u6307\uff0c\u7981\u5236\u4ee4\u7bc4\u570d\u751a\u95ca\uff0c\u5f71\u97ff\u7bc4\u570d\u4ea6\u751a\u70ba\u5ee3\u6cdb\uff0c\u4ea6\u672a\u6709\u5c31\u8b66\u54e1\u5bb6\u5c6c\u4f5c\u6e05\u6670\u5b9a\u7fa9\uff0c\u516c\u773e\u53ef\u80fd\u5728\u4e0d\u77e5\u60c5\u4e0b\u7684\u60c5\u6cc1\u4e0b\u9055\u53cd\u7981\u4ee4\u3002\u4ed6\u4ea6\u6307\uff0c\u7981\u4ee4\u6216\u6703\u59a8\u7919\u65b0\u805e\u5f9e\u696d\u54e1\u7684\u5de5\u4f5c\uff0c\u7a92\u7919\u65b0\u805e\u81ea\u7531\uff0c\u4e26\u6307\u64da\u4ed6\u4e86\u89e3\uff0c\u6709\u6cd5\u5f8b\u754c\u4eba\u58eb\u6b63\u7814\u7a76\u5982\u4f55\u4ecb\u5165\u4eca\u6b21\u6848\u4ef6\u3002\u003Cbr \/\u003E\u003Cbr \/\u003E\u7d93\u6c11\u806f\u6881\u7f8e\u82ac\u5247\u8868\u793a\uff0c\u6709\u8b66\u54e1\u53ca\u5176\u5bb6\u5c6c\u88ab\u300c\u8d77\u5e95\u300d\uff0c\u64d4\u5fc3\u751f\u547d\u53d7\u5a01\u8105\uff0c\u4e26\u6307\u76f8\u4fe1\u81e8\u6642\u7981\u5236\u4ee4\u53ef\u963b\u5687\u90e8\u4efd\u4eba\u7684\u6ecb\u64fe\u884c\u70ba\u3002\u81f3\u65bc\u6703\u5426\u5f71\u97ff\u5e02\u6c11\u76e3\u5bdf\u8b66\u6b0a\u53ca\u7a92\u7919\u65b0\u805e\u81ea\u7531\uff0c\u5979\u5247\u8a8d\u70ba\u82e5\u53ef\u63d0\u51fa\u5408\u7406\u8faf\u89e3\uff0c\u76f8\u4fe1\u6cd5\u5ead\u6703\u516c\u9053\u8655\u7406\u3002","",""],"section":"1","cat":"1","publish_datetime":"2019-10-25 19:42:00","vdo":{"cover_path":"","headline":"","id":"","video_path":""},"vid":{"cover_path":"","headline":"","id":"","video_path":""},"imgs":[{"path":"20191025\/_2019102519435669817_600.jpg","caption":"\u694a\u5cb3\u6a4b\u6307\uff0c\u7981\u5236\u4ee4\u5f71\u97ff\u516c\u773e\u5c0d\u8b66\u6b0a\u7684\u76e3\u5bdf\u3002\u8cc7\u6599\u5716\u7247","isCover":0}],"writer":{"columnTitle":"","columnistID":"","trait":"","writer":""},"layout":"4","keyword":["\u7981\u5236\u4ee4","\u694a\u5cb3\u6a4b","\u8b66\u6b0a"],"related_news":[{"id":"1102058","newsID":"","title":"\u5df4\u897f\u524d\u4efb\u6aa2\u5bdf\u5b98\u627f\u8a8d\u66fe\u643a\u69cd\u4f01\u5716\u6bba\u6cd5\u5b98 \u88ab\u9812\u7981\u5236\u4ee4\u4e0d\u5f97\u9032\u5165\u6cd5\u9662\u5927\u6a13","content":"","section":"1","cat":"4","publish_datetime":"2019-09-29 21:14:00","vdo":{"cover_path":"","headline":"","id":"","video_path":""},"imgs":[{"path":"20190929\/_2019092920181030923_370.jpg","isCover":1}],"writer":{"columnTitle":"","columnistID":"","trait":"","writer":""},"layout":"1","share_link":""},{"id":"1106495","newsID":"","title":"\u3010\u4fee\u4f8b\u98a8\u6ce2\u3011\u300a\u7981\u8499\u9762\u6cd5\u300b\u6cdb\u6c11\u8b70\u54e1\u7533\u8986\u6838\u8a31\u53ef\u53ca\u7981\u5236\u4ee4 \u9ad8\u9662\u660e\u65e9\u5be9\u7406","content":"","section":"1","cat":"1","publish_datetime":"2019-10-05 18:57:00","vdo":{"cover_path":"","headline":"","id":"","video_path":""},"imgs":[{"path":"20191005\/_2019100518463912969_370.jpeg","isCover":1}],"writer":{"columnTitle":"","columnistID":"","trait":"","writer":""},"layout":"1","share_link":""},{"id":"1107995","newsID":"","title":"\u3010\u5340\u6703\u9078\u8209\u3011\u516c\u6c11\u9ee87\u4eba\u51fa\u6230\u6c99\u7530\u5340\u6b77\u4f86\u6700\u591a \u694a\u5cb3\u6a4b\uff1a\u5b88\u8b77\u8857\u574a\u70ba\u76ee\u6a19","content":"","section":"1","cat":"1","publish_datetime":"2019-10-08 12:43:00","vdo":{"cover_path":"","headline":"","id":"","video_path":""},"imgs":[{"path":"20191008\/_2019100812451596737_370.jpeg","isCover":1}],"writer":{"columnTitle":"","columnistID":"","trait":"","writer":""},"layout":"1","share_link":""},{"id":"1109294","newsID":"","title":"\u3010\u4fee\u4f8b\u98a8\u6ce2\u3011\u6d82\u8b39\u7533\u6307\u963b\u8b66\u4fdd\u5b89\u70ba\u5c65\u884c\u8077\u8cac \u694a\u5cb3\u6a4b\u8cea\u7591\u88fd\u9020\u5bd2\u87ec\u6548\u61c9","content":"","section":"1","cat":"1","publish_datetime":"2019-10-09 20:22:00","vdo":{"cover_path":"","headline":"","id":"","video_path":""},"imgs":[{"path":"20191009\/_2019100920304014700_370.jpg","isCover":1}],"writer":{"columnTitle":"","columnistID":"","trait":"","writer":""},"layout":"1","share_link":""},{"id":"1121458","newsID":"","title":"\u6cd5\u5b98\u6279\u51c6\u5ef6\u9577\u7981\u6b62\u6ecb\u64fe\u8b66\u5bdf\u5bbf\u820d\u7981\u5236\u4ee4 \u76f4\u81f3\u5be9\u8a0a\u6216\u9032\u4e00\u6b65\u6cd5\u5ead\u547d\u4ee4","content":"","section":"1","cat":"1","publish_datetime":"2019-10-25 11:37:00","vdo":{"cover_path":"","headline":"","id":"","video_path":""},"imgs":[{"path":"20191025\/_2019102511415033881_370.jpg","isCover":1}],"writer":{"columnTitle":"","columnistID":"","trait":"","writer":""},"layout":"1","share_link":""},{"id":"1121542","newsID":"","title":"\u5b98\u6279\u81e8\u6642\u7981\u5236\u4ee4 \u7981\u6b62\u8d77\u5e95\u62ab\u9732\u8b66\u54e1\u53ca\u5bb6\u5c6c\u8cc7\u6599","content":"","section":"1","cat":"1","publish_datetime":"2019-10-25 16:42:00","vdo":{"cover_path":"","headline":"","id":"","video_path":""},"imgs":[{"path":"20191025\/_2019102517061968546_370.jpg","isCover":1},{"path":"20191025\/_2019102512593131460_370.jpeg","isCover":0},{"path":"20191025\/_2019102516453739214_370.jpeg","isCover":0}],"writer":{"columnTitle":"","columnistID":"","trait":"","writer":""},"layout":"1","share_link":""},{"id":"1121860","newsID":"","title":"\u5f8b\u653f\u53f8\u7533\u7981\u5236\u4ee4\u963b\u300c\u8d77\u5e95\u300d \u83ab\u4e43\u5149\u4e0d\u6eff\u975e\u6db5\u84cb\u6240\u6709\u5e02\u6c11","content":"","section":"1","cat":"1","publish_datetime":"2019-10-25 17:24:00","vdo":{"cover_path":"","headline":"","id":"","video_path":""},"imgs":[{"path":"20191025\/_2019102517270912885_370.jpg","isCover":1}],"writer":{"columnTitle":"","columnistID":"","trait":"","writer":""},"layout":"1","share_link":""}],"relevant_news":[],"topic":[],"share_link":"http:\/\/hd.stheadline.com\/news\/realtime\/hk\/1622001"}