{"id":"1087565","newsID":"","title":"\u50b343\u6b72\u8d99\u8587\u518d\u9640B \u5de5\u4f5c\u4eba\u54e1\u963bFans\u8ffd\u62cd\uff1a\u5225\u62cd\u4e86\u61f7\u5b55\u4e86","content":["\u5167\u5730\u5973\u661f\u8d99\u8587\u57282008\u5e74\u8207\u4e08\u592b\u9ec3\u6709\u9f8d\u7d50\u5a5a\uff0c\u5176\u5f8c\u80b2\u6709\u5973\u5152\u9ec3\u65b0\uff08\u5c0f\u56db\u6708\uff09\u3002\u4e00\u6bb5\u5f71\u7247\u4eca\u65e5\u5728\u7db2\u4e0a\u760b\u50b3\uff0c\u8d99\u8587\u5728\u6a5f\u5834\u73fe\u8eab\u6642\uff0c\u6709\u5de5\u4f5c\u4eba\u54e1\u52f8\u963b\u5728\u5834\u8eab\u7684\u7c89\u7d72\u5225\u8ffd\u62cd\uff0c\u4e26\u4e00\u6642\u53e3\u5feb\u6307\u300c\u5225\u62cd\u4e86\uff0c\u61f7\u5b55\u4e86\u300d\uff0c\u5f15\u8d77\u8d99\u8587\u61f7\u5b55\u7684\u50b3\u805e\u3002\u003Cbr \/\u003E\u003Cbr \/\u003E\u8d99\u8587\u4eca\u65e5\u73fe\u8eab\u6a5f\u5834\u6642\uff0c\u88ab\u4e00\u6279\u7c89\u7d72\u8209\u8d77\u624b\u6a5f\u570d\u5835\u62cd\u651d\u3002\u5979\u8eab\u65c1\u6709\u5de5\u4f5c\u4eba\u54e1\u96a8\u5373\u758f\u6563\u4eba\u7fa4\uff0c\u671f\u9593\u7591\u4e00\u6642\u53e3\u5feb\u6307\u300c\u5225\u62cd\u4e86\uff0c\u61f7\u5b55\u4e86\uff01\u300d\u5f9e\u76f8\u95dc\u5f71\u7247\u4e2d\u53ef\u898b\uff0c\u8d99\u8587\u6234\u4e0a\u9d28\u820c\u5e3d\u53ca\u592a\u967d\u773c\u93e1\uff0c\u4e26\u5168\u7a0b\u5fae\u5fae\u4f4e\u982d\u53ca\u63a9\u9f3b\uff0c\u672a\u77e5\u662f\u5426\u5c0d\u6c23\u5473\u654f\u611f\u3002\u53e6\u5916\uff0c\u4ea6\u6709\u7db2\u6c11\u6307\uff0c\u5176\u8179\u90e8\u660e\u986f\u51f8\u8d77\u3002\u8d99\u8587\u7684\u5de5\u4f5c\u4eba\u54e1\u5176\u5f8c\u8868\u793a\uff0c\u6d89\u4e8b\u4eba\u54e1\u7576\u6642\u8aaa\u7684\u662f\u300c\u53ef\u4ee5\u4e86\uff0c\u5225\u62cd\u4e86\u300d\u3002","",""],"section":"1","cat":"2","publish_datetime":"2019-09-09 21:14:00","vdo":{"cover_path":"","headline":"","id":"","video_path":"20190909\/__2019090921152846643.mp4"},"vid":{"cover_path":"","headline":"","id":"","video_path":""},"imgs":[{"path":"20190909\/_2019090921152887087_600.jpg","caption":"\u7db2\u5716","isCover":0}],"writer":{"columnTitle":"","columnistID":"","trait":"","writer":""},"layout":"4","keyword":["\u8d99\u8587","\u61f7\u5b55"],"related_news":[{"id":"1151165","newsID":"","title":"\u5165\u5883\u7a31\u7121\u61f7\u5b55\u5f8c\u885d\u6025\u75c7\u5ba4\u7522\u5b50 \u5167\u5730\u5973\u6d89\u865b\u5047\u7533\u8ff0\u5224\u56da14\u6708","content":"","section":"1","cat":"1","publish_datetime":"2019-12-02 13:56:00","vdo":{"cover_path":"","headline":"","id":"","video_path":""},"imgs":[{"path":"20191202\/_2019120213584593720_370.jpg","isCover":1}],"writer":{"columnTitle":"","columnistID":"","trait":"","writer":""},"layout":"1","share_link":""},{"id":"1144514","newsID":"","title":"\u3010\u91d1\u96de\u734e\u3011\u5de8\u661f\u96f2\u96c6\u7d05\u6c08 \u8d99\u8587\u674e\u51b0\u51b0\u694a\u51aa\u76db\u88dd\u51fa\u5e2d","content":"","section":"1","cat":"2","publish_datetime":"2019-11-23 18:52:00","vdo":{"cover_path":"","headline":"","id":"","video_path":""},"imgs":[{"path":"20191123\/_2019112319385793553_370.jpg","isCover":1},{"path":"20191123\/_2019112319385888168_370.jpg","isCover":0},{"path":"20191123\/_2019112319385970908_370.jpg","isCover":0}],"writer":{"columnTitle":"","columnistID":"","trait":"","writer":""},"layout":"1","share_link":""},{"id":"1143950","newsID":"","title":"\u5ee3\u6771\u667a\u969c\u5c11\u5973\u906d\u6027\u4fb5\u61f7\u5b55\u6848 \u7d93DNA\u5c0d\u6bd4\u540c\u675154\u6b72\u7591\u72af\u88ab\u6355","content":"","section":"1","cat":"3","publish_datetime":"2019-11-22 17:24:00","vdo":{"cover_path":"","headline":"","id":"","video_path":""},"imgs":[{"path":"20191122\/_2019112217252787420_370.jpg","isCover":1}],"writer":{"columnTitle":"","columnistID":"","trait":"","writer":""},"layout":"1","share_link":""},{"id":"1127218","newsID":"","title":"\u611b\u72ac\u88ab\u5976\u5976\u68c4\u6389  \u61f7\u5b553\u500b\u6708\u5b55\u5a66\u76db\u6012\u4e0b\u58ae\u80ce\u96e2\u5a5a","content":"","section":"1","cat":"3","publish_datetime":"2019-11-01 18:19:00","vdo":{"cover_path":"","headline":"","id":"","video_path":""},"imgs":[{"path":"20191101\/_2019110118015542174_370.jpg","isCover":1}],"writer":{"columnTitle":"","columnistID":"","trait":"","writer":""},"layout":"1","share_link":""}],"relevant_news":[],"topic":[],"share_link":"http:\/\/hd.stheadline.com\/life\/ent\/realtime\/1587565"}