{"id":"1129645","newsID":"","title":"\u3010\u5340\u6703\u9078\u8209\u3011\u897f\u8ca2\u5019\u9078\u4eba\u6881\u884d\u5ffb\u7fa9\u5de5\u906d\u6f51\u7cde \u7a31\u64fa\u8857\u7ad93\u65e5\u5167\u5169\u5ea6\u5831\u8b66","content":["\u897f\u8ca2\u5e02\u4e2d\u5fc3\u53c3\u9078\u4eba\u300c\u897f\u8ca2\u9109\u6c11\u300d\u6881\u884d\u5ffb\u4eca\u65e9\u767c\u6587\u8868\u793a\uff0c\u5176\u7fa9\u5de5\u65bc\u897f\u8ca2\u6d88\u9632\u5c40\u8857\u7ad9\u4f4d\u7f6e\u906d\u6f51\u7cde\uff0c\u4e26\u6307\u65bc\u4e09\u65e5\u5167\u5df2\u662f\u7b2c\u4e8c\u5ea6\u5831\u6848\uff0c\u8b66\u65b9\u5c07\u8f49\u4ea4\u91cd\u6848\u7d44\u8ddf\u9032\u3002\u003Cbr \/\u003E\u003Cbr \/\u003E\u6881\u884d\u5ffb\u4eca\u65e9\u65bc\u793e\u4ea4\u5a92\u9ad4\u4e0a\u767c\u6587\u6307\uff0c\u7fa9\u5de5\u65bc\u897f\u8ca2\u6d88\u9632\u5c40\u64fa\u8857\u7ad9\u6642\u906d\u6f51\u7cde\uff0c\u4e26\u76f4\u65a5\u300c\u5eff\u4e00\u4e16\u7d00\u5587\uff0c\u53ef\u5514\u53ef\u4ee5\u6587\u660e\u5c11\u5c11\u300d\u3002\u5f9e\u76f8\u95dc\u7167\u7247\u4e2d\u53ef\u898b\uff0c\u5728\u4e00\u4ef6\u767d\u8272\u8863\u670d\u4e0a\u7559\u4e0b\u5561\u8272\u6c61\u8de1\u3002\u5979\u5176\u5f8c\u518d\u5ea6\u767c\u6587\u6307\uff0c\u8b66\u5bdf\u5230\u5834\u5f8c\u62cd\u4e0b\u7167\u7247\uff0c\u4e26\u6307\u5c07\u8f49\u4ea4\u91cd\u6848\u7d44\u8ddf\u9032\u3002\u5979\u7e8c\u6307\uff0c\u64fa\u8857\u7ad93\u65e5\u671f\u9593\u5df2\u5831\u8b66\u5169\u6b21\uff0c\u4e26\u7559\u8a00\u8cea\u554f\u300c\u662f\u5426\u5e02\u4e2d\u5fc3\u7684\u5019\u9078\u4eba\u4e0d\u53ef\u4ee5\u5728\u897f\u8ca2\u64fa\u8857\u7ad9\uff1f\u300d\u5979\u53c8\u6307\uff0c\u76f8\u95dc\u4e8b\u4ef6\u6d6a\u8cbb\u5176\u6642\u9593\u8655\u7406\u5831\u6848\u53ca\u6295\u8a34\u3002","",""],"section":"1","cat":"1","publish_datetime":"2019-11-05 16:31:00","vdo":{"cover_path":"","headline":"","id":"","video_path":""},"vid":{"cover_path":"","headline":"","id":"","video_path":""},"imgs":[{"path":"20191105\/_2019110516323990760_600.jpg","caption":"\u6881\u884d\u5ffbFB\u5716\u7247","isCover":0},{"path":"20191105\/_2019110516324084609_600.jpg","caption":"\u6881\u884d\u5ffbFB\u5716\u7247","isCover":0}],"writer":{"columnTitle":"","columnistID":"","trait":"","writer":""},"layout":"4","keyword":["\u5340\u8b70\u6703\u9078\u82092019","\u897f\u8ca2","\u6881\u884d\u5ffb","\u7fa9\u5de5","\u6f51\u7cde"],"related_news":[{"id":"1124329","newsID":"","title":"\u3010\u5340\u6703\u9078\u8209\u3011\u8076\u5fb7\u6b0a\u6307\u9078\u8209\u4e3b\u4efbDQ\u4f9d\u6cd5\u8fa6\u4e8b \u6295\u7968\u9700\u5b89\u5168\u74b0\u5883\u4e0b\u9032\u884c","content":"","section":"1","cat":"1","publish_datetime":"2019-10-29 16:23:00","vdo":{"cover_path":"","headline":"","id":"","video_path":""},"imgs":[{"path":"20191029\/_2019102916420211269_370.jpg","isCover":1},{"path":"20191029\/_2019102916391023027_370.jpg","isCover":0},{"path":"20191029\/_2019102916415937260_370.jpg","isCover":0}],"writer":{"columnTitle":"","columnistID":"","trait":"","writer":""},"layout":"1","share_link":""},{"id":"1124797","newsID":"","title":"\u300a\u65b0\u83ef\u793e\u300b\u6279\u8a55\u9ec3\u4e4b\u92d2\u53cd\u4e2d\u4e82\u6e2f\u5fc5\u6709\u4ee3\u50f9 \u6307DQ\u65bc\u6cd5\u6709\u64da","content":"","section":"1","cat":"1","publish_datetime":"2019-10-30 09:40:00","vdo":{"cover_path":"","headline":"","id":"","video_path":""},"imgs":[{"path":"20191030\/_2019103009445528678_370.jpg","isCover":1}],"writer":{"columnTitle":"","columnistID":"","trait":"","writer":""},"layout":"1","share_link":""},{"id":"1124806","newsID":"","title":"\u3010\u5340\u6703\u9078\u8209\u3011\u5f35\u9054\u660e\u8cea\u7591\u9078\u8209\u4e3b\u4efb\u96a8\u610f\u6c7a\u5b9a \u6e6f\u5bb6\u9a4a\uff1a\u773e\u5fd7\u5021\u4e3b\u6b0a\u5728\u6c11DQ\u7b26\u5408\u6cd5\u6cbb ","content":"","section":"1","cat":"1","publish_datetime":"2019-10-30 10:07:00","vdo":{"cover_path":"","headline":"","id":"","video_path":""},"imgs":[{"path":"20191030\/_2019103010110845036_370.jpg","isCover":1}],"writer":{"columnTitle":"","columnistID":"","trait":"","writer":""},"layout":"1","share_link":""},{"id":"1125112","newsID":"","title":"\u7acb\u6cd5\u6703\u5927\u6703\u4f11\u6703\u5f85\u7e8c \u8655\u7406\u8a0e\u8ad6DQ\u9ec3\u4e4b\u92d2\u52d5\u8b70","content":"","section":"1","cat":"1","publish_datetime":"2019-10-30 14:48:00","vdo":{"cover_path":"","headline":"","id":"","video_path":""},"imgs":[{"path":"20191030\/_2019103014511028542_370.jpg","isCover":1}],"writer":{"columnTitle":"","columnistID":"","trait":"","writer":""},"layout":"1","share_link":""},{"id":"1127056","newsID":"","title":"\u3010\u5340\u6703\u9078\u8209\u3011\u7c72\u505c\u66b4\u529b\u5a01\u5687 \u9078\u7ba1\u6703\u4fc3\u5408\u529b\u7dad\u8b774\u5e74\u4e00\u5ea6\u9078\u8209 ","content":"","section":"1","cat":"1","publish_datetime":"2019-11-01 16:15:00","vdo":{"cover_path":"","headline":"","id":"","video_path":""},"imgs":[{"path":"20191101\/_2019110116152490283_370.jpg","isCover":1}],"writer":{"columnTitle":"","columnistID":"","trait":"","writer":""},"layout":"1","share_link":""},{"id":"1127407","newsID":"","title":"\u3010\u5340\u6703\u9078\u8209\u3011\u5c07\u8ecd\u6fb3\u5340\u8b70\u54e1\u838a\u5143\u82f3\u8fa6\u4e8b\u8655\u906d\u7e31\u706b\u53ca\u5857\u9d09","content":"","section":"1","cat":"1","publish_datetime":"2019-11-02 09:07:00","vdo":{"cover_path":"","headline":"","id":"","video_path":""},"imgs":[{"path":"20191102\/_2019110209100472615_370.jpg","isCover":1}],"writer":{"columnTitle":"","columnistID":"","trait":"","writer":""},"layout":"1","share_link":""},{"id":"1128283","newsID":"","title":"\u3010\u4fee\u4f8b\u98a8\u6ce2\u3011\u6a39\u4ec1\u5b78\u751f\u6703\u8b49\u5be6\u88ab\u50ac\u6dda\u5f48\u71d2\u50b7\u6025\u6551\u7fa9\u5de5\u70ba\u4e00\u5e74\u7d1a\u5b78\u751f","content":"","section":"1","cat":"1","publish_datetime":"2019-11-03 23:46:00","vdo":{"cover_path":"","headline":"","id":"","video_path":""},"imgs":[{"path":"20191103\/_2019110323541395457_370.jpg","isCover":1},{"path":"20191103\/_2019110323541450818_370.jpg","isCover":0},{"path":"20191103\/_2019110323541686839_370.jpg","isCover":0}],"writer":{"columnTitle":"","columnistID":"","trait":"","writer":""},"layout":"1","share_link":""},{"id":"1128319","newsID":"","title":"\u3010\u5340\u6703\u9078\u8209\u3011\u7db2\u50b3\u592a\u592a\u6301\u7da0\u5361 \u5468\u6d69\u9f0e\uff1a\u865b\u5047\u6d88\u606f","content":"","section":"1","cat":"1","publish_datetime":"2019-11-04 07:37:00","vdo":{"cover_path":"","headline":"","id":"","video_path":""},"imgs":[{"path":"20191104\/_2019110407422578365_370.jpg","isCover":1}],"writer":{"columnTitle":"","columnistID":"","trait":"","writer":""},"layout":"1","share_link":""},{"id":"1128322","newsID":"","title":"\u3010\u5340\u6703\u9078\u8209\u3011\u6881\u5fd7\u7965\u6279\u9078\u8209\u4e3b\u4efb\u300c\u6f0f\u62db\u300d","content":"","section":"1","cat":"1","publish_datetime":"2019-11-04 07:43:00","vdo":{"cover_path":"","headline":"","id":"","video_path":""},"imgs":[{"path":"20191104\/_2019110407450943901_370.jpg","isCover":1}],"writer":{"columnTitle":"","columnistID":"","trait":"","writer":""},"layout":"1","share_link":""},{"id":"1128631","newsID":"","title":"\u3010\u4fee\u4f8b\u98a8\u6ce2\u3011\u5340\u9078\u5019\u9078\u4eba\u912d\u4ef2\u6046\u88ab\u63a7\u975e\u6cd5\u96c6\u7d50\u963b\u5dee\u8fa6\u516c \u4e0b\u5348\u63d0\u5802","content":"","section":"1","cat":"1","publish_datetime":"2019-11-04 13:09:00","vdo":{"cover_path":"","headline":"","id":"","video_path":""},"imgs":[{"path":"20191104\/_2019110413183286150_370.jpg","isCover":1}],"writer":{"columnTitle":"","columnistID":"","trait":"","writer":""},"layout":"1","share_link":""}],"relevant_news":[],"topic":[],"share_link":"http:\/\/hd.stheadline.com\/news\/realtime\/hk\/1629645"}