{"id":"1129160","newsID":"","title":"\u7591\u88ab\u88dd\u8ffd\u8e64\u5668 \u56db\u5200\u624b\u622aAudi\u65ac\u50b7\u4e00\u4eba","content":["\u4e00\u8f1b\u8f09\u6709\u4e09\u540d\u7537\u5973Audi\u8dd1\u8eca\u51cc\u6668\u96f6\u6642\u8a31\uff0c\u9014\u7d93\u7b72\u7b95\u7063\u8000\u6771\u90a8\u8000\u5bcc\u6a13\u5c0d\u958b\u6642\uff0c\u906d\u53e6\u5169\u8f1b\u79c1\u5bb6\u8eca\u649e\u64ca\u622a\u505c\uff0c\u56db\u540d\u7537\u5b50\u6301\u5200\u843d\u8eca\u8ffd\u65ac\uff0c\u8dd1\u8eca\u4e00\u540d\u7537\u4e58\u5ba2\u8d70\u907f\u4e0d\u53ca\u4e2d\u5200\uff0c\u53d7\u50b7\u5012\u5367\u5730\u4e0a\uff0c\u5200\u624b\u5176\u5f8c\u767b\u56de\u63a5\u61c9\u79c1\u5bb6\u8eca\u9003\u53bb\u7121\u8e64\uff0c\u6551\u8b77\u54e1\u8d95\u81f3\u73fe\u5834\uff0c\u88ab\u65ac\u50b7\u7537\u5b50\u6eff\u8eab\u9bae\u8840\u91cd\u50b7\u660f\u8ff7\uff0c\u9001\u9662\u6771\u5340\u91ab\u9662\u6436\u6551\uff0c\u73fe\u5834\u7559\u4e0b\u4e00\u7058\u8840\u8ff9\u3002\u003Cbr \/\u003E\u003Cbr \/\u003E\u73fe\u5834\u6d88\u606f\u7a31\uff0c22\u6b72\u59d3\u5468\u50b7\u8005\u6709\u9ed1\u5e6b\u80cc\u666f\uff0c\u800c\u5200\u624b\u5728\u8dd1\u8eca\u4e0a\u6697\u4e2d\u5728\u8dd1\u8eca\u8eca\u5e95\u5b89\u88ddGPS\u8ffd\u8e64\u5668\uff0c\u81f3\u4eca\u6668\u4e58\u5ea7\u5169\u8f1b\u79c1\u5bb6\u8eca\u6514\u622a\u8dd1\u8eca\uff0c\u8eca\u4e0a\u4e09\u540d\u7537\u5973\u898b\u72c0\u7acb\u523b\u958b\u9580\u843d\u8eca\u9003\u8dd1\uff0c\u7531\u65bc\u8dd1\u8eca\u5c6c\u55ae\u9580\u8a2d\u8a08\uff0c\u4e8b\u4e3b\u9700\u7b49\u524d\u5ea7\u5169\u4eba\u9003\u96e2\u5f8c\uff0c\u59cb\u80fd\u7ffb\u4e0a\u524d\u5ea7\u96e2\u958b\uff0c\u60df\u5200\u624b\u5df2\u7d93\u8d70\u8fd1\u8972\u64ca\u4e8b\u4e3b\u3002\u003Cbr \/\u003E\u003Cbr \/\u003E\u6848\u767c\u5f8c16\u5206\u9418\uff0c\u4e00\u8f1b\u639b\u6709\u5047\u724c\u7684\u4e03\u4eba\u8eca\u5728\u4e5d\u9f8d\u7063\u5b8f\u8302\u8857\u8def\u908a\u5192\u7159\u8d77\u706b\uff0c\u6d88\u9632\u54e1\u5230\u5834\u958b\u5589\u5c07\u706b\u7184\uff0c\u4e03\u4eba\u8eca\u56b4\u91cd\u711a\u6bc0\u8b8a\u6210\u5ee2\u9435\uff0c\u8d77\u706b\u539f\u56e0\u6709\u53ef\u7591\u3002\u8b66\u54e1\u767c\u73fe\u4e03\u4eba\u8eca\u8eca\u982d\u66fe\u649e\u64ca\u640d\u6bc0\uff0c\u6cf5\u628a\u4e0a\u88dd\u6709\u5169\u500b\u8eca\u724c\uff0c\u8d77\u706b\u4e03\u4eba\u8eca\u8207\u7b72\u7b95\u7063\u65ac\u4eba\u6848\u4e2d\u88ab\u901a\u7ddd\u7684\u79c1\u5bb6\u8eca\u76f8\u4f3c\uff0c\u8b66\u65b9\u4e0d\u6392\u9664\u5169\u6848\u6709\u95dc\u9023\uff0c\u61f7\u7591\u5200\u624b\u65ac\u4eba\u5f8c\uff0c\u7e31\u706b\u71d2\u8eca\u6bc0\u6ec5\u8b49\u64da\uff0c\u6b63\u5c55\u958b\u6df1\u5165\u8abf\u67e5\u3002","",""],"section":"1","cat":"1","publish_datetime":"2019-11-05 06:58:00","vdo":{"cover_path":"","headline":"","id":"","video_path":""},"vid":{"cover_path":"","headline":"","id":"","video_path":""},"imgs":[{"path":"20191105\/_2019110507383687873_600.jpg","caption":"\u56db\u5200\u624b\u622aAudi\u65ac\u50b7\u4e00\u4eba\u3002","isCover":0},{"path":"20191105\/_2019110507391980970_600.jpg","caption":"\u4e03\u4eba\u8eca\u4e5d\u9f8d\u7063\u8d77\u706b\u3002","isCover":0},{"path":"20191105\/_2019110508304242938_600.jpg","caption":"","isCover":0},{"path":"20191105\/_2019110507064360551_600.jpg","caption":"\u56db\u5200\u624b\u622aAudi\u65ac\u50b7\u4e00\u4eba\u3002Ovo Ng\u200e\u5716\u7247","isCover":0}],"writer":{"columnTitle":"","columnistID":"","trait":"","writer":""},"layout":"4","keyword":[],"related_news":[{"id":"1129262","newsID":"","title":"RCEP 15\u570b\u5ba3\u5e03\u660e\u5e74\u7c3d\u7f72\u5354\u5b9a \u5370\u5ea6\u9664\u5916","content":"","section":"1","cat":"4","publish_datetime":"2019-11-05 10:04:00","vdo":{"cover_path":"","headline":"","id":"","video_path":""},"imgs":[{"path":"20191105\/_2019110510052648052_370.jpg","isCover":1}],"writer":{"columnTitle":"","columnistID":"","trait":"","writer":""},"layout":"1","share_link":""},{"id":"1129256","newsID":"","title":"\u6307\u7fd2\u8fd1\u5e73\u5c0d\u6797\u912d\u6708\u5a25\u9ad8\u5ea6\u4fe1\u4efb \u5f35\u5efa\u5b97\uff1a\u70ba\u653f\u5e9c\u6253\u4e0b\u5f37\u5fc3\u91dd","content":"","section":"1","cat":"1","publish_datetime":"2019-11-05 09:59:00","vdo":{"cover_path":"","headline":"","id":"","video_path":""},"imgs":[{"path":"20191105\/_2019110510053482086_370.jpeg","isCover":1}],"writer":{"columnTitle":"","columnistID":"","trait":"","writer":""},"layout":"1","share_link":""},{"id":"1129253","newsID":"","title":"\u6307\u5340\u9078\u5f8c\u8209\u884c\u7b2c\u4e8c\u8f2a\u793e\u5340\u5c0d\u8a71 \u5f35\u5efa\u5b97\u7a31\u5c0a\u91cd\u65b0\u805e\u81ea\u7531\u7c72\u8b66\u8a18\u4e92\u60e0\u4e92\u8ad2  ","content":"","section":"1","cat":"1","publish_datetime":"2019-11-05 09:54:00","vdo":{"cover_path":"","headline":"","id":"","video_path":""},"imgs":[{"path":"20191105\/_2019110510050832300_370.jpeg","isCover":1}],"writer":{"columnTitle":"","columnistID":"","trait":"","writer":""},"layout":"1","share_link":""},{"id":"1129241","newsID":"","title":"\u5169\u7537\u626e\u58de\u8eca\u6436\u8d70\u9752\u8863\u5357\u7063\u96a7\u9053\u8077\u54e1\u8eca","content":"","section":"1","cat":"1","publish_datetime":"2019-11-05 09:53:00","vdo":{"cover_path":"","headline":"","id":"","video_path":""},"imgs":[{"path":"20191105\/_2019110509550749487_370.jpg","isCover":1}],"writer":{"columnTitle":"","columnistID":"","trait":"","writer":""},"layout":"1","share_link":""}],"relevant_news":[],"topic":[],"share_link":"http:\/\/hd.stheadline.com\/news\/realtime\/hk\/1629160"}