{"id":"1129457","newsID":"","title":"\u6e2f\u5927\u7814\u767c\u300c\u76f4\u63a5\u71b1\u5145\u96fb\u96fb\u6c60\u300d \u5c07100\u5ea6\u4ee5\u4e0b\u4f4e\u6eab\u5ee2\u71b1\u8f49\u5316\u6210\u96fb\u80fd","content":["\u5728\u4f7f\u7528\u5bb6\u7528\u96fb\u5668\u3001\u901a\u8a0a\u8a2d\u5099\u7b49\u96fb\u5b50\u8a2d\u5099\u7684\u904e\u7a0b\u4e2d\uff0c\u5747\u6703\u7522\u751f\u5ee2\u68c4\u71b1\u80fd\uff0c\u7576\u4e2d45%\u4f4e\u65bc100\u5ea6\uff0c\u5f80\u5f80\u53ea\u80fd\u6392\u653e\u65bc\u7a7a\u6c23\u4e2d\uff0c\u52a0\u5287\u6eab\u5ba4\u6548\u61c9\u3002\u9999\u6e2f\u5927\u5b78\u6a5f\u68b0\u5de5\u7a0b\u7cfb\u526f\u6559\u6388\u99ae\u61b2\u5e73\uff0c\u82b1\u903e8\u5e74\u6642\u9593\uff0c\u8a66\u9a57\u7d0450\u7a2e\u5c0e\u9ad4\uff0c\u7d42\u627e\u51fa\u80fd\u7a69\u5b9a\u5c0e\u96fb\u7684\u77f3\u58a8\u70ef\u8207\u5c0e\u96fb\u5851\u81a0\u805a\u82ef\u80fa\u70ba\u5169\u6975\uff0c\u7814\u767c\u51fa\u300c\u76f4\u63a5\u71b1\u5145\u96fb\u96fb\u6c60\u300d\uff0c\u80fd\u628a\u6eab\u5ea6\u4f4e\u65bc\u4e00\u767e\u5ea6\u7684\u4f4e\u6eab\u5ee2\u71b1\uff0c\u8f49\u5316\u6210\u96fb\u80fd\u3002\u003Cbr \/\u003E\u003Cbr \/\u003E\u99ae\u61b2\u5e73\u89e3\u91cb\uff0c\u76f8\u8f03\u65bc\u76ee\u524d\u5ee3\u6cdb\u4f7f\u7528\u7684\u56fa\u614b\u71b1\u96fb\u88dd\u7f6e\u71b1\u96fb\u8f49\u63db\u5668\uff0c\u5728\u65bc\u4f4e\u6eab\u689d\u4ef6\u4e0b\u6548\u7387\u5c11\u65bc\u767e\u5206\u4e4b\u4e00\uff0c\u76f4\u63a5\u71b1\u5145\u96fb\u96fb\u6c60\u6548\u7387\u903e\u767e\u5206\u4e4b\u4e09\u9ede\u4e94\uff0c\u300c\u770b\u4f3c\u5f88\u5c11\uff0c\u537b\u662f\u6280\u8853\u8207\u7406\u8ad6\u5c64\u9762\u7684\u4e00\u5927\u7a81\u7834\u3002\u300d\u003Cbr \/\u003E\u003Cbr \/\u003E\u4ed6\u53c8\u6307\uff0c\u7576\u76f4\u63a5\u71b1\u5145\u96fb\u96fb\u6c60\u63a5\u89f8\u5ee2\u71b1\u6216\u592a\u967d\u71b1\u529b\u6642\uff0c\u5c31\u6703\u81ea\u52d5\u5145\u96fb\u548c\u767c\u96fb\uff0c\u540c\u6642\u4ea6\u80fd\u5c07\u4eba\u9ad4\u76ae\u819a\u6eab\u5ea6\u7684\u71b1\u80fd\u767c\u96fb\uff0c\u7528\u9014\u5ee3\u6cdb\uff0c\u5982\u61c9\u7528\u65bc\u7121\u7dda\u611f\u61c9\u88dd\u7f6e\u3001\u667a\u80fd\u7a97\u6236\u53ca\u51b7\u6c23\u7b49\u3002\u4ed6\u900f\u9732\u76ee\u524d\u6709\u4e0d\u5c11\u516c\u53f8\u6d3d\u8ac7\u5408\u4f5c\uff0c\u671f\u671b2\u5e74\u5167\u63a8\u51fa\u5e02\u5834\uff0c\u9810\u8a08\u5728\u9999\u6e2f\u53ca\u5927\u7063\u5340\u4e2d\u6709\u7d043\u5104\u5e02\u5834\u3002","",""],"section":"1","cat":"1","publish_datetime":"2019-11-05 13:14:00","vdo":{"cover_path":"","headline":"","id":"","video_path":""},"vid":{"cover_path":"","headline":"","id":"","video_path":""},"imgs":[{"path":"20191105\/_2019110513201215832_600.jpeg","caption":"\u6e2f\u5927\u6a5f\u68b0\u5de5\u7a0b\u5b78\u7cfb\u526f\u6559\u6388\u99ae\u61b2\u5e73\uff08\u524d\u6392\uff09\uff0c\u82b1\u903e\u516b\u5e74\u6642\u9593\uff0c\u6210\u529f\u7814\u767c\u51fa\u5229\u7528\u4f4e\u65bc\u4e00\u767e\u5ea6\u7684\u4f4e\u6eab\u5ee2\u71b1\u767c\u96fb\u7684\u96fb\u6c60\u3002","isCover":0}],"writer":{"columnTitle":"","columnistID":"","trait":"","writer":""},"layout":"4","keyword":[],"related_news":[{"id":"1129540","newsID":"","title":"\u592a\u53e4\u57ce\u885d\u7a81 \u4e2d\u5e74\u6f22\u6d89\u6301\u5200\u50b7\u4eba\u7559\u9662\u7f3a\u5e2d\u62bc\u5f8c\u8a0a","content":"","section":"1","cat":"1","publish_datetime":"2019-11-05 15:12:00","vdo":{"cover_path":"","headline":"","id":"","video_path":""},"imgs":[{"path":"20191105\/_2019110515163483247_370.jpg","isCover":1}],"writer":{"columnTitle":"","columnistID":"","trait":"","writer":""},"layout":"1","share_link":""},{"id":"1129543","newsID":"","title":"\u798f\u5efa8\u540d\u5e7c\u5152\u5728\u5e7c\u5152\u5712\u88ab\u91dd\u624e \u4fdd\u80b2\u54e1\u88ab\u5211\u62d8\u3000","content":"","section":"1","cat":"3","publish_datetime":"2019-11-05 15:12:00","vdo":{"cover_path":"","headline":"","id":"","video_path":""},"imgs":[{"path":"20191105\/_2019110515153625305_370.jpg","isCover":1}],"writer":{"columnTitle":"","columnistID":"","trait":"","writer":""},"layout":"1","share_link":""},{"id":"1129537","newsID":"","title":"\u5340\u5fd7\u5149\uff1a\u8b66\u70ba\u514d\u50b7\u5bb3\u800c\u8499\u9762 \u53ef\u4e0d\u53d7\u53cd\u8499\u9762\u6cd5\u898f\u7bc4","content":"","section":"1","cat":"1","publish_datetime":"2019-11-05 15:11:00","vdo":{"cover_path":"","headline":"","id":"","video_path":""},"imgs":[{"path":"20191105\/_2019110515125268456_370.jpg","isCover":1},{"path":"20191105\/_2019110515125312680_370.jpg","isCover":0},{"path":"20191105\/_2019110515125431910_370.jpg","isCover":0}],"writer":{"columnTitle":"","columnistID":"","trait":"","writer":""},"layout":"1","share_link":""},{"id":"1129531","newsID":"","title":"\u9020\u4eba\u5927\u8a08\u62bc\u5f8c3\u5e74 \u82df\u82b8\u6167 \u7372\u8001\u516c\u6279\u51c6\u7e7c\u7e8c\u5de5\u4f5c","content":"","section":"1","cat":"2","publish_datetime":"2019-11-05 15:09:00","vdo":{"cover_path":"","headline":"","id":"","video_path":""},"imgs":[{"path":"20191105\/_2019110515114589142_370.jpg","isCover":1},{"path":"20191105\/_2019110515114717439_370.jpg","isCover":0},{"path":"20191105\/_2019110515114893662_370.jpg","isCover":0}],"writer":{"columnTitle":"","columnistID":"","trait":"","writer":""},"layout":"1","share_link":""}],"relevant_news":[],"topic":[],"share_link":"http:\/\/hd.stheadline.com\/news\/realtime\/hk\/1629457"}