{"id":"1129256","newsID":"","title":"\u6307\u7fd2\u8fd1\u5e73\u5c0d\u6797\u912d\u6708\u5a25\u9ad8\u5ea6\u4fe1\u4efb \u5f35\u5efa\u5b97\uff1a\u70ba\u653f\u5e9c\u6253\u4e0b\u5f37\u5fc3\u91dd","content":["\u884c\u653f\u9577\u5b98\u6797\u912d\u6708\u5a25\u6628\u665a\u5728\u4e0a\u6d77\u7372\u570b\u5bb6\u4e3b\u5e2d\u7fd2\u8fd1\u5e73\u63a5\u898b\uff0c\u4e86\u89e3\u6700\u65b0\u5c40\u52e2\u3002\u7f72\u7406\u884c\u653f\u9577\u5b98\u5f35\u5efa\u5b97\u5728\u884c\u653f\u6703\u8b70\u524d\u8868\u793a\uff0c\u5831\u9053\u6307\u7fd2\u8fd1\u5e73\u5145\u4efd\u80af\u5b9a\u653f\u5e9c\u5de5\u4f5c\uff0c\u5c0d\u884c\u653f\u9577\u5b98\u9ad8\u5ea6\u4fe1\u4efb\uff0c\u4ed6\u8a8d\u70ba\u5c0d\u7279\u5340\u653f\u5e9c\u662f\u300c\u6253\u4e0b\u5f37\u5fc3\u91dd\u300d\uff0c\u7fd2\u8fd1\u5e73\u70ba\u7279\u5340\u653f\u5e9c\u63d0\u4f9b\u4e86\u826f\u597d\u7684\u5de5\u4f5c\u8def\u5411\u3002\u003Cbr \/\u003E\u003Cbr \/\u003E\u4ed6\u8aaa\uff0c\u7fd2\u8fd1\u5e73\u7684\u8ac7\u8a71\u70ba\u6e2f\u5e9c\u65bd\u653f\u63d0\u4f9b\u8def\u5411\u4f5c\u601d\u8003\uff0c\u5305\u62ec\u7e7c\u7e8c\u6b62\u66b4\u5236\u4e82\uff0c\u6062\u5fa9\u793e\u6703\u79e9\u5e8f\uff0c\u6253\u958b\u6e20\u9053\u7e7c\u7e8c\u6e9d\u901a\uff0c\u4e26\u8655\u7406\u6df1\u5c64\u6b21\u77db\u76fe\u3002","",""],"section":"1","cat":"1","publish_datetime":"2019-11-05 09:59:00","vdo":{"cover_path":"","headline":"","id":"","video_path":""},"vid":{"cover_path":"","headline":"","id":"","video_path":""},"imgs":[{"path":"20191105\/_2019110510053482086_600.jpeg","caption":"\u7f72\u7406\u884c\u653f\u9577\u5b98\u5f35\u5efa\u5b97\u3002","isCover":0}],"writer":{"columnTitle":"","columnistID":"","trait":"","writer":""},"layout":"4","keyword":["\u5f35\u5efa\u5b97"],"related_news":[{"id":"1110233","newsID":"","title":"\u3010\u4fee\u4f8b\u98a8\u6ce2\u3011\u5f35\u5efa\u5b97\u6307\u300a\u7981\u8499\u9762\u6cd5\u300b\u9700\u6642\u9069\u61c9 \u5e02\u6c11\u7121\u7834\u58de\u4e0d\u7528\u64d4\u5fc3","content":"","section":"1","cat":"1","publish_datetime":"2019-10-10 22:28:00","vdo":{"cover_path":"","headline":"","id":"","video_path":""},"imgs":[{"path":"20191010\/_2019101022352972020_370.jpg","isCover":1}],"writer":{"columnTitle":"","columnistID":"","trait":"","writer":""},"layout":"1","share_link":""},{"id":"1111711","newsID":"","title":"\u3010\u4fee\u4f8b\u98a8\u6ce2\u3011\u7d93\u6fdf\u4e0b\u884c\u58d3\u529b\u8f03\u6c99\u58eb\u6642\u5927 \u5f35\u5efa\u5b97\u5180\u7acb\u6703\u9806\u5229\u5c55\u958b\u5de5\u4f5c","content":"","section":"1","cat":"1","publish_datetime":"2019-10-13 09:48:00","vdo":{"cover_path":"","headline":"","id":"","video_path":""},"imgs":[{"path":"20191013\/_2019101309483818090_370.jpg","isCover":1}],"writer":{"columnTitle":"","columnistID":"","trait":"","writer":""},"layout":"1","share_link":""},{"id":"1114765","newsID":"","title":"\u3010\u65bd\u653f\u5831\u544a\u3011\u5f35\u5efa\u5b97\u8a55\u50f9\u5831\u544a\u9032\u53d6\u679c\u6562\u95dc\u611b \u5289\u6021\u7fd4\uff1a\u8ca1\u653f\u53f8\u9577\u5c07\u5168\u529b\u914d\u5408","content":"","section":"1","cat":"1","publish_datetime":"2019-10-16 16:48:00","vdo":{"cover_path":"","headline":"","id":"","video_path":""},"imgs":[{"path":"20191016\/_2019101616510971645_370.jpg","isCover":1}],"writer":{"columnTitle":"","columnistID":"","trait":"","writer":""},"layout":"1","share_link":""},{"id":"1115258","newsID":"","title":"\u3010\u65bd\u653f\u5831\u544a\u3011\u5f35\u5efa\u5b97\u6307\u653f\u5e9c\u6709\u6c7a\u5fc3\u8655\u7406\u6df1\u5c64\u77db\u76fe \u4e0d\u518d\u300c\u9694\u9774\u6414\u7662\u300d","content":"","section":"1","cat":"1","publish_datetime":"2019-10-17 09:53:00","vdo":{"cover_path":"","headline":"","id":"","video_path":""},"imgs":[{"path":"20191017\/_2019101710041586606_370.jpg","isCover":1}],"writer":{"columnTitle":"","columnistID":"","trait":"","writer":""},"layout":"1","share_link":""},{"id":"1115276","newsID":"","title":"\u3010\u4fee\u4f8b\u98a8\u6ce2\u3011\u8981\u6c42\u8b66\u5bdf\u9053\u6b49\u6210\u7981\u5fcc\u8a5e\uff1f \u5f35\u5efa\u5b97\uff1a\u8b66\u968a\u76e1\u5fe0\u8077\u5b88","content":"","section":"1","cat":"1","publish_datetime":"2019-10-17 10:21:00","vdo":{"cover_path":"","headline":"","id":"","video_path":""},"imgs":[{"path":"20191017\/_2019101710231969382_370.jpg","isCover":1}],"writer":{"columnTitle":"","columnistID":"","trait":"","writer":""},"layout":"1","share_link":""},{"id":"1115285","newsID":"","title":"\u5f35\u5efa\u5b97\u6307\u9ad8\u5ea6\u95dc\u6ce8\u5c91\u5b50\u6770\u9047\u8972\u6848 \u4e0d\u5bb9\u5fcd\u4efb\u4f55\u66b4\u529b","content":"","section":"1","cat":"1","publish_datetime":"2019-10-17 10:29:00","vdo":{"cover_path":"","headline":"","id":"","video_path":""},"imgs":[{"path":"20191017\/_2019101710321178715_370.jpg","isCover":1}],"writer":{"columnTitle":"","columnistID":"","trait":"","writer":""},"layout":"1","share_link":""},{"id":"1117313","newsID":"","title":"\u3010\u65bd\u653f\u5831\u544a\u3011\u5f62\u5bb9\u5831\u544a\u653e\u81bd\u5275\u65b0 \u5f35\u5efa\u5b97\u7c72\u7acb\u6703\u8b70\u54e1\u652f\u6301\u653f\u5e9c\u65bd\u653f","content":"","section":"1","cat":"1","publish_datetime":"2019-10-20 10:31:00","vdo":{"cover_path":"","headline":"","id":"","video_path":""},"imgs":[{"path":"20191020\/_2019102010413642238_370.jpg","isCover":1}],"writer":{"columnTitle":"","columnistID":"","trait":"","writer":""},"layout":"1","share_link":""},{"id":"1122586","newsID":"","title":"\u3010\u65bd\u653f\u5831\u544a\u3011\u5f35\u5efa\u5b97\uff1a\u5c11\u6578\u65cf\u88d4\u662f\u6e2f\u91cd\u8981\u4eba\u529b\u8cc7\u6e90 \u540c\u5fc3\u5efa\u5171\u878d\u793e\u6703","content":"","section":"1","cat":"1","publish_datetime":"2019-10-27 10:00:00","vdo":{"cover_path":"","headline":"","id":"","video_path":""},"imgs":[{"path":"20191027\/_2019102711514688170_370.jpg","isCover":1}],"writer":{"columnTitle":"","columnistID":"","trait":"","writer":""},"layout":"1","share_link":""},{"id":"1127938","newsID":"","title":"\u3010\u4fee\u4f8b\u98a8\u6ce2\u3011\u5f35\u5efa\u5b97\uff1a\u653f\u5e9c\u5c07\u9080\u793e\u6703\u9818\u8896\u53ca\u5c08\u5bb6\u7b49 \u7814\u793e\u6703\u6df1\u5c64\u6b21\u554f\u984c","content":"","section":"1","cat":"1","publish_datetime":"2019-11-03 13:24:00","vdo":{"cover_path":"","headline":"","id":"","video_path":""},"imgs":[{"path":"20191103\/_2019110313320090889_370.jpg","isCover":1}],"writer":{"columnTitle":"","columnistID":"","trait":"","writer":""},"layout":"1","share_link":""},{"id":"1129253","newsID":"","title":"\u6307\u5340\u9078\u5f8c\u8209\u884c\u7b2c\u4e8c\u8f2a\u793e\u5340\u5c0d\u8a71 \u5f35\u5efa\u5b97\u7a31\u5c0a\u91cd\u65b0\u805e\u81ea\u7531\u7c72\u8b66\u8a18\u4e92\u60e0\u4e92\u8ad2  ","content":"","section":"1","cat":"1","publish_datetime":"2019-11-05 09:54:00","vdo":{"cover_path":"","headline":"","id":"","video_path":""},"imgs":[{"path":"20191105\/_2019110510050832300_370.jpeg","isCover":1}],"writer":{"columnTitle":"","columnistID":"","trait":"","writer":""},"layout":"1","share_link":""}],"relevant_news":[],"topic":[],"share_link":"http:\/\/hd.stheadline.com\/news\/realtime\/hk\/1629256"}