{"id":"1129120","newsID":"","title":"\u82e6\u7df4\u4e00\u500b\u6708 \u9f4b\u85e4\u98db\u9ce5\u6975\u901f\u5b78\u8b58\u8b8a\u81c9","content":["\u65e5\u672c\u4eba\u6c23\u5973\u5b50\u7d44\u5408\u4e43\u6728\u574246\uff0c\u5728\u5979\u5011\u7684\u7687\u724c\u7bc0\u76ee\u300a\u4e43\u6728\u5742\u5de5\u4e8b\u4e2d\u300b\u4e2d\u5e38\u63a5\u53d7\u9ad8\u96e3\u5ea6\u6311\u6230\uff0c\u6700\u8fd1\u64ad\u51fa\u7684\u4e00\u96c6\u4e2d\uff0c\u66fe\u6f14\u65e5\u7248\u300a\u90a3\u4e9b\u5e74\uff0c\u6211\u5011\u4e00\u8d77\u8ffd\u7684\u5973\u5b69\u300b\u7684\u4eba\u6c23\u6210\u54e1\u9f4b\u85e4\u98db\u9ce5\uff0c\u6311\u6230\u6f14\u51fa\u4e2d\u570b\u5ddd\u5287\u9ad8\u96e3\u5ea6\u6975\u901f\u8b8a\u81c9\u5947\u6280\uff01\u003Cbr \/\u003E\u003Cbr \/\u003E\u9f4b\u85e4\u88ab\u6307\u53ea\u7528\u4e00\u500b\u6708\u6642\u9593\u82e6\u7df4\u8b8a\u81c9\uff0c\u9080\u5f97\u4e00\u4f4d\u4e2d\u570b\u5c0e\u5e2b\u50b3\u6388\u8b8a\u81c9\u7684\u5979\uff0c\u5728\u7bc0\u76ee\u4e2d\u6210\u529f\u8b8a\u51fa\u5341\u500b\u4e0d\u540c\u81c9\u5b54\uff0c\u4ee4\u968a\u53cb\u76ee\u77aa\u53e3\u5446\uff0c\u5927\u62cd\u624b\u638c\uff0c\u5c0e\u5e2b\u4ea6\u7a31\u8b9a\u5979\u5341\u5206\u8070\u660e\uff01\u9f4b\u85e4\u8868\u6f14\u8b8a\u81c9\u6642\uff0c\u4e3b\u6301\u4eba\u7a31\u4e0d\u76f8\u4fe1\u662f\u9f4b\u85e4\u672c\u4eba\uff0c\u9f4b\u85e4\u6700\u5f8c\u8b8a\u56de\u81ea\u5df1\u7684\u771f\u9762\u76ee\u8b49\u771f\u8eab\uff01\u5979\u4ea6\u8b19\u7a31\uff0c\u8b8a\u81c9\u6280\u5de7\u53ea\u5c6c\u521d\u7d1a\u6c34\u6e96\u3002\u003Cbr \/\u003E\u003Cbr \/\u003E\u53e6\u5916\uff0c\u4e43\u6728\u5742\u65e5\u524d\u5b8c\u6210\u4e0a\u6d77\u6f14\u5531\u6703\u5f8c\uff0c\u5c07\u5728\u4e0b\u6708\u63a8\u51fa\u5beb\u771f\u96c6\u300a\u4e43\u6728\u64aeVol.2\u300b\uff0c\u9f4b\u85e4\u65e5\u524d\u5c31\u516c\u958b\u8207\u968a\u53cb\u8207\u7530\u7950\u5e0c\u62b1\u62b1\u7684\u5ba3\u50b3\u7247\u6bb5\u3002\u5716\uff1a\u7db2\u4e0a\u5716\u7247","",""],"section":"1","cat":"2","publish_datetime":"2019-11-04 23:35:00","vdo":{"cover_path":"","headline":"","id":"","video_path":""},"vid":{"cover_path":"","headline":"","id":"","video_path":""},"imgs":[{"path":"20191104\/_2019110423274264218_600.jpg","caption":"\u9f4b\u85e4\u98db\u9ce5\u81ea\u8b19\u8b8a\u81c9\u6280\u5de7\u53ea\u5c6c\u521d\u7d1a\u6c34\u6e96\u3002","isCover":0},{"path":"20191104\/_2019110423274331541_600.jpg","caption":"\u9f4b\u85e4\u98db\u9ce5\u6975\u901f\u8b8a\u81c9\uff01","isCover":0},{"path":"20191104\/_2019110423274426037_600.jpg","caption":"\u9f4b\u85e4\u98db\u9ce5\u8b8a\u5b8c\u53c8\u8b8a\uff01","isCover":0},{"path":"20191104\/_2019110423274540629_600.jpg","caption":"\u4e43\u6728\u574246\u968a\u53cb\u62cd\u638c\u53eb\u597d\u3002","isCover":0},{"path":"20191104\/_2019110423274694649_600.jpg","caption":"\u9f4b\u85e4\u98db\u9ce5\u8b8a\u56de\u81ea\u5df1\u7684\u771f\u9762\u76ee\u3002","isCover":0},{"path":"20191104\/_2019110423274886612_600.jpg","caption":"","isCover":0}],"writer":{"columnTitle":"","columnistID":"","trait":"","writer":""},"layout":"4","keyword":[],"related_news":[{"id":"1129292","newsID":"","title":"\u3010\u4fee\u4f8b\u98a8\u6ce2\u3011\u5c07\u8ecd\u6fb3\u4e0a\u6708\u4e2d\u885d\u7a81\u4e8b\u4ef6 \u8b66\u518d\u62d8\u5169\u7537\u5973","content":"","section":"1","cat":"1","publish_datetime":"2019-11-05 10:51:00","vdo":{"cover_path":"","headline":"","id":"","video_path":""},"imgs":[{"path":"20191105\/_2019110510532618274_370.jpg","isCover":1}],"writer":{"columnTitle":"","columnistID":"","trait":"","writer":""},"layout":"1","share_link":""},{"id":"1129289","newsID":"","title":"\u7fd2\u8fd1\u5e73\u9032\u535a\u6703\u958b\u5e55\u6f14\u8b1b \u7a31\u4e2d\u570b\u958b\u653e\u7684\u5927\u9580\u53ea\u6703\u8d8a\u958b\u8d8a\u5927","content":"","section":"1","cat":"3","publish_datetime":"2019-11-05 10:51:00","vdo":{"cover_path":"","headline":"","id":"","video_path":""},"imgs":[{"path":"20191105\/_2019110510522611896_370.jpg","isCover":1}],"writer":{"columnTitle":"","columnistID":"","trait":"","writer":""},"layout":"1","share_link":""},{"id":"1129285","newsID":"","title":"\u3010\u73fe\u5e02\u6cc1\u3011\u6052\u6307\u534734\u9ede\u583127582 \u821c\u5b87\u5149\u5b78\u53472.5%","content":"","section":"1","cat":"6","publish_datetime":"2019-11-05 10:43:00","vdo":{"cover_path":"","headline":"","id":"","video_path":""},"imgs":[{"path":"20191105\/1129285_349330_20191105_370.jpg","isCover":1}],"writer":{"columnTitle":"","columnistID":"","trait":"","writer":""},"layout":"1","share_link":""},{"id":"1129312","newsID":"","title":"\u4eba\u884c\u9032\u884c4000\u5104\u5143MLF \u964d\u5229\u7387\u81f33.25\u5398","content":"","section":"1","cat":"6","publish_datetime":"2019-11-05 10:42:00","vdo":{"cover_path":"","headline":"","id":"","video_path":""},"imgs":[{"path":"20191105\/1129312_349320_20191105_370.jpg","isCover":1}],"writer":{"columnTitle":"","columnistID":"","trait":"","writer":""},"layout":"1","share_link":""}],"relevant_news":[],"topic":[],"share_link":"http:\/\/hd.stheadline.com\/life\/ent\/realtime\/1629120"}