{"id":"1129406","newsID":"","title":"\u82f1\u570b\u8ca8\u6ac3\u8eca\u6848 \u8d8a\u5357\u62d8\u63558\u4eba\u6d89\u53ca\u4eba\u53e3\u8ca9\u904b","content":["\u82f1\u570b\u8ca8\u6ac3\u8eca\u85cf39\u4eba\u86c7\u6158\u6b7b\u6848\u518d\u6709\u65b0\u9032\u5c55\uff0c\u8d8a\u5357\u7fa9\u5b89\u7701\u8b66\u65b9\u5468\u4e00\uff084\u65e5\uff09\u5ba3\u5e03\u518d\u62d8\u63558\u540d\u8d8a\u4eba\uff0c\u61f7\u7591\u4ed6\u5011\u5077\u904b\u4eba\u53e3\u81f3\u82f1\u570b\u3002\u003Cbr \/\u003E\u003Cbr \/\u003E\u8d8a\u5357\u7fa9\u5b89\u7701\u8b66\u5c40\u5c40\u9577\u962e\u53cb\u7403\u8868\u793a\uff0c\u4e8b\u4ef6\u662f\u9707\u9a5a\u570b\u969b\u793e\u6703\u7684\u4eba\u9053\u60b2\u5287\uff0c\u8b66\u65b9\u4ee5\u7d44\u7e54\u8207\u4ef2\u4ecb\u4ed6\u4eba\u9003\u5f80\u570b\u5916\u6216\u5728\u570b\u5916\u975e\u6cd5\u5c45\u7559\u7f6a\u540d\uff0c\u518d\u62d8\u63558\u540d\u6d89\u6848\u4eba\u58eb\uff0c\u76ee\u524d\u8abf\u67e5\u5de5\u4f5c\u9084\u5728\u9032\u884c\u4e2d\u3002\u7576\u5c4011\u67081\u65e5\u5728\u8d8a\u5357\u4e2d\u90e8\u5df2\u62d8\u6355\u5169\u540d\u6d89\u6848\u4eba\u58eb\u3002\u003Cbr \/\u003E\u003Cbr \/\u003E\u81f3\u5468\u4e00\uff0c\u5171\u670921\u500b\u7fa9\u5b89\u7701\u7684\u5bb6\u5ead\u300110\u500b\u6cb3\u975c\u7701\u5bb6\u5ead\u53ca\u5176\u4ed6\u7701\u5206\u5bb6\u5ead\u5411\u8d8a\u5357\u653f\u5e9c\u901a\u5831\uff0c\u89aa\u4eba\u524d\u5f80\u82f1\u570b\u5f8c\u5931\u806f\u4e26\u5c0b\u6c42\u5354\u52a9\u3002\u8b66\u65b9\u7a31\uff0c\u4ed6\u5011\u5df2\u806f\u7d61\u8d8a\u5357\u653f\u5e9c\uff0c\u4e26\u76f4\u63a5\u63a5\u89f8\u591a\u500b\u8d8a\u5357\u548c\u82f1\u570b\u7684\u5bb6\u5ead\uff0c\u7576\u5c40\u76f8\u4fe1\u5df2\u7d93\u8fa8\u5225\u51fa\u4e00\u4e9b\u6b7b\u8005\u8eab\u5206\uff0c\u4f46\u78ba\u8a8d\u8eab\u5206\u7684\u8b49\u64da\u4ecd\u9808\u6b63\u5f0f\u63d0\u4ea4\u7d66\u82f1\u570b\u9a57\u5c4d\u5b98\u8fa6\u516c\u5ba4\u3002","",""],"section":"1","cat":"4","publish_datetime":"2019-11-05 12:18:00","vdo":{"cover_path":"","headline":"","id":"","video_path":""},"vid":{"cover_path":"","headline":"","id":"","video_path":""},"imgs":[{"path":"20191105\/_2019110512222063707_600.jpg","caption":"\u82f1\u570b\u51b7\u51cd\u8ca8\u6ac3\u4eba\u86c739\u6b7b\u6158\u6848\uff0c\u65e5\u524d\u5728\u82f1\u570b\u6709\u60bc\u5ff5\u6d3b\u52d5\u3002AP","isCover":0},{"path":"20191105\/_2019110512222169587_600.jpg","caption":"\u591a\u500b\u8d8a\u5357\u5bb6\u5ead\u5831\u7a31\u6709\u89aa\u4eba\u524d\u5f80\u82f1\u570b\u5f8c\u5931\u8e64\u3002AP","isCover":0}],"writer":{"columnTitle":"","columnistID":"","trait":"","writer":""},"layout":"3","keyword":["\u82f1\u570b\u8ca8\u6ac3\u8eca","\u8d8a\u5357"],"related_news":[{"id":"1111267","newsID":"","title":"\u8d8a\u5357\u5973\u9080\u524d\u7537\u53cb\u53c3\u52a0\u5a5a\u79ae \u4e00\u5f35\u7d19\u689d\u9023\u7d2f\u88ab\u8d95\u51fa\u5bb6\u9580","content":"","section":"1","cat":"4","publish_datetime":"2019-10-12 09:49:00","vdo":{"cover_path":"","headline":"","id":"","video_path":""},"imgs":[{"path":"20191012\/_2019101210111876868_370.jpg","isCover":1}],"writer":{"columnTitle":"","columnistID":"","trait":"","writer":""},"layout":"1","share_link":""},{"id":"1115887","newsID":"","title":"\u300a\u9577\u6bdb\u96ea\u5bf6\u300b\u591a\u6b21\u51fa\u73fe\u5357\u6d77\u300c\u4e5d\u6bb5\u7dda\u300d \u8d8a\u5357\u4e0b\u67b6\u83f2\u5916\u9577\u7c72\u6c11\u773e\u7f77\u770b","content":"","section":"1","cat":"3","publish_datetime":"2019-10-17 20:40:00","vdo":{"cover_path":"","headline":"","id":"","video_path":""},"imgs":[{"path":"20191017\/_2019101720373224122_370.jpg","isCover":1}],"writer":{"columnTitle":"","columnistID":"","trait":"","writer":""},"layout":"1","share_link":""},{"id":"1124587","newsID":"","title":"\u5357\u6d77\u71b1\u5e36\u4f4e\u6c23\u58d3\u5f62\u6210\u8972\u8d8a\u5357 \u6d77\u5357\u5cf6\u6599\u5927\u66b4\u96e8","content":"","section":"1","cat":"3","publish_datetime":"2019-10-29 20:59:00","vdo":{"cover_path":"","headline":"","id":"","video_path":""},"imgs":[{"path":"20191029\/_2019102921072616413_370.jpg","isCover":1},{"path":"20191029\/_2019102921052062965_370.jpg","isCover":0},{"path":"20191029\/_2019102921051913160_370.jpg","isCover":0}],"writer":{"columnTitle":"","columnistID":"","trait":"","writer":""},"layout":"1","share_link":""}],"relevant_news":[],"topic":[],"share_link":"http:\/\/hd.stheadline.com\/news\/realtime\/wo\/1629406"}