{"id":"1129792","newsID":"","title":"\u6771\u9435\u7dab\u65fa\u89d2\u6771\u7ad9\u9644\u8fd1\u4fe1\u865f\u6545\u969c \u5f80\u7d05\u78e1\u65b9\u5411\u5217\u8eca\u4e00\u5ea6\u6e1b\u901f","content":["\u6e2f\u9435\u6307\uff0c\u6771\u9435\u7dab\u65fa\u89d2\u6771\u7ad9\u9644\u8fd1\u6709\u4fe1\u865f\u6545\u969c\uff0c\u70ba\u5be9\u614e\u8d77\u898b\uff0c\u5f80\u7d05\u78e1\u65b9\u5411\u5217\u8eca\u7d93\u904e\u8a72\u8def\u6bb5\u6642\u8981\u6e1b\u6162\u8eca\u901f\uff0c\u6e2f\u9435\u5de5\u7a0b\u4eba\u54e1\u6b63\u5728\u8655\u7406\u3002\u665a\u4e0a7\u6642\uff0c\u6e2f\u9435\u6307\uff0c\u4e8b\u4ef6\u5df2\u8655\u7406\u597d\uff0c\u670d\u52d9\u9678\u7e8c\u56de\u5fa9\u6b63\u5e38\u3002","",""],"section":"1","cat":"1","publish_datetime":"2019-11-05 18:53:00","vdo":{"cover_path":"","headline":"","id":"","video_path":""},"vid":{"cover_path":"","headline":"","id":"","video_path":""},"imgs":[{"path":"20191105\/_2019110518561651091_600.jpg","caption":"\u8cc7\u6599\u5716\u7247","isCover":0}],"writer":{"columnTitle":"","columnistID":"","trait":"","writer":""},"layout":"4","keyword":[],"related_news":[{"id":"1129909","newsID":"","title":"\u3010\u7f8e\u65e5\u5927\u6230\u3011\u300a\u6c7a\u6230\u4e2d\u9014\u5cf6\u300b\u52d5\u7528\u7576\u5e74\u8f5f\u70b8\u6a5f \u91cd\u73fe\u4e8c\u6230\u7d93\u5178\u6230\u5f79","content":"","section":"1","cat":"2","publish_datetime":"2019-11-05 23:46:00","vdo":{"cover_path":"","headline":"","id":"","video_path":""},"imgs":[{"path":"20191105\/_2019110523524692983_370.jpg","isCover":1},{"path":"20191105\/_2019110523522843972_370.jpg","isCover":0},{"path":"20191105\/_2019110523523771327_370.jpg","isCover":0}],"writer":{"columnTitle":"","columnistID":"","trait":"","writer":""},"layout":"1","share_link":""},{"id":"1129897","newsID":"","title":"\u7fa4\u773e\u5c1a\u5fb7\u90a8\u5ee3\u660e\u82d1\u805a\u96c6\u639f\u78da \u9632\u66b4\u8b66\u65bd\u653e\u50ac\u6dda\u5f48","content":"","section":"1","cat":"1","publish_datetime":"2019-11-05 23:10:00","vdo":{"cover_path":"","headline":"","id":"","video_path":""},"imgs":[{"path":"20191105\/_2019110523290326933_370.jpeg","isCover":1},{"path":"20191105\/_2019110523290428723_370.jpeg","isCover":0},{"path":"20191105\/_2019110523290533013_370.jpeg","isCover":0}],"writer":{"columnTitle":"","columnistID":"","trait":"","writer":""},"layout":"1","share_link":""},{"id":"1129900","newsID":"","title":"\u5143\u6717\u519a\u975e\u6cd5\u9ebb\u96c0\u6a94 12\u7537\u5973\u88ab\u6355","content":"","section":"1","cat":"1","publish_datetime":"2019-11-05 22:45:00","vdo":{"cover_path":"","headline":"","id":"","video_path":""},"imgs":[{"path":"20191105\/_2019110522455993453_370.jpg","isCover":1}],"writer":{"columnTitle":"","columnistID":"","trait":"","writer":""},"layout":"1","share_link":""},{"id":"1129894","newsID":"","title":"\u3010\u7686\u5927\u6b61\u559c\u3011\u300a\u6771\u5f35\u897f\u671b\u300b\u674e\u65fb\u82b3\u6027\u611f\u51fa\u5ac1 \u5fcd\u75db\u7d0b\u5a5a\u6212","content":"","section":"1","cat":"2","publish_datetime":"2019-11-05 22:45:00","vdo":{"cover_path":"","headline":"","id":"","video_path":""},"imgs":[{"path":"20191105\/_2019110522373595281_370.jpg","isCover":1},{"path":"20191105\/_2019110522384772752_370.jpg","isCover":0},{"path":"20191105\/_2019110522375793186_370.jpg","isCover":0}],"writer":{"columnTitle":"","columnistID":"","trait":"","writer":""},"layout":"1","share_link":""}],"relevant_news":[],"topic":[],"share_link":"http:\/\/hd.stheadline.com\/news\/realtime\/hk\/1629792"}