{"id":"1129606","newsID":"","title":"\u6d78\u5927\u5b78\u751f\u6703\u767c\u8d77\u6821\u5712\u96c6\u6703 \u8072\u63f4\u88ab\u6355\u5b78\u751f\u8a18\u8005","content":["\u4e00\u540d\u5c31\u8b80\u65bc\u6d78\u5927\u65b0\u805e\u7cfb\u7684\u5b78\u751f\u8a18\u8005\uff0c\u524d\u665a\u5728\u592a\u53e4\u57ce\u4e2d\u5fc3\u63a1\u8a2a\u671f\u9593\u88ab\u6355\uff0c\u6d78\u5927\u7de8\u59d4\u6703\u6307\u8a72\u8a18\u8005\u5df2\u7372\u91cb\uff0c\u4f46\u88ab\u8b66\u65b9\u63a7\u4ee5\u516c\u773e\u5730\u65b9\u884c\u70ba\u4e0d\u6aa2\u3002\u6d78\u6703\u5927\u5b78\u5b78\u751f\u6703\u767c\u8d77\u6821\u5712\u96c6\u6703\uff0c\u8072\u63f4\u88ab\u6355\u7684\u65b0\u805e\u7cfb\u5b78\u751f\u3002\u003Cbr \/\u003E\u003Cbr \/\u003E\u5728\u6d78\u6703\u5927\u5b78\u8cfd\u99ac\u6703\u5ee3\u5834\u5167 \uff0c\u5927\u6279\u5b78\u751f\u97ff\u61c9\u5b78\u751f\u6703\u865f\u53ec\u53c3\u8207\u96c6\u6703\uff0c\u6e2f\u5927\u3001\u79d1\u5927\u3001\u7406\u5de5\u7b49\u9662\u6821\u7de8\u59d4\u6703\u4ea6\u6709\u4ee3\u8868\u5230\u5834\uff0c\u4ed6\u5011\u70ae\u8f5f\u8b66\u65b9\u7121\u7406\u62d8\u6355\u5b78\u751f\u8a18\u8005\uff0c\u8981\u6c42\u6821\u65b9\u8b74\u8cac\u8b66\u65b9\u6253\u58d3\u65b0\u805e\u81ea\u7531\u3002\u003Cbr \/\u003E\u003Cbr \/\u003E\u9999\u6e2f\u8a18\u8005\u5354\u6703\u4ea6\u6709\u4ee3\u8868\u51fa\u5e2d\u4e26\u767c\u8a00\uff0c\u6279\u8a55\u8b66\u65b9\u963b\u6493\u8a18\u8005\u63a1\u8a2a\u60c5\u6cc1\u60e1\u5316\uff0c\u751a\u81f3\u91dd\u5c0d\u6027\u5730\u62d8\u6355\u8a18\u8005\u3002\u003Cbr \/\u003E\u003Cbr \/\u003E\u7406\u5de5\u5927\u5b78\u7de8\u59d4\u6703\u6210\u54e1\u5728\u53f0\u4e0a\u767c\u8a00\u6307\uff0c\u7576\u665a\u4ed6\u8207\u88ab\u6355\u7684\u5b78\u751f\u5728\u592a\u53e4\u57ce\uff0c\u4e26\u8207\u591a\u540d\u8a18\u8005\u9032\u884c\u63a1\u8a2a\uff0c\u5f37\u8abf\u7576\u6642\u7121\u8a18\u8005\u4f5c\u4efb\u4f55\u885d\u64ca\uff0c\u4f46\u4e0d\u65b7\u88ab\u8b66\u5bdf\u7528\u76fe\u724c\u63a8\u649e\u3002\u003Cbr \/\u003E\u003Cbr \/\u003E\u5b78\u751f\u6703\u6307\uff0c\u88ab\u6355\u7684\u5b78\u751f\u4eca\u65e5\u7a0d\u5f8c\u53ec\u958b\u8a18\u8005\u6703\u4ea4\u4ee3\u4e8b\u4ef6\u3002","",""],"section":"1","cat":"1","publish_datetime":"2019-11-05 15:53:00","vdo":{"cover_path":"","headline":"","id":"","video_path":""},"vid":{"cover_path":"","headline":"","id":"","video_path":""},"imgs":[{"path":"20191105\/_2019110515592141507_600.jpg","caption":"\u88ab\u6355\u5b78\u751f\u8a18\u8005\u3002 \u8cc7\u6599\u5716\u7247","isCover":0}],"writer":{"columnTitle":"","columnistID":"","trait":"","writer":""},"layout":"4","keyword":["\u6821\u5712","\u96c6\u6703"],"related_news":[{"id":"1112926","newsID":"","title":"\u5927\u6703\u630713\u842c\u4eba\u53c3\u8207\u906e\u6253\u96c6\u6703\u4fc3\u7f8e\u901a\u904e\u4eba\u6b0a\u6c11\u4e3b\u6cd5\u6848 \u8b66\u65b9:\u6700\u9ad8\u5cf02.52\u842c\u4eba","content":"","section":"1","cat":"1","publish_datetime":"2019-10-14 23:15:00","vdo":{"cover_path":"","headline":"","id":"","video_path":""},"imgs":[{"path":"20191014\/_2019101419350554816_370.jpg","isCover":1},{"path":"20191014\/_2019101419350724557_370.jpg","isCover":0},{"path":"20191014\/_2019101419350871824_370.jpeg","isCover":0}],"writer":{"columnTitle":"","columnistID":"","trait":"","writer":""},"layout":"1","share_link":""},{"id":"1113010","newsID":"","title":" \u3010\u4fee\u4f8b\u98a8\u6ce2\u3011\u793a\u5a01\u8005\u4e2d\u74b0\u805a\u96c6\u5835\u8def \u9632\u66b4\u8b66\u5236\u670d\u81f3\u5c11\u5169\u4eba","content":"","section":"1","cat":"1","publish_datetime":"2019-10-14 22:52:00","vdo":{"cover_path":"","headline":"","id":"","video_path":""},"imgs":[{"path":"20191014\/_2019101422445056597_370.jpg","isCover":1},{"path":"20191014\/_2019101422163338296_370.jpg","isCover":0},{"path":"20191014\/_2019101422064610910_370.jpg","isCover":0}],"writer":{"columnTitle":"","columnistID":"","trait":"","writer":""},"layout":"1","share_link":""},{"id":"1113994","newsID":"","title":"\u3010\u4fee\u4f8b\u98a8\u6ce2\u3011\u53cd\u4fee\u4f8b\u7403\u8ff7\u4fee\u9813\u96c6\u6703 \u6709\u4eba\u71d2\u52d2\u90a6\u5360\u58eb\u7403\u8863\u6d29\u61a4","content":"","section":"1","cat":"1","publish_datetime":"2019-10-15 21:35:00","vdo":{"cover_path":"","headline":"","id":"","video_path":""},"imgs":[{"path":"20191015\/_2019101521512225384_370.jpg","isCover":1}],"writer":{"columnTitle":"","columnistID":"","trait":"","writer":""},"layout":"1","share_link":""},{"id":"1121101","newsID":"","title":"\u5e02\u6c11\u767c\u8d77\u8072\u63f4\u52a0\u6cf0\u96c6\u6703 \u5927\u6703\u63073000\u4eba\u53c3\u8207","content":"","section":"1","cat":"1","publish_datetime":"2019-10-24 21:29:00","vdo":{"cover_path":"","headline":"","id":"","video_path":""},"imgs":[{"path":"20191024\/_2019102421540650683_370.jpg","isCover":1},{"path":"20191024\/_2019102420151964128_370.jpg","isCover":0},{"path":"20191024\/_2019102420152094053_370.jpeg","isCover":0}],"writer":{"columnTitle":"","columnistID":"","trait":"","writer":""},"layout":"1","share_link":""},{"id":"1122433","newsID":"","title":"\u5927\u6703\u7a31\u903e1\u842c\u4eba\u53c3\u8207\u91ab\u8b77\u96c6\u6703 \u8b66\uff1a\u6700\u9ad8\u5cf0\u67092300\u4eba","content":"","section":"1","cat":"1","publish_datetime":"2019-10-26 23:33:00","vdo":{"cover_path":"","headline":"","id":"","video_path":""},"imgs":[{"path":"20191026\/_2019102619184038259_370.jpg","isCover":1},{"path":"20191026\/_2019102619184239619_370.jpeg","isCover":0},{"path":"20191026\/_2019102619184356820_370.jpeg","isCover":0}],"writer":{"columnTitle":"","columnistID":"","trait":"","writer":""},"layout":"1","share_link":""},{"id":"1122472","newsID":"","title":"\u4e2d\u5f48\u50b7\u8005\u6182\u88ab\u6355 \u4e0d\u6562\u5f80\u516c\u9662\u6c42\u91ab","content":"","section":"1","cat":"1","publish_datetime":"2019-10-26 21:02:00","vdo":{"cover_path":"","headline":"","id":"","video_path":""},"imgs":[{"path":"20191026\/_2019102621040122268_370.jpg","isCover":1}],"writer":{"columnTitle":"","columnistID":"","trait":"","writer":""},"layout":"1","share_link":""},{"id":"1124413","newsID":"","title":"\u9ed1\u8863\u8499\u9762\u4eba\u77e5\u5c08\u6821\u5712\u7834\u58de\u7e31\u706b \u6821\u65b9\u5b89\u6392\u4fdd\u5b89\u8b77\u9001\u5b78\u751f\u96e2\u958b","content":"","section":"1","cat":"1","publish_datetime":"2019-10-29 19:35:00","vdo":{"cover_path":"","headline":"","id":"","video_path":""},"imgs":[{"path":"20191029\/_2019102917491480642_370.jpg","isCover":1}],"writer":{"columnTitle":"","columnistID":"","trait":"","writer":""},"layout":"1","share_link":""},{"id":"1126207","newsID":"","title":"\u3010\u4fee\u4f8b\u98a8\u6ce2\u3011\u5468\u516d\u7dad\u5712\u96c6\u6703\u906d\u7981\u4e0a\u8a34\u88ab\u99c1\u56de \u5289\u9834\u5321\uff1a\u7121\u6cd5\u8209\u884c","content":"","section":"1","cat":"1","publish_datetime":"2019-10-31 17:04:00","vdo":{"cover_path":"","headline":"","id":"","video_path":""},"imgs":[{"path":"20191031\/_2019103117093950165_370.jpg","isCover":1}],"writer":{"columnTitle":"","columnistID":"","trait":"","writer":""},"layout":"1","share_link":""},{"id":"1127434","newsID":"","title":"128\u4eba\u4eca\u767c\u8d77\u5340\u9078\u805a\u6703\u7dad\u5712\u96c6\u6703\u300c\u7ffb\u751f\u300d","content":"","section":"1","cat":"1","publish_datetime":"2019-11-02 09:55:00","vdo":{"cover_path":"","headline":"","id":"","video_path":""},"imgs":[{"path":"20191102\/_2019110209564462313_370.jpg","isCover":1}],"writer":{"columnTitle":"","columnistID":"","trait":"","writer":""},"layout":"1","share_link":""},{"id":"1127659","newsID":"","title":"\u3010\u4fee\u4f8b\u98a8\u6ce2\u3011\u906e\u6253\u82b1\u5712\u53ca\u611b\u4e01\u5821\u5ee3\u5834\u96c6\u6703\u61c9\u8b66\u65b9\u8981\u6c42\u63d0\u65e9\u7d50\u675f","content":"","section":"1","cat":"1","publish_datetime":"2019-11-02 18:29:00","vdo":{"cover_path":"","headline":"","id":"","video_path":""},"imgs":[{"path":"20191102\/_2019110217290156214_370.jpg","isCover":1},{"path":"20191102\/_2019110217285372574_370.jpg","isCover":0},{"path":"20191102\/_2019110217285589987_370.jpg","isCover":0}],"writer":{"columnTitle":"","columnistID":"","trait":"","writer":""},"layout":"1","share_link":""}],"relevant_news":[],"topic":[],"share_link":"http:\/\/hd.stheadline.com\/news\/realtime\/hk\/1629606"}