{"id":"1129364","newsID":"","title":"\u3010\u4fee\u4f8b\u98a8\u6ce2\u3011\u9673\u6dd1\u838a\u6182\u6797\u912d\u7e8c\u4ee5\u9ad8\u58d3\u624b\u6bb5\u5c0d\u4ed8\u793a\u5a01\u8005","content":["\u570b\u5bb6\u4e3b\u5e2d\u7fd2\u8fd1\u5e73\u5728\u4e0a\u6d77\u6703\u898b\u884c\u653f\u9577\u5b98\u6797\u912d\u6708\u5a25\uff0c\u4e26\u5145\u5206\u80af\u5b9a\u5176\u5de5\u4f5c\uff0c\u6307\u4e2d\u592e\u9ad8\u5ea6\u4fe1\u4efb\u6797\u912d\u6708\u5a25\u3002\u516c\u6c11\u9ee8\u7acb\u6cd5\u6703\u8b70\u54e1\u9673\u6dd1\u838a\u8a8d\u70ba\uff0c\u5169\u4eba\u6703\u9762\u662f\u8981\u6f84\u6e05\u6797\u912d\u6708\u5a25\u660e\u5e743\u6708\u5c07\u88ab\u64a4\u63db\u7684\u50b3\u805e\uff0c\u4ea6\u660e\u986f\u662f\u4e00\u500b\u59ff\u614b\u3002\u003Cbr \/\u003E\u003Cbr \/\u003E\u9673\u6dd1\u838a\u53c8\u6307\uff0c\u6797\u912d\u6708\u5a25\u660e\u5929\u5c07\u8207\u570b\u52d9\u9662\u526f\u7e3d\u7406\u97d3\u6b63\u6703\u9762\uff0c\u4ee3\u8868\u570b\u5bb6\u5145\u5206\u80af\u5b9a\u5979\u7684\u5de5\u4f5c\uff0c\u5979\u64d4\u5fc3\u6797\u912d\u6708\u5a25\u6703\u7e7c\u7e8c\u7528\u9ad8\u58d3\u624b\u6bb5\u5c0d\u4ed8\u793a\u5a01\u8005\uff0c\u53c8\u6307\u6c11\u9593\u63d0\u51fa\u76845\u5927\u8a34\u6c42\u6c92\u6709\u51fa\u8def\u3002\u003Cbr \/\u003E\u003Cbr \/\u003E\u4eba\u6c11\u529b\u91cf\u8b70\u54e1\u9673\u5fd7\u5168\u5247\u8a8d\u70ba\uff0c\u662f\u6b21\u6703\u9762\u4e0d\u4ee3\u8868\u6797\u912d\u6708\u5a25\u7684\u6c11\u671b\u6703\u56e0\u800c\u63d0\u5347\uff0c\u6216\u662f\u80fd\u9806\u5229\u5b8c\u6210\u4eca\u5c46\u7279\u9996\u4efb\u671f\u3001\u751a\u81f3\u9023\u4efb\u3002\u4ed6\u5c0d\u4e2d\u592e\u653f\u5e9c\u82e5\u5982\u5831\u9053\u6240\u6307\u9ad8\u5ea6\u80af\u5b9a\u6797\u912d\u6708\u5a25\u8868\u73fe\u611f\u5931\u671b\uff0c\u6307\u8fd15\u500b\u6708\u4f86\u672c\u6e2f\u7684\u793a\u5a01\u6d3b\u52d5\uff0c\u4e0d\u80fd\u8b93\u5317\u4eac\u4e86\u89e3\u9999\u6e2f\u7684\u6c11\u60c5\u6c11\u6028\u3002","",""],"section":"1","cat":"1","publish_datetime":"2019-11-05 11:38:00","vdo":{"cover_path":"","headline":"","id":"","video_path":""},"vid":{"cover_path":"","headline":"","id":"","video_path":""},"imgs":[{"path":"20191105\/_2019110511472578987_600.jpg","caption":"\u9673\u6dd1\u838a\u8a8d\u70ba\uff0c\u5169\u4eba\u6703\u9762\u662f\u8981\u6f84\u6e05\u6797\u912d\u6708\u5a25\u660e\u5e743\u6708\u5c07\u88ab\u64a4\u63db\u7684\u50b3\u805e\u3002 \u8cc7\u6599\u5716\u7247\u53ca\u65b0\u83ef\u793e\u5716","isCover":0}],"writer":{"columnTitle":"","columnistID":"","trait":"","writer":""},"layout":"4","keyword":["\u4fee\u4f8b\u98a8\u6ce2","\u9673\u6dd1\u838a"],"related_news":[{"id":"1128664","newsID":"","title":"\u3010\u4fee\u4f8b\u98a8\u6ce2\u3011\u5169\u5587\u6c99\u4ed4\u524d\u65e5\u7063\u4ed4\u88ab\u6355 \u95dc\u6ce8\u7d44\u6821\u5712\u96c6\u6703\u8072\u63f4","content":"","section":"1","cat":"1","publish_datetime":"2019-11-04 13:52:00","vdo":{"cover_path":"","headline":"","id":"","video_path":""},"imgs":[{"path":"20191104\/_2019110413573331950_370.jpeg","isCover":1}],"writer":{"columnTitle":"","columnistID":"","trait":"","writer":""},"layout":"1","share_link":""},{"id":"1128775","newsID":"","title":"\u3010\u4fee\u4f8b\u98a8\u6ce2\u3011\u5ee3\u660e\u82d1\u4e0d\u6eff\u8b66\u95d6\u79c1\u4eba\u5730 \u6182\u50ac\u6dda\u7159\u5f71\u97ff\u5c45\u6c11","content":"","section":"1","cat":"1","publish_datetime":"2019-11-04 15:22:00","vdo":{"cover_path":"","headline":"","id":"","video_path":""},"imgs":[{"path":"20191104\/_2019110415223525083_370.jpg","isCover":1}],"writer":{"columnTitle":"","columnistID":"","trait":"","writer":""},"layout":"1","share_link":""},{"id":"1128805","newsID":"","title":"\u3010\u4fee\u4f8b\u98a8\u6ce2\u3011\u4e2d\u74b0ifc\u5feb\u9583\u96c6\u6703 \u6297\u8b70\u592a\u53e4\u65ac\u4eba\u4e8b\u4ef6","content":"","section":"1","cat":"1","publish_datetime":"2019-11-04 15:47:00","vdo":{"cover_path":"","headline":"","id":"","video_path":""},"imgs":[{"path":"20191104\/_2019110415511554786_370.jpg","isCover":1}],"writer":{"columnTitle":"","columnistID":"","trait":"","writer":""},"layout":"1","share_link":""},{"id":"1128985","newsID":"","title":"\u3010\u4fee\u4f8b\u98a8\u6ce2\u3011\u58ae\u6a13\u79d1\u5927\u751f\u547d\u5371 \u5b78\u751f\u6703\u8b74\u8cac\u8b66\u65b9\u963b\u7919\u6551\u63f4\u5de5\u4f5c","content":"","section":"1","cat":"1","publish_datetime":"2019-11-04 18:00:00","vdo":{"cover_path":"","headline":"","id":"","video_path":""},"imgs":[{"path":"20191104\/_2019110418241066134_370.jpg","isCover":1}],"writer":{"columnTitle":"","columnistID":"","trait":"","writer":""},"layout":"1","share_link":""},{"id":"1129030","newsID":"","title":"\u3010\u4fee\u4f8b\u98a8\u6ce2\u3011\u6a39\u4ec1\u5b78\u751f\u6703\u660e\u767c\u8d77\u96c6\u6703 \u8072\u63f4\u88ab\u50ac\u6dda\u5f48\u71d2\u50b7\u6025\u6551\u54e1","content":"","section":"1","cat":"1","publish_datetime":"2019-11-04 19:34:00","vdo":{"cover_path":"","headline":"","id":"","video_path":""},"imgs":[{"path":"20191104\/_2019110419412340607_370.jpg","isCover":1}],"writer":{"columnTitle":"","columnistID":"","trait":"","writer":""},"layout":"1","share_link":""},{"id":"1129166","newsID":"","title":"\u3010\u4fee\u4f8b\u98a8\u6ce2\u3011\u9632\u66b4\u8b66\u6df1\u591c\u5c1a\u5fb7\u90a8\u6212\u5099 \u8857\u574a\u8981\u6c42\u4ea4\u4ee3\u79d1\u5927\u751f\u58ae\u6a13","content":"","section":"1","cat":"1","publish_datetime":"2019-11-05 07:32:00","vdo":{"cover_path":"","headline":"","id":"","video_path":""},"imgs":[{"path":"20191105\/_2019110507363067136_370.jpg","isCover":1}],"writer":{"columnTitle":"","columnistID":"","trait":"","writer":""},"layout":"1","share_link":""},{"id":"1129265","newsID":"","title":"\u3010\u5c08\u6b04\u3011\u9f13\u5439\u66b4\u529b\u9769\u547d\u7b97\u662f\u6548\u5fe0\u55ce\uff1f","content":"","section":"1","cat":"1","publish_datetime":"2019-11-05 10:20:00","vdo":{"cover_path":"","headline":"","id":"","video_path":""},"imgs":[{"path":"20191105\/_2019110510164583458_370.jpg","isCover":1}],"writer":{"columnTitle":"","columnistID":"","trait":"","writer":""},"layout":"1","share_link":""},{"id":"1129277","newsID":"","title":"\u3010\u5c08\u6b04\u3011\u5927\u5b78\u6821\u9577\u7684\u8003\u9a57","content":"","section":"1","cat":"1","publish_datetime":"2019-11-05 10:40:00","vdo":{"cover_path":"","headline":"","id":"","video_path":""},"imgs":[{"path":"20191105\/_2019110510281334994_370.jpg","isCover":1}],"writer":{"columnTitle":"","columnistID":"","trait":"","writer":""},"layout":"1","share_link":""},{"id":"1129280","newsID":"","title":"\u3010\u4fee\u4f8b\u98a8\u6ce2\u3011\u6307\u4e2d\u592e\u7121\u610f\u63db\u73ed\u5b50 \u8b5a\u8000\u5b97\uff1a\u64a4\u6797\u912d\u50b3\u805e\u4e0d\u653b\u81ea\u7834","content":"","section":"1","cat":"1","publish_datetime":"2019-11-05 10:22:00","vdo":{"cover_path":"","headline":"","id":"","video_path":""},"imgs":[{"path":"20191105\/_2019110510290456475_370.jpg","isCover":1}],"writer":{"columnTitle":"","columnistID":"","trait":"","writer":""},"layout":"1","share_link":""},{"id":"1129286","newsID":"","title":"\u5426\u8a8d\u5927\u72c0\u5973\u5a7f\u4ee3\u54e1\u4f50\u7d1a\u5354\u6703\u7533\u7981\u4ee4\u662f\u4fee\u88dc\u95dc\u4fc2 \u5f35\u5efa\u5b97\uff1a\u5728\u5bb6\u4e0d\u8ac7\u516c\u4e8b","content":"","section":"1","cat":"1","publish_datetime":"2019-11-05 10:38:00","vdo":{"cover_path":"","headline":"","id":"","video_path":""},"imgs":[{"path":"20191105\/_2019110511174531688_370.jpeg","isCover":1}],"writer":{"columnTitle":"","columnistID":"","trait":"","writer":""},"layout":"1","share_link":""}],"relevant_news":[],"topic":[],"share_link":"http:\/\/hd.stheadline.com\/news\/realtime\/hk\/1629364"}