{"id":"1129855","newsID":"","title":"\u3010\u74b0\u5cf6\u6cf3\u7834\u7d00\u9304\u3011\u65b9\u529b\u7533\u9047\u5927\u6d6a\u53cd\u80c3 \u81ea\u541e\u5614\u5410\u7269\u9802\u786c\u4e0a","content":["\u003Cbr \/\u003E\u9999\u6e2f\u6e38\u6cf3\u4ee3\u8868\u968a\u904b\u52d5\u54e1\u51fa\u8eab\u7684\u65b9\u529b\u7533\uff0c\u4ee510\u5c0f\u664243\u520606\u79d2\u7834\u7d00\u9304\u6210\u7e3e\uff0c\u5b8c\u621045\u516c\u91cc\u74b0\u5cf6\u6cf3\u6311\u6230\uff0c\u70ba\u300c\u9ede\u6ef4\u662f\u751f\u547d\u300d\u7c4c\u5f97\u903e760\u842c\u5584\u6b3e\uff0c\u4ed6\u5766\u8a00\u662f\u81ea\u5df139\u5e74\u4f86\uff0c\u6700\u6210\u529f\u7684\u4e00\u65e5\uff01\u003Cbr \/\u003E\u003Cbr \/\u003E\u5c0f\u65b9\u53c8\u8868\u660e\uff0c\u4e0b\u4e00\u500b\u6311\u6230\u5c31\u662f\u5e0c\u671b\u627e\u5230\u4e00\u898b\u937e\u60c5\u7684\u5973\u4f34\u7d50\u5a5a\uff01\u73fe\u5e7439\u6b72\u7684\u5c0f\u65b9\uff0c\u6253\u7834\u82f1\u7c4d\u6cf3\u624bSimon Holliday\u65bc17\u5e74\u5275\u4e0b\u7684\u74b0\u5cf6\u6cf3\u7d00\u9304\uff0c\u903e\u767e\u89aa\u53cb\u5230\u5834\u652f\u6301\uff0c\u90e8\u4efd\u66f4\u662f\u7531\u5916\u570b\u8fd4\u6e2f\uff0c\u4ee4\u4ed6\u53d7\u5bf5\u82e5\u9a5a\uff01","\u5fc3\u8df3\u52a0\u901f \u64d4\u5fc3\u5fc3\u5f8b\u003Cbr \/\u003E\u5c0f\u65b9\u5766\u8a00\u6c92\u60f3\u904e\u80fd\u7834\u7d00\u9304\uff0c\u5728\u6c34\u6d41\u5e6b\u52a9\u4e0b\uff0c\u5168\u7a0b\u6e38\u5f97\u8f15\u9b06\uff0c\u52a0\u4e0a\u5df2\u7c4c\u5f97\u903e700\u842c\u5584\u6b3e\uff0c\u58d3\u529b\u4e0d\u5927\u3002\u4ed6\u76f4\u8a00\u6700\u96e3\u662f\u5728\u77f3\u6fb3\u6bb5\u9047\u5230\u5927\u6d6a\uff0c\u62cb\u5230\u53cd\u80c3\uff0c\u300c\u6211\u786c\u751f\u751f\u5c07\u5614\u5410\u7269\u518d\u541e\u843d\u809a\uff0c\u671f\u9593\u96d9\u817f\u4ea6\u96aa\u62bd\u7b4b\uff0c\u52a0\u4e0a\u4e00\u5ea6\u5fc3\u8df3\u52a0\u901f\uff0c\u64d4\u5fc3\u81ea\u5df1\u5fc3\u5f8b\uff0c\u6545\u96e2\u7d42\u9ede7\u30018\u516c\u91cc\u6642\u6709\u653e\u6162\u901f\u5ea6\u3002\u300d",""],"section":"1","cat":"2","publish_datetime":"2019-11-05 21:28:00","vdo":{"cover_path":"","headline":"","id":"","video_path":""},"vid":{"cover_path":"","headline":"","id":"","video_path":""},"imgs":[{"path":"20191105\/_2019110521332956285_600.jpg","caption":"","isCover":0},{"path":"20191105\/_2019110521332234131_600.jpg","caption":"","isCover":0},{"path":"20191105\/_2019110521332579676_600.jpg","caption":"","isCover":0},{"path":"20191105\/_2019110521331893637_600.jpg","caption":"","isCover":0},{"path":"20191105\/_2019110521333276774_600.jpg","caption":"","isCover":0},{"path":"20191105\/_2019110521333579046_600.jpg","caption":"","isCover":0},{"path":"20191105\/_2019110521333777973_600.jpg","caption":"","isCover":0},{"path":"20191105\/_2019110521333843215_600.jpg","caption":"","isCover":0}],"writer":{"columnTitle":"","columnistID":"","trait":"","writer":""},"layout":"4","keyword":[],"related_news":[{"id":"1130174","newsID":"","title":"\u7f8e\u99d0\u6b50\u76df\u5927\u4f7f\u6851\u5fb7\u862d\u8b49\u7279\u6717\u666e\u5411\u70cf\u514b\u862d\u65bd\u58d3","content":"","section":"1","cat":"4","publish_datetime":"2019-11-06 12:20:00","vdo":{"cover_path":"","headline":"","id":"","video_path":""},"imgs":[{"path":"20191106\/_2019110612222561382_370.jpg","isCover":1}],"writer":{"columnTitle":"","columnistID":"","trait":"","writer":""},"layout":"1","share_link":""},{"id":"1130171","newsID":"","title":"\u5730\u76e4\u5de5\u6495\u9023\u5102\u7246\u8207\u7121\u696d\u6f22\u6253\u9b25 \u5169\u4eba\u5224\u5b88\u884c\u70ba1\u5e74","content":"","section":"1","cat":"1","publish_datetime":"2019-11-06 12:16:00","vdo":{"cover_path":"","headline":"","id":"","video_path":""},"imgs":[{"path":"20191106\/_2019110612194992728_370.jpg","isCover":1}],"writer":{"columnTitle":"","columnistID":"","trait":"","writer":""},"layout":"1","share_link":""},{"id":"1130168","newsID":"","title":"\u9326\u7d89\u6d0b\u623f1180\u842c\u6cbd\u51fa","content":"","section":"1","cat":"5","publish_datetime":"2019-11-06 12:15:00","vdo":{"cover_path":"","headline":"","id":"","video_path":""},"imgs":[{"path":"20191106\/_2019110612153326997_370.jpg","isCover":1}],"writer":{"columnTitle":"","columnistID":"","trait":"","writer":""},"layout":"1","share_link":""},{"id":"1130164","newsID":"","title":"\u4e2d\u5348\u6536\u5e02\uff1a\u6052\u6307\u8dcc22\u9ede\u6536\u583127661 \u6210\u4ea4400\u5104\u5143","content":"","section":"1","cat":"6","publish_datetime":"2019-11-06 12:03:00","vdo":{"cover_path":"","headline":"","id":"","video_path":""},"imgs":[{"path":"20191106\/1130164_349634_20191106_370.jpg","isCover":1}],"writer":{"columnTitle":"","columnistID":"","trait":"","writer":""},"layout":"1","share_link":""}],"relevant_news":[],"topic":[],"share_link":"http:\/\/hd.stheadline.com\/life\/ent\/realtime\/1629855"}