{"id":"1130848","newsID":"","title":"\u7d04\u7ff0\u905c\u89b2\u898b\u82f1\u5973\u7687 \u89e3\u6563\u570b\u6703\u5927\u9078\u5c55\u958b","content":["\u82f1\u570b\u672c\u5c46\u570b\u6703\u7576\u5730\u6642\u9593\u5468\u4e09\u6de9\u6668\u6b63\u5f0f\u89e3\u6563\uff0c\u9019\u6a19\u8a8c12\u6708\u7684\u82f1\u570b\u5927\u9078\u9078\u6230\u5df2\u62c9\u958b\u5e37\u5e55\uff0c\u9996\u76f8\u7d04\u7ff0\u905c\u77e2\u8a00\u8981\u5be6\u73fe\u812b\u6b50\uff0c\u4e26\u5c07\u5176\u4e3b\u8981\u5c0d\u624b\u3001\u5de5\u9ee8\u9ee8\u9b41\u90dd\u723e\u5f6c\u8207\u5df2\u6545\u524d\u8607\u806f\u9818\u8896\u53f2\u592a\u6797\u76f8\u63d0\u4e26\u8ad6\uff0c\u6307\u90dd\u723e\u5f6c\u53cd\u5546\u754c\u3001\u300c\u4ec7\u6068\u300d\u8ca1\u5bcc\u5275\u9020\u8005\u3002\u003Cbr \/\u003E\u003Cbr \/\u003E\u7d04\u7ff0\u905c\u524d\u5f80\u767d\u91d1\u6f22\u5bae\u89b2\u898b\u82f1\u5973\u7687\u7d0425\u5206\u9418\u3002\u82f1\u570b\u5927\u9078\u5c07\u65bc12\u670812\u65e5\u8209\u884c\u3002\u6309\u82f1\u570b\u6cd5\u5f8b\uff0c\u570b\u6703\u5728\u5927\u9078\u958b\u59cb\u524d25\u500b\u5de5\u4f5c\u65e5\u81ea\u52d5\u89e3\u6563\u3002\u6839\u64da\u6b77\u53f2\u50b3\u7d71\uff0c\u9996\u76f8\u7d04\u7ff0\u905c\u4ecd\u8981\u89b2\u898b\u82f1\u5973\u7687\u4f0a\u5229\u6c99\u4f2f\u4e8c\u4e16\uff0c\u63d0\u8acb\u89e3\u6563\u570b\u6703\u4e26\u7372\u5973\u7687\u540c\u610f\u3002\u570b\u6703\u89e3\u6563\u5f8c\uff0c\u4e0b\u8b70\u9662\u6240\u6709\u5e2d\u4f4d\u81ea\u52d5\u7a7a\u7f3a\uff0c\u4f46\u5305\u62ec\u9996\u76f8\u5728\u5167\u7684\u6240\u6709\u5167\u95a3\u5927\u81e3\u4ecd\u4fdd\u7559\u73fe\u8077\u4f4d\u76f4\u81f3\u65b0\u5167\u95a3\u7d44\u5efa\u5b8c\u6210\u3002\u6b64\u5916\uff0c\u56e0\u57289\u6708\u521d\u652f\u6301\u300c\u9632\u786c\u812b\u6b50\u6cd5\u6848\u300d\u800c\u88ab\u9010\u51fa\u4fdd\u5b88\u9ee8\u7684\u524d\u8ca1\u76f8\u590f\u6587\u9054\uff0c\u5ba3\u5e03\u5c07\u4e0d\u89d2\u9010\u9023\u4efb\u570b\u6703\u8b70\u54e1\u3002\u590f\u6587\u9054\u8aaa\u81ea\u5df1\u4e0d\u60f3\u5728\u5927\u9078\u4e2d\u4ee5\u7368\u7acb\u4eba\u58eb\u8eab\u4efd\u5c0d\u4fdd\u5b88\u9ee8\u63d0\u51fa\u300c\u76f4\u63a5\u6311\u6230\u300d\uff0c\u7a31\u4ed6\u4e0d\u6b32\u8207\u81ea\u5df1\u4e00\u751f\u652f\u6301\u7684\u4fdd\u5b88\u9ee8\u5c0d\u6297\u3002","",""],"section":"1","cat":"4","publish_datetime":"2019-11-06 23:01:00","vdo":{"cover_path":"","headline":"","id":"","video_path":""},"vid":{"cover_path":"","headline":"","id":"","video_path":""},"imgs":[{"path":"20191106\/_2019110622432692498_600.jpg","caption":"\u82f1\u570b\u9996\u76f8\u7d04\u7ff0\u905c\u3002Ap\u5716\u7247","isCover":0}],"writer":{"columnTitle":"","columnistID":"","trait":"","writer":""},"layout":"4","keyword":["\u82f1\u570b","\u9996\u76f8","\u7d04\u7ff0\u905c"],"related_news":[{"id":"1124497","newsID":"","title":"\u3010\u4fee\u4f8b\u98a8\u6ce2\u3011\u4f55\u541b\u582f\u65a5\u82f1\u6bcd\u6821\u892b\u596a\u5b78\u4f4d\u5be6\u6253\u58d3\u81ea\u7531 \u82f1\u7f8e\u300c\u7aae\u5716\u5315\u73fe\u300d","content":"","section":"1","cat":"1","publish_datetime":"2019-10-29 18:29:00","vdo":{"cover_path":"","headline":"","id":"","video_path":""},"imgs":[{"path":"20191029\/_2019102918415925462_370.jpg","isCover":1}],"writer":{"columnTitle":"","columnistID":"","trait":"","writer":""},"layout":"1","share_link":""},{"id":"1124578","newsID":"","title":"\u7279\u6717\u666e\u9996\u8a2a\u829d\u52a0\u54e5 \u6279\u8a55\u662f\u300c\u7f6a\u72af\u907f\u98a8\u6e2f\u300d","content":"","section":"1","cat":"4","publish_datetime":"2019-10-29 20:40:00","vdo":{"cover_path":"","headline":"","id":"","video_path":""},"imgs":[{"path":"20191029\/_2019102920463254729_370.jpg","isCover":1}],"writer":{"columnTitle":"","columnistID":"","trait":"","writer":""},"layout":"1","share_link":""},{"id":"1126492","newsID":"","title":"\u3010\u4fee\u4f8b\u98a8\u6ce2\u3011\u82f1\u570b\u547c\u7c72\u793a\u5a01\u8005\u7d50\u675f\u66b4\u529b \u5404\u65b9\u61c9\u4ee5\u653f\u6cbb\u65b9\u6cd5\u5316\u89e3\u5371\u6a5f","content":"","section":"1","cat":"1","publish_datetime":"2019-10-31 22:45:00","vdo":{"cover_path":"","headline":"","id":"","video_path":""},"imgs":[{"path":"20191031\/_2019103122524974711_370.jpg","isCover":1},{"path":"20191031\/_2019103122524662700_370.jpg","isCover":0},{"path":"20191031\/_2019103122524772277_370.jpg","isCover":0}],"writer":{"columnTitle":"","columnistID":"","trait":"","writer":""},"layout":"1","share_link":""},{"id":"1126498","newsID":"","title":"\u3010\u4fee\u4f8b\u98a8\u6ce2\u3011\u56de\u61c9\u82f1\u570b\u300a\u5831\u544a\u300b \u6e2f\u5e9c\u7a31\u8b66\u5bdf\u514b\u5236\u4f9d\u6cd5\u57f7\u6cd5\u70ba\u4fdd\u969c\u5e02\u6c11","content":"","section":"1","cat":"1","publish_datetime":"2019-10-31 23:03:00","vdo":{"cover_path":"","headline":"","id":"","video_path":""},"imgs":[{"path":"20191031\/_2019103123084953081_370.jpg","isCover":1},{"path":"20191031\/_2019103123085067126_370.jpg","isCover":0},{"path":"20191031\/_2019103123085128387_370.jpg","isCover":0}],"writer":{"columnTitle":"","columnistID":"","trait":"","writer":""},"layout":"1","share_link":""},{"id":"1127284","newsID":"","title":"\u3010\u4fee\u4f8b\u98a8\u6ce2\u3011\u82f1\u516c\u4f48\u9999\u6e2f\u534a\u5e74\u5831\u544a \u5916\u4ea4\u90e8\u65a5\u5e72\u6d89\u5185\u653f\u4fc3\u505c\u6b62\u767c\u8868","content":"","section":"1","cat":"1","publish_datetime":"2019-11-01 20:04:00","vdo":{"cover_path":"","headline":"","id":"","video_path":""},"imgs":[{"path":"20191101\/_2019110119463528467_370.jpg","isCover":1}],"writer":{"columnTitle":"","columnistID":"","trait":"","writer":""},"layout":"1","share_link":""},{"id":"1127542","newsID":"","title":"\u70ba\u5927\u9078\u62c9\u7968\u722d\u53d6\u74b0\u4fdd\u5206\u5b50\u652f\u6301 \u7d04\u7ff0\u905c\u53eb\u505c\u300c\u58d3\u88c2\u300d\u958b\u63a1\u5929\u7136\u6c23","content":"","section":"1","cat":"4","publish_datetime":"2019-11-02 16:12:00","vdo":{"cover_path":"","headline":"","id":"","video_path":""},"imgs":[{"path":"20191102\/_2019110214551446441_370.jpg","isCover":1}],"writer":{"columnTitle":"","columnistID":"","trait":"","writer":""},"layout":"1","share_link":""},{"id":"1129283","newsID":"","title":"\u82f1\u4e0b\u8b70\u9662\u9078\u51fa\u65b0\u8b70\u9577 \u73fe\u4efb\u526f\u8b70\u9577\u8cc0\u7acb\u7d33\u7576\u9078","content":"","section":"1","cat":"4","publish_datetime":"2019-11-05 10:34:00","vdo":{"cover_path":"","headline":"","id":"","video_path":""},"imgs":[{"path":"20191105\/_2019110510363891869_370.jpg","isCover":1}],"writer":{"columnTitle":"","columnistID":"","trait":"","writer":""},"layout":"1","share_link":""},{"id":"1129675","newsID":"","title":"\u82f1\u570b\u8d85\u5e02\u505c\u8eca\u5834\u767c\u751f\u69cd\u64ca\u68482\u7537\u5b50\u53d7\u50b7","content":"","section":"1","cat":"4","publish_datetime":"2019-11-05 17:16:00","vdo":{"cover_path":"","headline":"","id":"","video_path":""},"imgs":[{"path":"20191105\/_2019110517172484754_370.jpg","isCover":1}],"writer":{"columnTitle":"","columnistID":"","trait":"","writer":""},"layout":"1","share_link":""},{"id":"1130146","newsID":"","title":"\u82f1\u570b\u5831\u544a\u6307\u4e2d\u570b\u5e72\u6d89\u82f1\u570b\u5927\u5b78\u5b78\u8853\u81ea\u7531","content":"","section":"1","cat":"4","publish_datetime":"2019-11-06 11:42:00","vdo":{"cover_path":"","headline":"","id":"","video_path":""},"imgs":[{"path":"20191106\/_2019110611433833121_370.jpg","isCover":1}],"writer":{"columnTitle":"","columnistID":"","trait":"","writer":""},"layout":"1","share_link":""},{"id":"1130423","newsID":"","title":"\u82f1\u7687\u5ba4\u7591\u65bd\u58d3 \u7f8e\u96fb\u8996\u53f0\u62bd\u8d77\u5b89\u5fb7\u9b6f\u738b\u5b50\u6027\u919c\u805e\u53d7\u5bb3\u5973\u8a2a\u554f","content":"","section":"1","cat":"4","publish_datetime":"2019-11-06 16:30:00","vdo":{"cover_path":"","headline":"","id":"","video_path":""},"imgs":[{"path":"20191106\/_2019110615533350086_370.jpg","isCover":1},{"path":"20191106\/_2019110616544381479_370.jpg","isCover":0},{"path":"20191106\/_2019110616561122864_370.jpg","isCover":0}],"writer":{"columnTitle":"","columnistID":"","trait":"","writer":""},"layout":"1","share_link":""}],"relevant_news":[],"topic":[],"share_link":"http:\/\/hd.stheadline.com\/news\/realtime\/wo\/1630848"}