{"id":"1130492","newsID":"","title":"\u7a31\u5c0d\u9999\u6e2f\u73fe\u72c0\u611f\u60b2\u54c0 \u70c8\u986f\u502b:\u6cd5\u5ead\u9700\u589e\u4eba\u624b\u8655\u7406\u984d\u5916\u6848\u4ef6","content":["\u53cd\u4fee\u4f8b\u98a8\u6ce2\u6301\u7e8c\u903e5\u500b\u6708\uff0c\u5df2\u6709\u5927\u7d043000\u4eba\u88ab\u6355\u3002\u7d42\u5be9\u6cd5\u9662\u524d\u5e38\u4efb\u6cd5\u5b98\u70c8\u986f\u502b\u63a5\u53d7\u96fb\u8996\u7bc0\u76ee\u8a2a\u554f\u6642\u8868\u793a\uff0c\u6cd5\u5ead\u9700\u8981\u589e\u52a0\u4eba\u624b\u8655\u7406\u5927\u91cf\u984d\u5916\u6848\u4ef6\uff0c\u53c8\u7a31\u53c3\u8207\u7834\u58de\u4e8b\u4ef6\u7684\u4eba\u90fd\u662f\u300c\u7f6a\u72af\u300d\u3002\u003Cbr \/\u003E\u003Cbr \/\u003E\u70c8\u986f\u502b\u5f62\u5bb9\u8fd1\u671f\u7834\u58de\u793e\u5340\u7684\u4eba\u662f\u300c\u7f6a\u72af\u300d:\u300c\u90a3\u4e9b\u4e0d\u662f\u72af\u6cd5\uff1f\u7576\u7136\u662f\u72af\u4eba\u4f86\uff0c\u4f60\u7684\u610f\u5716\u662f\u7b2c\u4e00\u500b\u554f\u984c\uff0c\u6709\u6c92\u6709\u7834\u58de\u6cd5\u5f8b\u5462\uff1f\u5c31\u4e00\u5b9a\u6709\u3002\u300d\u4ed6\u6307\u51fa\uff0c\u73fe\u5728\u662f\u5371\u96aa\u6642\u671f\uff0c\u6cd5\u5ead\u4e00\u5b9a\u8981\u6709\u7279\u5225\u67b6\u69cb\u3001\u624b\u7e8c\u4f86\u61c9\u4ed8\u9019\u4e9b\u7279\u5225\u60c5\u6cc1\uff0c\u4f30\u8a08\u5f8b\u653f\u53f8\u61c9\u8a72\u5df2\u8058\u8acb\u5f88\u591a\u4eba\u8ca0\u8cac\u6aa2\u63a7\u3002\u003Cbr \/\u003E\u003Cbr \/\u003E\u53e6\u5916\uff0c\u5c0d\u65bc\u9ec3\u4e4b\u92d2\u88ab\u53d6\u6d88\u5340\u8b70\u6703\u53c3\u9078\u8cc7\u683c\uff0c\u70c8\u986f\u502b\u4e0d\u8a8d\u7232\u4e2d\u592e\u653f\u5e9c\u5e72\u9810\u9999\u6e2f\u3002\u300c\u9ec3\u4e4b\u92d2\u662f\u8ab0\uff1f\u9999\u6e2f\u90fd\u53ea\u662f\u4e00\u9ede\uff0c\u5f88\u7d30\u5c0f\uff0c\u771f\u662f\u7b11\u6b7b\u4eba\uff0c\u5317\u4eac\u653f\u5e9c\u6703\u4f86\u62ff\u8457\u63a7\u5236\u9ec3\u4e4b\u92d2\u5728\u9999\u6e2f\u505a\u751a\u9ebc\uff0c\u771f\u662f\u7b11\u8a71\u3002\u300d\u003Cbr \/\u003E\u003Cbr \/\u003E\u57281997\u5e74\u6210\u70ba\u7d42\u5be9\u6cd5\u9662\u5e38\u4efb\u6cd5\u5b98\uff0c\u4e4b\u5f8c\u51fa\u4efb\u975e\u5e38\u4efb\u6cd5\u5b98\u7684\u70c8\u986f\u502b\uff0c\u76ee\u524d\u5b9a\u5c45\u6fb3\u6d32\u3002\u4ed6\u8868\u793a\u4eca\u6b21\u56de\u6e2f\u770b\u5230\u9999\u6e2f\u7684\u8f49\u8b8a\uff0c\u5c0d\u9999\u6e2f\u73fe\u72c0\u611f\u5230\u60b2\u54c0\u3002","",""],"section":"1","cat":"1","publish_datetime":"2019-11-06 16:29:00","vdo":{"cover_path":"","headline":"","id":"","video_path":""},"vid":{"cover_path":"","headline":"","id":"","video_path":""},"imgs":[{"path":"20191106\/_2019110616404531942_600.jpg","caption":"\u70c8\u986f\u502b\uff08\u5c0f\u5716\uff09\u6307\u6cd5\u5ead\u9700\u8981\u66f4\u591a\u4eba\u624b\u8655\u7406\u6848\u4ef6\u3002\u8cc7\u6599\u5716\u7247","isCover":0}],"writer":{"columnTitle":"","columnistID":"","trait":"","writer":""},"layout":"4","keyword":["\u4fee\u4f8b\u98a8\u6ce2","\u70c8\u986f\u502b","\u6cd5\u9662"],"related_news":[{"id":"1129690","newsID":"","title":"\u7b2c3\u5b63\u98df\u8086\u6536\u76ca\u6309\u5e74\u8dcc11.7% \u6c99\u58eb\u4ee5\u4f86\u6700\u5927\u8dcc\u5e45","content":"","section":"1","cat":"1","publish_datetime":"2019-11-05 17:26:00","vdo":{"cover_path":"","headline":"","id":"","video_path":""},"imgs":[{"path":"20191105\/_2019110517275844205_370.jpg","isCover":1}],"writer":{"columnTitle":"","columnistID":"","trait":"","writer":""},"layout":"1","share_link":""},{"id":"1129777","newsID":"","title":"\u9999\u6e2f\u6c11\u7814\uff1a7\u6210\u53d7\u8a2a\u8005\u53cd\u5c0d\u62bc\u5f8c\u5340\u8b70\u6703\u9078\u8209","content":"","section":"1","cat":"1","publish_datetime":"2019-11-05 18:14:00","vdo":{"cover_path":"","headline":"","id":"","video_path":""},"imgs":[{"path":"20191105\/_2019110519053040505_370.jpg","isCover":1}],"writer":{"columnTitle":"","columnistID":"","trait":"","writer":""},"layout":"1","share_link":""},{"id":"1129945","newsID":"","title":"\u3010\u4fee\u4f8b\u98a8\u6ce2\u3011\u793a\u5a01\u8005\u5c07\u8ecd\u6fb3\u7e31\u706b\u639f\u78da \u8b66\u50ac\u6dda\u5f48\u9a45\u6563","content":"","section":"1","cat":"1","publish_datetime":"2019-11-06 07:35:00","vdo":{"cover_path":"","headline":"","id":"","video_path":""},"imgs":[{"path":"20191106\/_2019110607385096741_370.jpg","isCover":1},{"path":"20191106\/_2019110607385186286_370.jpg","isCover":0},{"path":"20191106\/_2019110607385413850_370.jpg","isCover":0}],"writer":{"columnTitle":"","columnistID":"","trait":"","writer":""},"layout":"1","share_link":""},{"id":"1129954","newsID":"","title":"\u3010\u4fee\u4f8b\u98a8\u6ce2\u3011\u570b\u6cf0\u7a7a\u59d0\u6d89\u975e\u6cd5\u96c6\u7d50\u88ab\u6355  \u906d\u8abf\u96e2\u8077\u52d9","content":"","section":"1","cat":"1","publish_datetime":"2019-11-06 07:52:00","vdo":{"cover_path":"","headline":"","id":"","video_path":""},"imgs":[{"path":"20191106\/_2019110607545842249_370.jpg","isCover":1}],"writer":{"columnTitle":"","columnistID":"","trait":"","writer":""},"layout":"1","share_link":""},{"id":"1130026","newsID":"","title":"\u3010\u4fee\u4f8b\u98a8\u6ce2\u3011\u6307\u55ae\u9760\u8b66\u968a\u96e3\u6b62\u66b4\u5236\u4e82 \u937e\u570b\u658c\u6599\u653f\u5e9c\u554f\u8cac\u5718\u968a\u77ed\u671f\u4e0d\u6703\u63db\u4eba","content":"","section":"1","cat":"1","publish_datetime":"2019-11-06 10:03:00","vdo":{"cover_path":"","headline":"","id":"","video_path":""},"imgs":[{"path":"20191106\/_2019110610091584591_370.jpg","isCover":1}],"writer":{"columnTitle":"","columnistID":"","trait":"","writer":""},"layout":"1","share_link":""},{"id":"1130041","newsID":"","title":"\u3010\u5c08\u6b04\u3011\u5728\u5927\u5b78\u641e\u9769\u547d\u662f\u6709\u4ee3\u50f9\u7684","content":"","section":"1","cat":"1","publish_datetime":"2019-11-06 10:35:00","vdo":{"cover_path":"","headline":"","id":"","video_path":""},"imgs":[{"path":"20191106\/_2019110610293977895_370.jpg","isCover":1}],"writer":{"columnTitle":"","columnistID":"","trait":"","writer":""},"layout":"1","share_link":""},{"id":"1130125","newsID":"","title":"\u3010\u4fee\u4f8b\u98a8\u6ce2\u3011\u97d3\u6b63\u80af\u5b9a\u6e2f\u5e9c\u8b66\u968a\u5de5\u4f5c \u5180\u6797\u912d\u5e36\u9818\u7ba1\u6cbb\u5718\u968a\u518d\u51fa\u767c","content":"","section":"1","cat":"1","publish_datetime":"2019-11-06 11:08:00","vdo":{"cover_path":"","headline":"","id":"","video_path":""},"imgs":[{"path":"20191106\/_2019110614304199952_370.jpg","isCover":1}],"writer":{"columnTitle":"","columnistID":"","trait":"","writer":""},"layout":"1","share_link":""},{"id":"1130201","newsID":"","title":"\u3010\u4fee\u4f8b\u98a8\u6ce2\u3011\u674e\u5bb6\u8d85\u6307\u65b0\u5c4b\u5dba\u5df2\u505c\u7528 \u63a53\u5b97\u76f8\u95dc\u6295\u8a34\u672a\u6d89\u6027\u4fb5","content":"","section":"1","cat":"1","publish_datetime":"2019-11-06 12:40:00","vdo":{"cover_path":"","headline":"","id":"","video_path":""},"imgs":[{"path":"20191106\/_2019110612431428778_370.jpeg","isCover":1}],"writer":{"columnTitle":"","columnistID":"","trait":"","writer":""},"layout":"1","share_link":""},{"id":"1130417","newsID":"","title":"\u3010Kelly Online\u30114\u5e74\u524d\u66fe\u8a2a\u554f\u963f\u53fb \u738b\u8fea\u8a69\uff1a\u4f60\u4f30\u5fcd\u7b11\u597d\u5bb9\u6613","content":"","section":"1","cat":"1","publish_datetime":"2019-11-06 15:15:00","vdo":{"cover_path":"","headline":"","id":"","video_path":""},"imgs":[{"path":"20191106\/_2019110615160112189_370.jpg","isCover":1},{"path":"20191106\/_2019110615160244812_370.jpg","isCover":0},{"path":"20191106\/_2019110615160330012_370.jpg","isCover":0}],"writer":{"columnTitle":"","columnistID":"","trait":"","writer":""},"layout":"1","share_link":""},{"id":"1130435","newsID":"","title":"\u50b3\u7279\u6717\u666e\u627f\u8afe\u5018\u4e2d\u7f8e\u8ac7\u5224\u6709\u9032\u5c55 \u5c07\u5c0d\u6e2f\u554f\u984c\u4fdd\u6301\u6c89\u9ed8","content":"","section":"1","cat":"1","publish_datetime":"2019-11-06 15:29:00","vdo":{"cover_path":"","headline":"","id":"","video_path":""},"imgs":[{"path":"20191106\/_2019110615430555846_370.jpg","isCover":1}],"writer":{"columnTitle":"","columnistID":"","trait":"","writer":""},"layout":"1","share_link":""}],"relevant_news":[],"topic":[],"share_link":"http:\/\/hd.stheadline.com\/news\/realtime\/hk\/1630492"}