{"id":"1130483","newsID":"","title":"\u3010\u5340\u6703\u9078\u8209\u3011\u4f55\u541b\u582f\u7a317\u6708\u8d77\u6536\u5230\u6b7b\u4ea1\u5a01\u8105  \u8058\u8acb2\u540d\u4fdd\u93e2\u540c\u53d7\u50b7","content":["\u7acb\u6cd5\u6703\u8b70\u54e1\u4f55\u541b\u582f\u4eca\u65e9\u5728\u5c6f\u9580\u300c\u64fa\u8857\u7ad9\u300d\u6642\u9047\u8972\u53d7\u50b7\u3002\u5176\u5f8c\uff0c\u4ed6\u65bc\u793e\u4ea4\u5a92\u9ad4\u767c\u653e\u7247\u6bb5\uff0c\u8868\u793a\u5147\u5f92\u5c0d\u6e96\u5fc3\u81df\u4e0b\u5200\uff0c\u4f46\u88ab\u808b\u9aa8\u5378\u53bb\u90e8\u5206\u529b\u91cf\uff0c\u50b7\u53e3\u7d04\u67091.5\u5398\u7c73\u5bec\u3001\u6df1\u5ea6\u7d041\u5398\u7c73\u3002\u003Cbr \/\u003E\u003Cbr \/\u003E\u4f55\u541b\u582f\u7e8c\u6307\uff0c\u81ea7\u6708\u8d77\u5df2\u7d93\u6536\u5230\u4e86\u6b7b\u4ea1\u5a01\u8105\uff0c\u6545\u8058\u8acb\u4e86\u4fdd\u93e2\u7167\u9867\u4ed6\u7684\u4eba\u8eab\u5b89\u5168\uff0c\u4f46\u8a72\u5169\u540d\u4fdd\u93e2\u56e0\u4fdd\u8b77\u4ed6\u4ea6\u53d7\u50b7\u4e86\uff0c\u5206\u5225\u662f\u624b\u6307\u53ca\u80f8\u53e3\u3002\u4ed6\u53c8\u6307\uff0c\u5e73\u6642\u958b\u8857\u7ad9\u6703\u6709\u7fa9\u5de5\u5354\u52a9\u9304\u5f71\uff0c\u7559\u610f\u6709\u6c92\u6709\u53ef\u7591\u4eba\u58eb\uff0c\u4eca\u65e5\u80fd\u5728\u96fb\u5149\u706b\u77f3\u9593\u5c07\u4e8b\u4ef6\u62cd\u651d\u4e0b\u4f86\uff0c\u8996\u983b\u4e5f\u5df2\u4ea4\u7d66\u4e86\u8b66\u65b9\u3002\u003Cbr \/\u003E\u003Cbr \/\u003E\u4ed6\u671b\u76e1\u5feb\u6b62\u66b4\u5236\u4e82\uff0c\u6062\u5fa9\u9999\u6e2f\u7684\u79e9\u5e8f\uff0c\u56de\u6b78\u5be7\u975c\u7684\u751f\u6d3b\uff0c\u4e5f\u5e0c\u671b\u9078\u8209\u5de5\u4f5c\u53d7\u5230\u66b4\u529b\u56f0\u64fe\u7684\u4e8b\u4ef6\u4e0d\u6703\u518d\u767c\u751f\u3002\u003Cbr \/\u003E\u003Cbr \/\u003E\u4f55\u541b\u582f\u51fa\u9078\u5340\u8b70\u6703\u5c6f\u9580\u6a02\u7fe0\u5340\uff0c\u540c\u5340\u53c3\u9078\u4eba\u6709\u6c11\u4e3b\u9ee8\u7684\u76e7\u4fca\u5b87\uff0c\u4ee5\u53ca\u5831\u7a31\u7121\u9ee8\u6d3e\u7684\u8523\u9756\u96ef\u3002","",""],"section":"1","cat":"1","publish_datetime":"2019-11-06 16:31:00","vdo":{"cover_path":"","headline":"","id":"","video_path":"20191106\/__2019110616472920143.mp4"},"vid":{"cover_path":"","headline":"","id":"","video_path":""},"imgs":[{"path":"20191106\/_2019110616502154700_600.jpg","caption":"\u4f55\u541b\u582f\u9047\u8972\u5f8c\u767c\u7247\u3002\u5f71\u7247\u622a\u5716\/\u6881\u570b\u5cf0\u651d","isCover":0},{"path":"20191106\/_2019110616363071359_600.jpg","caption":"\u4f55\u541b\u582f\u9047\u8972\u3002\u5f71\u7247\u622a\u5716\/FB\u5716","isCover":0}],"writer":{"columnTitle":"","columnistID":"","trait":"","writer":""},"layout":"4","keyword":["\u4f55\u541b\u582f"],"related_news":[{"id":"1124497","newsID":"","title":"\u3010\u4fee\u4f8b\u98a8\u6ce2\u3011\u4f55\u541b\u582f\u65a5\u82f1\u6bcd\u6821\u892b\u596a\u5b78\u4f4d\u5be6\u6253\u58d3\u81ea\u7531 \u82f1\u7f8e\u300c\u7aae\u5716\u5315\u73fe\u300d","content":"","section":"1","cat":"1","publish_datetime":"2019-10-29 18:29:00","vdo":{"cover_path":"","headline":"","id":"","video_path":""},"imgs":[{"path":"20191029\/_2019102918415925462_370.jpg","isCover":1}],"writer":{"columnTitle":"","columnistID":"","trait":"","writer":""},"layout":"1","share_link":""},{"id":"1124629","newsID":"","title":"\u3010Kelly Online\u3011\u80e1\u932b\u9032\u5efa\u8b70\u5167\u5730\u5927\u5b78\u6388\u4f55\u541b\u582f\u540d\u8b7d\u535a\u58eb","content":"","section":"1","cat":"1","publish_datetime":"2019-10-29 22:04:00","vdo":{"cover_path":"","headline":"","id":"","video_path":""},"imgs":[{"path":"20191029\/_2019102922060814012_370.jpg","isCover":1}],"writer":{"columnTitle":"","columnistID":"","trait":"","writer":""},"layout":"1","share_link":""},{"id":"1126783","newsID":"","title":"\u4e0d\u6eff\u88ab\u7f75\u300c\u9ed1\u793e\u6703\u300d \u4f55\u541b\u582f\u5165\u7a1f\u63a7\u90ed\u69ae\u93d7\u7b493\u540d\u8b70\u54e1\u8ab9\u8b17","content":"","section":"1","cat":"1","publish_datetime":"2019-11-01 11:42:00","vdo":{"cover_path":"","headline":"","id":"","video_path":""},"imgs":[{"path":"20191101\/_2019110111504851121_370.jpg","isCover":1}],"writer":{"columnTitle":"","columnistID":"","trait":"","writer":""},"layout":"1","share_link":""},{"id":"1129999","newsID":"","title":"\u5c6f\u9580\u64fa\u8857\u7ad9\u671f\u9593\u9047\u8972\u9001\u9662 \u4f55\u541b\u582f\uff1a\u50b7\u53e32\u5398\u7c73\u5c6c\u76ae\u5916\u50b7","content":"","section":"1","cat":"1","publish_datetime":"2019-11-06 13:12:00","vdo":{"cover_path":"","headline":"","id":"","video_path":""},"imgs":[{"path":"20191106\/_2019110609325147137_370.jpg","isCover":1},{"path":"20191106\/_2019110609325244611_370.jpg","isCover":0},{"path":"20191106\/_2019110609325342341_370.jpg","isCover":0}],"writer":{"columnTitle":"","columnistID":"","trait":"","writer":""},"layout":"1","share_link":""},{"id":"1130038","newsID":"","title":"\u3010\u6709\u7247\u3011\u4f55\u541b\u582f\u9047\u8972\u7d93\u904e\u66dd\u5149 \u7591\u5147\u626e\u9001\u82b1\u5408\u7167\u7a81\u53d6\u5200\u523a\u80f8","content":"","section":"1","cat":"1","publish_datetime":"2019-11-06 10:14:00","vdo":{"cover_path":"","headline":"","id":"","video_path":""},"imgs":[{"path":"20191106\/_2019110610231984980_370.jpg","isCover":1}],"writer":{"columnTitle":"","columnistID":"","trait":"","writer":""},"layout":"1","share_link":""},{"id":"1130140","newsID":"","title":"\u3010\u4f55\u541b\u582f\u9047\u8972\u3011\u200b\u653f\u5e9c\u8b74\u8cac\u200b\u8972\u64ca\u7acb\u6cd5\u6703\u8b70\u54e1 \u7a31\u7d55\u4e0d\u5bb9\u5fcd\u66b4\u529b\u884c\u70ba","content":"","section":"1","cat":"1","publish_datetime":"2019-11-06 11:33:00","vdo":{"cover_path":"","headline":"","id":"","video_path":""},"imgs":[{"path":"20191106\/_2019110611534769163_370.jpg","isCover":1}],"writer":{"columnTitle":"","columnistID":"","trait":"","writer":""},"layout":"1","share_link":""},{"id":"1130149","newsID":"","title":"\u3010\u5340\u6703\u9078\u8209\u3011\u5de6\u80f8\u88ab\u523a\u7121\u751f\u547d\u5371\u96aa \u4f55\u541b\u582f\u5f62\u5bb9\u300c\u5340\u9078\u9ed1\u8272\u7684\u4e00\u5929\u300d","content":"","section":"1","cat":"1","publish_datetime":"2019-11-06 11:39:00","vdo":{"cover_path":"","headline":"","id":"","video_path":""},"imgs":[{"path":"20191106\/_2019110611490877724_370.jpg","isCover":1}],"writer":{"columnTitle":"","columnistID":"","trait":"","writer":""},"layout":"1","share_link":""},{"id":"1130155","newsID":"","title":"\u3010\u5340\u6703\u9078\u8209\u3011\u5efa\u5236\u6d3e\u8b74\u8cac\u8972\u64ca\u4f55\u541b\u582f \u5ed6\u9577\u6c5f\uff1a\u653f\u5e9c\u6709\u8cac\u4efb\u4fdd\u969c\u5019\u9078\u4eba\u5b89\u5168","content":"","section":"1","cat":"1","publish_datetime":"2019-11-06 11:49:00","vdo":{"cover_path":"","headline":"","id":"","video_path":""},"imgs":[{"path":"20191106\/_2019110612041881563_370.jpeg","isCover":1}],"writer":{"columnTitle":"","columnistID":"","trait":"","writer":""},"layout":"1","share_link":""},{"id":"1130387","newsID":"","title":"\u4f55\u541b\u582f\u9047\u8972\u9001\u9662 \u80e1\u932b\u9032\uff1a\u5f37\u70c8\u8b74\u8cac\u5c0d\u653f\u6cbb\u4eba\u7269\u7684\u8b00\u6bba\u884c\u5f91","content":"","section":"1","cat":"1","publish_datetime":"2019-11-06 14:48:00","vdo":{"cover_path":"","headline":"","id":"","video_path":""},"imgs":[{"path":"20191106\/_2019110614512851345_370.jpg","isCover":1}],"writer":{"columnTitle":"","columnistID":"","trait":"","writer":""},"layout":"1","share_link":""},{"id":"1130468","newsID":"","title":"\u3010\u5340\u6703\u9078\u8209\u3011\u5c0d\u4f55\u541b\u582f\u9047\u8972\u4e88\u4ee5\u6170\u554f \u9673\u6dd1\u838a\u5180\u5340\u9078\u5982\u671f\u8209\u884c","content":"","section":"1","cat":"1","publish_datetime":"2019-11-06 16:19:00","vdo":{"cover_path":"","headline":"","id":"","video_path":""},"imgs":[{"path":"20191106\/_2019110616211571085_370.jpg","isCover":1}],"writer":{"columnTitle":"","columnistID":"","trait":"","writer":""},"layout":"1","share_link":""}],"relevant_news":[],"topic":[],"share_link":"http:\/\/hd.stheadline.com\/news\/realtime\/hk\/1630483"}