{"id":"1117816","newsID":"","title":"\u3010\u4fee\u4f8b\u98a8\u6ce2\u3011\u65fa\u89d2\u793a\u5a01\u8005\u51cc\u66683\u6642\u6563\u53bb \u9632\u66b4\u8b66\u6e05\u7406\u5835\u8def\u96dc\u7269","content":["\u4e00\u6279\u793a\u5a01\u8005\u6628\u665a\u5728\u65fa\u89d2\u4e00\u5e36\u7684\u5f4c\u6566\u9053\u8207\u9632\u66b4\u8b66\u5c0d\u5cd9\uff0c\u64fe\u6518\u81f3\u4eca\u65e5\u51cc\u66683\u6642\u624d\u6563\u53bb\u3002\u003Cbr \/\u003E\u003Cbr \/\u003E\u793a\u5a01\u8005\u6628\u665a\u5728\u65fa\u89d2\u4e00\u5e36\u5835\u8def\uff0c\u53c8\u7834\u58de\u5e97\u92ea\u548c\u7e31\u706b\uff0c\u8b66\u65b9\u51fa\u52d5\u6c34\u70ae\u8eca\u548c\u65bd\u653e\u50ac\u6dda\u5f48\u7b49\u9a45\u6563\u3002\u53ca\u81f3\u4eca\u65e5\u51cc\u66681\u6642\u8a31\uff0c\u4ecd\u6709\u4e00\u6279\u793a\u5a01\u8005\u5728\u4e9e\u7686\u8001\u8857\u8fd1\u5f4c\u6566\u9053\u4e00\u5e36\u53eb\u56c2\u3002\u003Cbr \/\u003E\u003Cbr \/\u003E\u9632\u66b4\u8b66\u5728\u5834\u7559\u5b88\u6212\u5099\uff0c\u540c\u6642\u6e05\u7406\u793a\u5a01\u8005\u7528\u4f5c\u5835\u8def\u7684\u96dc\u7269\u3002\u81f3\u51cc\u6668\u8fd13\u6642\uff0c\u5f85\u805a\u96c6\u7684\u4eba\u58eb\u6563\u53bb\u5f8c\uff0c\u9632\u66b4\u8b66\u6536\u968a\u96e2\u5834\uff0c\u5de5\u4f5c\u4eba\u54e1\u5230\u5834\u6e05\u7406\u5e03\u6eff\u96dc\u7269\u7684\u8857\u9053\u3002","",""],"section":"1","cat":"1","publish_datetime":"2019-10-21 08:27:00","vdo":{"cover_path":"","headline":"","id":"","video_path":"20191021\/__2019102108261854284.mp4"},"vid":{"cover_path":"","headline":"","id":"","video_path":""},"imgs":[{"path":"20191021\/_2019102108353184130_600.jpg","caption":"\u9632\u66b4\u8b66\u6e05\u7406\u793a\u5a01\u8005\u7528\u4f5c\u5835\u8def\u7684\u96dc\u7269\u3002","isCover":0},{"path":"20191021\/_2019102108261916017_600.jpg","caption":"\u5de5\u4f5c\u4eba\u54e1\u5230\u5834\u6e05\u7406\u5e03\u6eff\u96dc\u7269\u7684\u8857\u9053\u3002","isCover":0},{"path":"20191021\/_2019102108262150504_600.jpg","caption":"\u793a\u5a01\u904e\u5f8c\u8857\u9053\u6eff\u5e03\u96dc\u7269\u3002","isCover":0},{"path":"20191021\/_2019102108262245018_600.jpg","caption":"\u5de5\u4f5c\u4eba\u54e1\u5230\u5834\u6e05\u7406\u5e03\u6eff\u96dc\u7269\u7684\u8857\u9053\u3002","isCover":0},{"path":"20191021\/_2019102108262322006_600.jpg","caption":"\u9632\u66b4\u8b66\u5f85\u805a\u96c6\u7684\u793a\u5a01\u8005\u6563\u53bb\u5f8c\u6536\u968a\u96e2\u5834\u3002","isCover":0}],"writer":{"columnTitle":"","columnistID":"","trait":"","writer":""},"layout":"4","keyword":["\u4fee\u4f8b\u98a8\u6ce2"],"related_news":[{"id":"1117732","newsID":"","title":"\u3010\u4fee\u4f8b\u98a8\u6ce2\u3011\u6c34\u70ae\u8eca\u5c04\u4e2d\u6e05\u771f\u5bfa\u6b63\u9580 \u8b66\u651c\u6c34\u6876\u6bdb\u5dfe\u5165\u5bfa","content":"","section":"1","cat":"1","publish_datetime":"2019-10-20 22:20:00","vdo":{"cover_path":"","headline":"","id":"","video_path":""},"imgs":[{"path":"20191020\/_2019102021560579154_370.jpg","isCover":1},{"path":"20191020\/_2019102021560220218_370.jpg","isCover":0},{"path":"20191020\/_2019102021560371622_370.jpg","isCover":0}],"writer":{"columnTitle":"","columnistID":"","trait":"","writer":""},"layout":"1","share_link":""},{"id":"1117753","newsID":"","title":"\u9632\u66b4\u8b66\u901f\u9f8d\u65fa\u89d2\u5f4c\u6566\u9053\u6e05\u5834 \u591a\u4eba\u88ab\u5236\u670d","content":"","section":"1","cat":"1","publish_datetime":"2019-10-20 23:38:00","vdo":{"cover_path":"","headline":"","id":"","video_path":""},"imgs":[{"path":"20191020\/_2019102023134338884_370.jpg","isCover":1},{"path":"20191020\/_2019102023134288881_370.jpg","isCover":0},{"path":"20191020\/_2019102023005638662_370.jpg","isCover":0}],"writer":{"columnTitle":"","columnistID":"","trait":"","writer":""},"layout":"1","share_link":""},{"id":"1117759","newsID":"","title":"\u3010\u4fee\u4f8b\u98a8\u6ce2\u3011\u6307\u6c34\u70ae\u8eca\u5c04\u4e2d\u6e05\u771f\u5bfa\u893b\u7006\u5b97\u6559\u8056\u5730 \u6cdb\u6c11\u5f37\u70c8\u8b74\u8cac\u8b66\u65b9","content":"","section":"1","cat":"1","publish_datetime":"2019-10-20 22:50:00","vdo":{"cover_path":"","headline":"","id":"","video_path":""},"imgs":[{"path":"20191020\/_2019102022562854487_370.jpg","isCover":1}],"writer":{"columnTitle":"","columnistID":"","trait":"","writer":""},"layout":"1","share_link":""},{"id":"1117765","newsID":"","title":"\u3010\u4fee\u4f8b\u98a8\u6ce2\u3011\u653f\u5e9c\u5f37\u70c8\u8b74\u8cac\u793a\u5a01\u8005\u8086\u610f\u7834\u58de \u6307\u8b66\u65b9\u5fc5\u56b4\u6b63\u57f7\u6cd5","content":"","section":"1","cat":"1","publish_datetime":"2019-10-20 23:07:00","vdo":{"cover_path":"","headline":"","id":"","video_path":""},"imgs":[{"path":"20191020\/_2019102023124589501_370.jpg","isCover":1}],"writer":{"columnTitle":"","columnistID":"","trait":"","writer":""},"layout":"1","share_link":""},{"id":"1117771","newsID":"","title":"\u91ab\u7ba1\u5c40\uff1a\u4eca\u65e5\u793a\u5a01\u66ab\u670924\u50b7\u8005\u9001\u9662 6\u4eba\u60c5\u6cc1\u56b4\u91cd","content":"","section":"1","cat":"1","publish_datetime":"2019-10-20 23:32:00","vdo":{"cover_path":"","headline":"","id":"","video_path":""},"imgs":[{"path":"20191020\/_2019102023344173013_370.jpeg","isCover":1}],"writer":{"columnTitle":"","columnistID":"","trait":"","writer":""},"layout":"1","share_link":""},{"id":"1117777","newsID":"","title":"\u6e2f\u9435\u5404\u7dab\u4eca\u665a10\u6642\u6536\u8eca \u5143\u6717\u7ad9\u4e0b\u53482\u6642\u95dc\u9589 3\u8f15\u9435\u8def\u7dda\u6539\u9053","content":"","section":"1","cat":"1","publish_datetime":"2019-10-21 06:35:00","vdo":{"cover_path":"","headline":"","id":"","video_path":""},"imgs":[{"path":"20191021\/_2019102106445773763_370.jpg","isCover":1}],"writer":{"columnTitle":"","columnistID":"","trait":"","writer":""},"layout":"1","share_link":""},{"id":"1117783","newsID":"","title":"\u3010\u5c08\u6b04\u3011\u7ba1\u6d69\u9cf4\u534a\u5e74\u52aa\u529b\u6599\u300c\u98f2\u6068\u300d","content":"","section":"1","cat":"1","publish_datetime":"2019-10-21 06:53:00","vdo":{"cover_path":"","headline":"","id":"","video_path":""},"imgs":[{"path":"20191021\/_2019102106544237089_370.jpg","isCover":1}],"writer":{"columnTitle":"","columnistID":"","trait":"","writer":""},"layout":"1","share_link":""},{"id":"1117789","newsID":"","title":"\u3010\u4fee\u4f8b\u98a8\u6ce2\u3011\u5716\u963b\u793a\u5a01\u8005\u5857\u9d09\u8b66\u5fbd \u5167\u5730\u7537\u88ab\u5674\u9762\u5165\u8b66\u7f72\u66ab\u907f","content":"","section":"1","cat":"1","publish_datetime":"2019-10-21 07:05:00","vdo":{"cover_path":"","headline":"","id":"","video_path":""},"imgs":[{"path":"20191021\/_2019102107200323836_370.jpg","isCover":1}],"writer":{"columnTitle":"","columnistID":"","trait":"","writer":""},"layout":"1","share_link":""},{"id":"1117795","newsID":"","title":"\u3010\u4fee\u4f8b\u98a8\u6ce2\u3011\u518d\u6709100\u7d44\u4ea4\u901a\u71c8\u88ab\u6bc0 \u4e3b\u8981\u5206\u5e03\u6cb9\u5c16\u65fa\u5340","content":"","section":"1","cat":"1","publish_datetime":"2019-10-21 07:27:00","vdo":{"cover_path":"","headline":"","id":"","video_path":""},"imgs":[{"path":"20191021\/_2019102107310987951_370.jpg","isCover":1}],"writer":{"columnTitle":"","columnistID":"","trait":"","writer":""},"layout":"1","share_link":""},{"id":"1117813","newsID":"","title":"\u6539\u9053\u884c\u99db\u9047\u4e0a\u58de\u7d05\u7da0\u71c8 \u5169\u4e5d\u5df4\u4f55\u6587\u7530\u4e92\u64bc11\u50b7","content":"","section":"1","cat":"1","publish_datetime":"2019-10-21 07:59:00","vdo":{"cover_path":"","headline":"","id":"","video_path":""},"imgs":[{"path":"20191021\/_2019102108031969193_370.jpg","isCover":1},{"path":"20191021\/_2019102108031327312_370.jpg","isCover":0},{"path":"20191021\/_2019102108031415056_370.jpg","isCover":0}],"writer":{"columnTitle":"","columnistID":"","trait":"","writer":""},"layout":"1","share_link":""}],"relevant_news":[],"topic":[],"share_link":"http:\/\/hd.stheadline.com\/news\/realtime\/hk\/1617816"}