{"id":"1137011","newsID":"","title":"\u9ed1\u8863\u7537\u8343\u7063\u58ae\u6583 \u5609\u91cc\u5929\u773c\u7247\u62cd\u5230\u7591\u4f3c\u4e8b\u4e3b\u884c\u8e2a\uff08\u7247\u6bb5\uff09","content":["\u4e00\u540d\u5e74\u7d0430\u6b72\u7684\u9ed1\u8863\u7537\u5b50\uff0c\u6628\u665a10\u6642\u8a31\u61f7\u7591\u5728\u8343\u7063\u5609\u91cc\u7269\u6d41\u4e2d\u5fc35\u6a13\u58ae\u6a13\uff0c\u660f\u8ff7\u9001\u9662\u6436\u6551\u5f8c\u4e0d\u6cbb\uff0c\u8b66\u65b9\u6307\u4e8b\u4ef6\u6c92\u6709\u53ef\u7591\u3002\u003Cbr \/\u003E\u003Cbr \/\u003E\u5609\u91cc\u914d\u5957\u7ba1\u7406\u670d\u52d9\u4eca\u65e5\u767c\u653e5\u6bb5\u62cd\u651d\u5230\u7591\u4f3c\u662f\u4e8b\u4e3b\u7684\u9589\u8def\u96fb\u8996\u7247\u6bb5\uff0c\u5206\u5225\u7531\u8857\u5916\u6b65\u5165\u505c\u8eca\u5834\u3001\u7531\u505c\u8eca\u5834\u4e58\u5347\u6a5f\u5347\u52305\u6a13\uff0c\u548c\u57285\u6a13\u884c\u5230\u6b04\u6cb3\u7684\u7d93\u904e\u3002\u7247\u6bb5\u6240\u898b\uff0c\u76f8\u4fe1\u662f\u4e8b\u4e3b\u7684\u9ed1\u8863\u4eba\u5168\u7a0b\u6c92\u6709\u8207\u5176\u4ed6\u4eba\u63a5\u89f8\u3002\u003Cbr \/\u003E\u003Cbr \/\u003E\u57285\u6a13\u7684\u5929\u773c\u7247\u4e2d\uff0c\u76f8\u4fe1\u662f\u4e8b\u4e3b\u7684\u9ed1\u8863\u4eba\uff0c\u665a\u4e0a10\u664221\u520627\u5206\u51fa\u73fe\u5728\u93e1\u982d\u4e26\u5f80\u6b04\u6cb3\u65b9\u5411\u884c\u53bb\uff0c\u65bc10\u664221\u520643\u79d2\u884c\u5230\u6b04\u6cb3\u908a\u3002\u003Cbr \/\u003E\u003Cbr \/\u003E\u73fe\u5834\u70ba\u8475\u798f\u8def\u8fd1\u6c38\u57fa\u8def\u3002\u8b66\u65b9\u6307\uff0c\u8b66\u54e1\u6628\u665a10\u664237\u5206\u63a5\u7372\u9014\u4eba\u5831\u6848\uff0c\u5230\u5834\u767c\u73fe\u4e8b\u4e3b\u660f\u8ff7\u9001\u5f80\u4ec1\u6fdf\u91ab\u9662\u6cbb\u7406\uff0c\u5176\u5f8c\u8b49\u5be6\u6b7b\u4ea1\u3002\u8b66\u65b9\u65bc\u73fe\u5834\u6c92\u6709\u6aa2\u7372\u907a\u66f8\uff0c\u521d\u6b65\u8abf\u67e5\u76f8\u4fe1\u5f9e\u73fe\u5834\u4e00\u5927\u5ec8\u6a13\u5c64\u58ae\u4e0b\uff0c\u4e8b\u4ef6\u6c92\u6709\u53ef\u7591\uff0c\u6b7b\u56e0\u6709\u5f85\u9a57\u5c4d\u5f8c\u78ba\u5b9a\u3002\u003Cbr \/\u003E\u003Cbr \/\u003E\u5609\u91cc\u516c\u958b\u76845\u6bb5\u9589\u8def\u96fb\u8996\u7247\u6bb5\uff1a\u003Cbr \/\u003E\u003Cbr \/\u003E\u3002\u003Ca href=\"https:\/\/www.youtube.com\/watch?v=REita7Eo8hc\"\u003Ehttps:\/\/www.youtube.com\/watch?v=REita7Eo8hc\u003C\/a\u003E\u003Cbr \/\u003E\u003Cbr \/\u003E\u3002\u003Ca href=\"https:\/\/www.youtube.com\/watch?v=sj4XOnghQSs\"\u003Ehttps:\/\/www.youtube.com\/watch?v=sj4XOnghQSs\u003C\/a\u003E\u003Cbr \/\u003E\u003Cbr \/\u003E\u3002\u003Ca href=\"https:\/\/www.youtube.com\/watch?v=WvMrZKEwX5A\"\u003Ehttps:\/\/www.youtube.com\/watch?v=WvMrZKEwX5A\u003C\/a\u003E\u003Cbr \/\u003E\u003Cbr \/\u003E\u3002\u003Ca href=\"https:\/\/www.youtube.com\/watch?v=Tde8fL57a7Q\"\u003Ehttps:\/\/www.youtube.com\/watch?v=Tde8fL57a7Q\u003C\/a\u003E\u003Cbr \/\u003E\u003Cbr \/\u003E\u3002\u003Ca href=\"https:\/\/www.youtube.com\/watch?v=p3wVP2jdxRk\"\u003Ehttps:\/\/www.youtube.com\/watch?v=p3wVP2jdxRk\u003C\/a\u003E","\u003Cdiv style=\"position: relative;width: 100%;height: 0;padding-top: 56.071428571429%;\"\u003E\u003Ciframe src=\"http:\/\/www.youtube.com\/embed\/p3wVP2jdxRk?t=39s\" frameborder=\"0\" allow=\"autoplay; encrypted-media\" allowfullscreen=\"\" style=\"width: 100%;height: 100%;position: absolute;top: 0;left: 0;right: 0;bottom: 0;\" data-padding-top=\"56.071428571429%\"\u003E\u003C\/iframe\u003E\u003C\/div\u003E",""],"section":"1","cat":"1","publish_datetime":"2019-11-14 15:07:00","vdo":{"cover_path":"","headline":"","id":"","video_path":""},"vid":{"cover_path":"","headline":"","id":"","video_path":""},"imgs":[{"path":"20191114\/_2019111415043016322_600.jpg","caption":"\u9ed1\u8863\u7537\u58ae\u6a13\u660f\u8ff7\u3002\uff08\u7db2\u5716\uff09\u5929\u773c\u7247\u62cd\u5230\u7591\u4f3c\u4e8b\u4e3b\uff08\u5c0f\u5716\u7d05\u5708\u793a\uff09\u7684\u884c\u8e2a\u3002","isCover":0},{"path":"20191114\/_2019111415043160360_600.jpg","caption":"\u5716\u4e0a\uff1a\u7591\u4f3c\u4e8b\u4e3b\u8d70\u5230\u6b04\u6cb3\uff1b\u5716\u4e0b\uff1b\u7591\u4f3c\u4e8b\u4e3b\u4e58\u5347\u964d\u6a5f\u52305\u6a13\u3002\u7247\u6bb5\u622a\u5716","isCover":0}],"writer":{"columnTitle":"","columnistID":"","trait":"","writer":""},"layout":"4","keyword":["\u58ae\u6a13","\u5609\u91cc"],"related_news":[{"id":"1132334","newsID":"","title":"\u8b66\u65b9\u5efa\u8b70\u53ec\u958b\u6b7b\u56e0\u5ead\u7814\u8a0a \u5f37\u8abf\u7576\u665a\u7121\u8b66\u54e1\u63a5\u89f8\u5468\u6893\u6a02","content":"","section":"1","cat":"1","publish_datetime":"2019-11-08 18:56:00","vdo":{"cover_path":"","headline":"","id":"","video_path":""},"imgs":[{"path":"20191108\/_2019110819075211844_370.jpeg","isCover":1},{"path":"20191108\/_2019110816231523678_370.jpg","isCover":0},{"path":"20191108\/_2019110817055867869_370.jpeg","isCover":0}],"writer":{"columnTitle":"","columnistID":"","trait":"","writer":""},"layout":"1","share_link":""},{"id":"1132400","newsID":"","title":"\u3010\u4fee\u4f8b\u98a8\u6ce2\u3011\u5468\u6893\u6a02\u58ae\u6a13\u73fe\u5834 \u60bc\u5ff5\u4eba\u9f8d\u6392\u5230\u505c\u8eca\u5834\u5916\u3000 ","content":"","section":"1","cat":"1","publish_datetime":"2019-11-09 00:09:00","vdo":{"cover_path":"","headline":"","id":"","video_path":""},"imgs":[{"path":"20191108\/_2019110821462231833_370.jpeg","isCover":1},{"path":"20191108\/_2019110819243292920_370.jpeg","isCover":0},{"path":"20191108\/_2019110821462143582_370.jpeg","isCover":0}],"writer":{"columnTitle":"","columnistID":"","trait":"","writer":""},"layout":"1","share_link":""},{"id":"1132445","newsID":"","title":"\u79d1\u5927\u751f\u505c\u8eca\u5834\u58ae\u6a13\u4e0d\u6cbb \u4f0a\u9662\u7a31\u5c07\u4ea4\u6b7b\u56e0\u5ead\u8ddf\u9032","content":"","section":"1","cat":"1","publish_datetime":"2019-11-08 17:15:00","vdo":{"cover_path":"","headline":"","id":"","video_path":""},"imgs":[{"path":"20191108\/_2019110817234410773_370.jpg","isCover":1}],"writer":{"columnTitle":"","columnistID":"","trait":"","writer":""},"layout":"1","share_link":""},{"id":"1132472","newsID":"","title":"\u3010\u4fee\u4f8b\u98a8\u6ce2\u3011\u7db2\u6c11\u767c\u8d77\u665a\u4e0a\u8fd18\u6642\u591a\u5340\u60bc\u5468\u6893\u6a02 SOGO\u63d0\u65e9\u95dc\u9580 ","content":"","section":"1","cat":"1","publish_datetime":"2019-11-08 20:14:00","vdo":{"cover_path":"","headline":"","id":"","video_path":""},"imgs":[{"path":"20191108\/_2019110817552971082_370.jpg","isCover":1}],"writer":{"columnTitle":"","columnistID":"","trait":"","writer":""},"layout":"1","share_link":""},{"id":"1132532","newsID":"","title":"\u3010\u4fee\u4f8b\u98a8\u6ce2\u3011\u79d1\u5927\u751f\u767c\u8d77\u71ed\u5149\u665a\u6703 \u60bc\u5ff5\u5468\u6893\u6a02","content":"","section":"1","cat":"1","publish_datetime":"2019-11-08 19:04:00","vdo":{"cover_path":"","headline":"","id":"","video_path":""},"imgs":[{"path":"20191108\/_2019110819043336424_370.jpeg","isCover":1},{"path":"20191108\/_2019110818202819131_370.jpg","isCover":0},{"path":"20191108\/_2019110818202990037_370.jpeg","isCover":0}],"writer":{"columnTitle":"","columnistID":"","trait":"","writer":""},"layout":"1","share_link":""},{"id":"1132547","newsID":"","title":"\u3010\u4fee\u4f8b\u98a8\u6ce2\u3011\u5c0d\u5468\u6893\u6a02\u96e2\u4e16\u611f\u75db\u60dc \u516c\u6c11\u9ee8\u53bb\u4fe1\u5f8b\u653f\u53f8\u4fc3\u53ec\u958b\u6b7b\u56e0\u8abf\u67e5","content":"","section":"1","cat":"1","publish_datetime":"2019-11-08 18:35:00","vdo":{"cover_path":"","headline":"","id":"","video_path":""},"imgs":[{"path":"20191108\/_2019110818364789895_370.jpg","isCover":1}],"writer":{"columnTitle":"","columnistID":"","trait":"","writer":""},"layout":"1","share_link":""},{"id":"1132955","newsID":"","title":"\u3010\u4fee\u4f8b\u98a8\u6ce2\u3011\u4e3b\u8fa6\u65b9\uff1a10\u842c\u4eba\u53c3\u8207\u6dfb\u99ac\u96c6\u6703 \u8b66\u65b9\u6307\u6700\u9ad8\u5cf0\u67097500\u4eba","content":"","section":"1","cat":"1","publish_datetime":"2019-11-09 22:17:00","vdo":{"cover_path":"","headline":"","id":"","video_path":""},"imgs":[{"path":"20191109\/_2019110918485748643_370.jpg","isCover":1},{"path":"20191109\/_2019110918194368792_370.jpg","isCover":0},{"path":"20191109\/_2019110918485821498_370.jpg","isCover":0}],"writer":{"columnTitle":"","columnistID":"","trait":"","writer":""},"layout":"1","share_link":""},{"id":"1132958","newsID":"","title":"\u3010\u4fee\u4f8b\u98a8\u6ce2\u3011\u5468\u6893\u6a02\u53cb\u4eba\u8cea\u7591\u8b66\u963b\u6551\u63f4 \u6c11\u9593\u8a18\u8005\u6703\u65a5\u8b66\u8a00\u8a9e\u524d\u5f8c\u4e0d\u4e00","content":"","section":"1","cat":"1","publish_datetime":"2019-11-09 17:29:00","vdo":{"cover_path":"","headline":"","id":"","video_path":""},"imgs":[{"path":"20191109\/_2019110917303846516_370.jpg","isCover":1}],"writer":{"columnTitle":"","columnistID":"","trait":"","writer":""},"layout":"1","share_link":""},{"id":"1133069","newsID":"","title":"\u95dc\u6ce8\u524d\u7dda\u8b66\u5c31\u5468\u6893\u6a02\u4e8b\u4ef6\u63d0\u4e0d\u6070\u7576\u5b57\u773c \u8b66\u65b9\uff1a\u5df2\u8a13\u65a5\u76f8\u95dc\u4eba\u54e1\u6ce8\u610f\u500b\u4eba\u8a00\u884c","content":"","section":"1","cat":"1","publish_datetime":"2019-11-09 22:13:00","vdo":{"cover_path":"","headline":"","id":"","video_path":""},"imgs":[{"path":"20191109\/_2019110922140486397_370.jpg","isCover":1}],"writer":{"columnTitle":"","columnistID":"","trait":"","writer":""},"layout":"1","share_link":""},{"id":"1136483","newsID":"","title":"\u8343\u706330\u6b72\u9ed1\u8863\u7537\u58ae\u6a13 \u9001\u9662\u4e0d\u6cbb\u3000","content":"","section":"1","cat":"1","publish_datetime":"2019-11-14 06:30:00","vdo":{"cover_path":"","headline":"","id":"","video_path":""},"imgs":[{"path":"20191114\/_2019111400353141491_370.jpg","isCover":1}],"writer":{"columnTitle":"","columnistID":"","trait":"","writer":""},"layout":"1","share_link":""}],"relevant_news":[],"topic":[],"share_link":"http:\/\/hd.stheadline.com\/news\/realtime\/hk\/1637011"}