{"id":"1137377","newsID":"","title":"\u3010\u5927\u4e09\u7f77\u3011\u6d78\u6703\u91ab\u9662\uff1a\u91ab\u751f\u54e1\u5de5\u514b\u76e1\u5df1\u4efb 85%\u9810\u7d04\u624b\u8853\u6628\u5982\u671f\u9032\u884c ","content":["\u7db2\u6c11\u9023\u65e5\u767c\u8d77\u7f77\u5de5\u7f77\u8ab2\u793a\u5a01\uff0c\u6709\u793a\u5a01\u8005\u6628\u65e5\u5728\u6d78\u6703\u5927\u5b78\u548c\u6d78\u6703\u91ab\u9662\u5c0d\u958b\u7684\u7aa9\u6253\u8001\u9053\u806f\u5408\u9053\u4ea4\u754c\u8a2d\u7f6e\u8def\u969c\u3002\u76f4\u81f3\u4eca\u65e9\u4ecd\u672a\u79fb\u9664\uff0c\u4ea4\u901a\u53d7\u963b\u3002\u003Cbr \/\u003E\u003Cbr \/\u003E\u6d78\u6703\u91ab\u9662\u4f01\u696d\u50b3\u8a0a\u90e8\u56de\u61c9\u672c\u5831\u67e5\u8a62\u6642\u8868\u793a\uff0c\u6628\u65e585%\u9810\u7d04\u624b\u8853\u5982\u671f\u9032\u884c\uff0c\u5176\u9918\u500b\u6848\u56e0\u75c5\u4eba\u672a\u80fd\u5165\u9662\u9700\u53e6\u4f5c\u5b89\u6392\u3002\u9580\u8a3a\u670d\u52d9\u65b9\u9762\uff0c\u6240\u6709\u5230\u8a3a\u500b\u6848\u5747\u7372\u5f97\u6240\u9700\u670d\u52d9\u3002\u901a\u5f80\u672c\u9662\u4e4b\u99ac\u8def\u88ab\u5835\u585e\uff0c\u5f71\u97ff\u6c42\u8a3a\u4eba\u58eb\u3001\u91ab\u751f\u53ca\u54e1\u5de5\u4e4b\u4ea4\u901a\uff0c\u4ee5\u81f3\u7269\u6d41\u4f9b\u61c9\uff0c\u4f46\u5404\u91ab\u751f\u53ca\u54e1\u5de5\u5747\u514b\u76e1\u5df1\u4efb\uff0c\u7dca\u5b88\u5de5\u4f5c\u5d17\u4f4d\uff0c\u5728\u5404\u65b9\u9762\u7684\u652f\u6301\u4e0b\uff0c\u4ecd\u80fd\u4fdd\u6301\u670d\u52d9\u8cea\u7d20\u4e88\u50b7\u75c5\u4eba\u58eb\u3002","",""],"section":"1","cat":"1","publish_datetime":"2019-11-14 18:35:00","vdo":{"cover_path":"","headline":"","id":"","video_path":""},"vid":{"cover_path":"","headline":"","id":"","video_path":""},"imgs":[{"path":"20191114\/_2019111418370870482_600.jpg","caption":"\u6709\u4eba\u6628\u65e5\u5728\u6d78\u6703\u5927\u5b78\u548c\u6d78\u6703\u91ab\u9662\u5c0d\u958b\u7684\u7aa9\u6253\u8001\u9053\u806f\u5408\u9053\u4ea4\u754c\u8a2d\u7f6e\u8def\u969c\u3002\u8cc7\u6599\u5716\u7247","isCover":0}],"writer":{"columnTitle":"","columnistID":"","trait":"","writer":""},"layout":"4","keyword":["\u5927\u4e09\u7f77","\u6d78\u6703\u91ab\u9662"],"related_news":[{"id":"1136927","newsID":"","title":"\u3010\u5927\u4e09\u7f77\u3011\u92f8\u68d5\u6ada\u6a39\u5835\u8def \u5410\u9732\u6e2f\u516c\u8def\u53d7\u963b\u79d1\u5b78\u5712\u8def\u4e00\u5ea6\u958b\u901a","content":"","section":"1","cat":"1","publish_datetime":"2019-11-14 15:44:00","vdo":{"cover_path":"","headline":"","id":"","video_path":""},"imgs":[{"path":"20191114\/_2019111413565431910_370.jpg","isCover":1}],"writer":{"columnTitle":"","columnistID":"","trait":"","writer":""},"layout":"1","share_link":""},{"id":"1137083","newsID":"","title":"\u3010\u5927\u4e09\u7f77\u3011\u9664\u5927\u7403\u5834\u5916 \u6240\u6709\u6587\u5eb7\u8a2d\u65bd\u63d0\u65e9\u4eca\u665a7\u6642\u95dc\u9589","content":"","section":"1","cat":"1","publish_datetime":"2019-11-14 15:32:00","vdo":{"cover_path":"","headline":"","id":"","video_path":""},"imgs":[{"path":"20191114\/_2019111415361678311_370.jpg","isCover":1}],"writer":{"columnTitle":"","columnistID":"","trait":"","writer":""},"layout":"1","share_link":""},{"id":"1137131","newsID":"","title":"\u3010\u5927\u4e09\u7f77\u3011\u99ac\u6703\u5834\u5916\u6295\u6ce8\u7ad9\u63d0\u65e96\u6642\u95dc\u9580 \u516d\u5408\u5f69\u652a\u73e0\u5982\u671f\u8209\u884c","content":"","section":"1","cat":"1","publish_datetime":"2019-11-14 15:56:00","vdo":{"cover_path":"","headline":"","id":"","video_path":""},"imgs":[{"path":"20191114\/_2019111415593184259_370.jpg","isCover":1}],"writer":{"columnTitle":"","columnistID":"","trait":"","writer":""},"layout":"1","share_link":""},{"id":"1137134","newsID":"","title":"\u3010\u5927\u4e09\u7f77\u3011\u6307\u8b66\u529b\u4e0d\u8db3 \u8b5a\u8000\u5b97\u8cea\u7591\u5be6\u884c\u5bb5\u7981\u6548\u7528","content":"","section":"1","cat":"1","publish_datetime":"2019-11-14 16:04:00","vdo":{"cover_path":"","headline":"","id":"","video_path":""},"imgs":[{"path":"20191114\/_2019111416130131606_370.jpg","isCover":1}],"writer":{"columnTitle":"","columnistID":"","trait":"","writer":""},"layout":"1","share_link":""},{"id":"1137143","newsID":"","title":"\u3010\u5927\u4e09\u7f77\u3011\u6e2f\u5927\u5ba3\u5e03\u7d42\u6b62\u672c\u5b78\u671f\u672c\u90e8\u6821\u5712\u6240\u6709\u8ab2\u5802 \u57ce\u5927\u672c\u5b78\u671f\u63d0\u65e9\u7d50\u675f","content":"","section":"1","cat":"1","publish_datetime":"2019-11-14 17:59:00","vdo":{"cover_path":"","headline":"","id":"","video_path":""},"imgs":[{"path":"20191114\/_2019111416151287401_370.jpg","isCover":1}],"writer":{"columnTitle":"","columnistID":"","trait":"","writer":""},"layout":"1","share_link":""},{"id":"1137149","newsID":"","title":"\u8b66\u52d9\u8655\u59d4\u4efb\u4e0d\u591a\u65bc100\u540d\u61f2\u6559\u54e1\u70ba\u7279\u52d9\u8b66\u5bdf","content":"","section":"1","cat":"1","publish_datetime":"2019-11-14 16:15:00","vdo":{"cover_path":"","headline":"","id":"","video_path":""},"imgs":[{"path":"20191114\/_2019111416154738564_370.jpg","isCover":1}],"writer":{"columnTitle":"","columnistID":"","trait":"","writer":""},"layout":"1","share_link":""},{"id":"1137179","newsID":"","title":"\u3010\u5927\u4e09\u7f77\u3011\u6307\u6821\u5712\u66b4\u529b\u4f3c\u764c\u7d30\u80de\u8513\u5ef6 \u8b66\uff1a\u626e\u7793\u7684\u4eba\u53eb\u4e0d\u9192","content":"","section":"1","cat":"1","publish_datetime":"2019-11-14 16:28:00","vdo":{"cover_path":"","headline":"","id":"","video_path":""},"imgs":[{"path":"20191114\/_2019111417055725464_370.jpg","isCover":1}],"writer":{"columnTitle":"","columnistID":"","trait":"","writer":""},"layout":"1","share_link":""},{"id":"1137206","newsID":"","title":"\u3010\u5927\u4e09\u7f77\u3011\u6fb3\u7c4d\u5973\u6559\u5e2b\u7b495\u4eba\u6d89\u639f\u78da\u85cf\u6b66\u5668 4\u4eba\u51c6\u4fdd\u91cb\u5b88\u5bb5\u7981\u4ee4\u3000","content":"","section":"1","cat":"1","publish_datetime":"2019-11-14 16:58:00","vdo":{"cover_path":"","headline":"","id":"","video_path":""},"imgs":[{"path":"20191114\/_2019111417270559407_370.jpg","isCover":1}],"writer":{"columnTitle":"","columnistID":"","trait":"","writer":""},"layout":"1","share_link":""},{"id":"1137245","newsID":"","title":"\u3010\u5927\u4e09\u7f77\u3011\u91ab\u7ba1\u5c40\u4e03\u9593\u666e\u901a\u79d1\u9580\u8a3a\u4eca\u665a\u591c\u8a3a\u670d\u52d9\u66ab\u505c","content":"","section":"1","cat":"1","publish_datetime":"2019-11-14 17:37:00","vdo":{"cover_path":"","headline":"","id":"","video_path":""},"imgs":[{"path":"20191114\/_2019111417405576296_370.jpg","isCover":1}],"writer":{"columnTitle":"","columnistID":"","trait":"","writer":""},"layout":"1","share_link":""},{"id":"1137263","newsID":"","title":"\u3010\u5927\u4e09\u7f77\u3011\u8b66\uff1a\u6628\u62d8224\u4eba \u8343\u7063\u5012\u5730\u7537\u5b50\u7121\u53ef\u7591\u50b7\u52e2","content":"","section":"1","cat":"1","publish_datetime":"2019-11-14 17:40:00","vdo":{"cover_path":"","headline":"","id":"","video_path":""},"imgs":[{"path":"20191114\/_2019111417421494955_370.jpg","isCover":1}],"writer":{"columnTitle":"","columnistID":"","trait":"","writer":""},"layout":"1","share_link":""}],"relevant_news":[],"topic":[],"share_link":"http:\/\/hd.stheadline.com\/news\/realtime\/hk\/1637377"}