{"id":"1137044","newsID":"","title":"\u3010\u5927\u4e09\u7f77\u3011\u8b74\u8cac\u6709\u4eba\u7e31\u706b\u7834\u58de\u6c99\u7530\u6cd5\u9662 \u5927\u5f8b\u5e2b\u516c\u6703\uff1a\u5c0d\u6cd5\u6cbb\u4f5c\u6700\u56b4\u53b2\u4fae\u8511\u53ca\u6311\u6230","content":["\u6c99\u7530\u6cd5\u9662\u5927\u6a13\u5927\u9598\u5916\u7684\u82b1\u69fd\u6628\u665a\u7591\u906d\u4eba\u7e31\u706b\uff0c\u73fe\u5834\u5192\u51fa\u767d\u7159\uff0c\u4e26\u907a\u4e0b\u61f7\u7591\u6613\u71c3\u6db2\u9ad4\u9435\u7f50\u3002\u9999\u6e2f\u5927\u5f8b\u5e2b\u516c\u6703\u5f37\u70c8\u8b74\u8cac\u6628\u665a\u6709\u4eba\u7e31\u706b\u7834\u58de\u6c99\u7530\u6cd5\u9662\u3002\u003Cbr \/\u003E\u003Cbr \/\u003E\u5927\u5f8b\u5e2b\u516c\u6703\u8b74\u8cac\u6628\u665a\u5404\u5340\u7684\u66b4\u529b\u53ca\u7e31\u706b\u884c\u70ba\u5c0e\u81f4\u56b4\u91cd\u5ee3\u6cdb\u7684\u7834\u58de\uff0c\u751a\u81f3\u6709\u5e02\u6c11\u751f\u547d\u56e0\u6b64\u800c\u5371\u5728\u65e6\u5915\uff0c\u4e26\u6307\u653b\u64ca\u6cd5\u9662\u7684\u8c61\u5fb5\u6027\u5c24\u5176\u56b4\u91cd\u3002\u516c\u6703\u53c8\u6307\uff0c\u76f8\u95dc\u884c\u5f91\u7b49\u540c\u76f4\u63a5\u885d\u64ca\u9999\u6e2f\u7279\u5225\u884c\u653f\u5340\u7684\u7368\u7acb\u53f8\u6cd5\u6b0a\uff0c\u662f\u5c0d\u6cd5\u6cbb\u4f5c\u51fa\u6700\u56b4\u53b2\u7684\u4fae\u8511\u53ca\u6311\u6230\u3002\u0026nbsp;\u516c\u6703\u4ea6\u6307\uff0c\u7834\u58de\u79c1\u4eba\u7522\u696d\u7684\u884c\u70ba\u56fa\u7136\u5b8c\u5168\u4e0d\u80fd\u63a5\u53d7\uff0c\u4f46\u662f\u5982\u679c\u7834\u58de\u6cd5\u9662\u7684\u884c\u70ba\u6301\u7e8c\u767c\u751f\uff0c\u9999\u6e2f\u7279\u5225\u884c\u653f\u5340\u7684\u61b2\u5236\u6846\u67b6\u5c07\u6703\u8655\u65bc\u9769\u6ec5\u6b86\u76e1\u7684\u5883\u5730\uff0c\u5c0d\u6240\u6709\u9999\u6e2f\u5e02\u6c11\u5e36\u4f86\u707d\u96e3\u6027\u7684\u5f8c\u679c\u3002\u0026nbsp;","",""],"section":"1","cat":"1","publish_datetime":"2019-11-14 15:17:00","vdo":{"cover_path":"","headline":"","id":"","video_path":""},"vid":{"cover_path":"","headline":"","id":"","video_path":""},"imgs":[{"path":"20191114\/_2019111415183945350_600.jpeg","caption":"\u6c99\u7530\u6cd5\u9662\u5927\u6a13\u5927\u9598\u5916\u7684\u82b1\u69fd\u6628\u665a\u7591\u906d\u4eba\u7e31\u706b\u3002","isCover":0}],"writer":{"columnTitle":"","columnistID":"","trait":"","writer":""},"layout":"4","keyword":["\u6c99\u7530\u6cd5\u9662","\u5927\u5f8b\u5e2b\u516c\u6703"],"related_news":[{"id":"1092821","newsID":"","title":"\u3010\u4fee\u4f8b\u98a8\u6ce2\u3011\u5927\u5f8b\u5e2b\u516c\u6703\u8cac\u8b66\u8072\u660e \u9000\u4f11\u6cd5\u5b98\u81f4\u51fd\u8868\u53cd\u5c0d","content":"","section":"1","cat":"1","publish_datetime":"2019-09-17 07:12:00","vdo":{"cover_path":"","headline":"","id":"","video_path":""},"imgs":[{"path":"20190917\/_2019091707144268038_370.jpg","isCover":1}],"writer":{"columnTitle":"","columnistID":"","trait":"","writer":""},"layout":"1","share_link":""},{"id":"1093715","newsID":"","title":"\u3010\u4fee\u4f8b\u98a8\u6ce2\u3011\u5927\u5f8b\u5e2b\u516c\u6703\u81f4\u51fd\u76e7\u5049\u8070 \u6295\u8a34\u8b66\u7981\u5927\u72c0\u898b\u88ab\u6355\u4eba\u58eb","content":"","section":"1","cat":"1","publish_datetime":"2019-09-18 08:09:00","vdo":{"cover_path":"","headline":"","id":"","video_path":""},"imgs":[{"path":"20190918\/_2019091808244867947_370.jpg","isCover":1}],"writer":{"columnTitle":"","columnistID":"","trait":"","writer":""},"layout":"1","share_link":""},{"id":"1102544","newsID":"","title":"\u3010\u4fee\u4f8b\u98a8\u6ce2\u3011\u65c1\u807d\u6c11\u773e\u559d\u7f75\u6aa2\u63a7\u5b98 \u5927\u5f8b\u5e2b\u516c\u6703\uff1a\u53ef\u69cb\u6210\u85d0\u8996\u6cd5\u5ead","content":"","section":"1","cat":"1","publish_datetime":"2019-09-30 14:59:00","vdo":{"cover_path":"","headline":"","id":"","video_path":""},"imgs":[{"path":"20190930\/_2019093015005832333_370.jpg","isCover":1}],"writer":{"columnTitle":"","columnistID":"","trait":"","writer":""},"layout":"1","share_link":""},{"id":"1110893","newsID":"","title":"\u7acb\u5834\u5b58\u5206\u6b67 \u8521\u7dad\u90a6\u53bb\u4fe1\u6234\u555f\u601d\u8fad\u53bb\u5927\u5f8b\u5e2b\u516c\u6703\u8077\u52d9","content":"","section":"1","cat":"1","publish_datetime":"2019-10-11 16:48:00","vdo":{"cover_path":"","headline":"","id":"","video_path":""},"imgs":[{"path":"20191011\/_2019101116501067378_370.jpg","isCover":1}],"writer":{"columnTitle":"","columnistID":"","trait":"","writer":""},"layout":"1","share_link":""},{"id":"1115035","newsID":"","title":"\u3010\u4fee\u4f8b\u98a8\u6ce2\u3011\u6234\u555f\u601d\uff1a\u653f\u5e9c\u4e0d\u8ca0\u8cac\u4efb\u7684\u4f7f\u7528\u66b4\u529b \u662f\u8836\u98df\u6cd5\u6cbb","content":"","section":"1","cat":"1","publish_datetime":"2019-10-16 21:55:00","vdo":{"cover_path":"","headline":"","id":"","video_path":""},"imgs":[{"path":"20191016\/_2019101621563248426_370.jpg","isCover":1}],"writer":{"columnTitle":"","columnistID":"","trait":"","writer":""},"layout":"1","share_link":""},{"id":"1115914","newsID":"","title":"\u6490\u5927\u5f8b\u5e2b\u516c\u6703\u6b63\u78ba \u99f1\u61c9\u6de6\uff1a\u55ae\u9760\u8b74\u8cac\u66b4\u529b\u7121\u6fdf\u65bc\u4e8b","content":"","section":"1","cat":"1","publish_datetime":"2019-10-17 21:15:00","vdo":{"cover_path":"","headline":"","id":"","video_path":""},"imgs":[{"path":"20191017\/_2019101721304779508_370.jpg","isCover":1},{"path":"20191017\/_2019101721304961208_370.jpg","isCover":0},{"path":"20191017\/_2019101721305038518_370.jpg","isCover":0}],"writer":{"columnTitle":"","columnistID":"","trait":"","writer":""},"layout":"1","share_link":""},{"id":"1122067","newsID":"","title":"\u5927\u5f8b\u5e2b\u516c\u6703\u96c6\u601d\u6703\u3000\u6234\u555f\u601d\u5f62\u5bb9\u9999\u6e2f\u5982\u60a3\u91cd\u75c5","content":"","section":"1","cat":"1","publish_datetime":"2019-10-25 21:24:00","vdo":{"cover_path":"","headline":"","id":"","video_path":""},"imgs":[{"path":"20191025\/_2019102521255876301_370.jpeg","isCover":1},{"path":"20191025\/_2019102521255964765_370.jpeg","isCover":0},{"path":"20191025\/_2019102521260045688_370.jpeg","isCover":0}],"writer":{"columnTitle":"","columnistID":"","trait":"","writer":""},"layout":"1","share_link":""},{"id":"1132889","newsID":"","title":"\u3010\u4fee\u4f8b\u98a8\u6ce2\u3011\u5927\u5f8b\u5e2b\u516c\u6703\uff1a\u4e2d\u592e\u5b98\u54e1\u8a00\u8ad6\u6216\u88ab\u8996\u4f5c\u5e72\u9810\u53f8\u6cd5\u7368\u7acb","content":"","section":"1","cat":"1","publish_datetime":"2019-11-09 17:02:00","vdo":{"cover_path":"","headline":"","id":"","video_path":""},"imgs":[{"path":"20191109\/_2019110915384064294_370.jpg","isCover":1}],"writer":{"columnTitle":"","columnistID":"","trait":"","writer":""},"layout":"1","share_link":""},{"id":"1133048","newsID":"","title":"\u5f8b\u653f\u53f8\uff1a\u653f\u5e9c\u81f4\u529b\u7dad\u8b77\u53f8\u6cd5\u7368\u7acb \u4ee5\u634d\u885b\u53f8\u6cd5\u7368\u7acb\u70ba\u6700\u9996\u8981\u5de5\u4f5c","content":"","section":"1","cat":"1","publish_datetime":"2019-11-09 21:12:00","vdo":{"cover_path":"","headline":"","id":"","video_path":""},"imgs":[{"path":"20191109\/_2019110921130537509_370.jpg","isCover":1}],"writer":{"columnTitle":"","columnistID":"","trait":"","writer":""},"layout":"1","share_link":""},{"id":"1136471","newsID":"","title":"\u6c99\u7530\u6cd5\u9662\u5927\u6a13\u5916\u82b1\u69fd\u906d\u4eba\u7e31\u706b  \u73fe\u5834\u907a\u4e0b\u6613\u71c3\u6db2\u9ad4\u9435\u7f50","content":"","section":"1","cat":"1","publish_datetime":"2019-11-13 23:03:00","vdo":{"cover_path":"","headline":"","id":"","video_path":""},"imgs":[{"path":"20191113\/_2019111323090645700_370.jpg","isCover":1},{"path":"20191113\/_2019111323090763294_370.jpg","isCover":0},{"path":"20191113\/_2019111323090737716_370.jpg","isCover":0}],"writer":{"columnTitle":"","columnistID":"","trait":"","writer":""},"layout":"1","share_link":""}],"relevant_news":[],"topic":[],"share_link":"http:\/\/hd.stheadline.com\/news\/realtime\/hk\/1637044"}