{"id":"1137359","newsID":"","title":"\u6c11\u4e3b\u6d3e\u5c31\u7981\u8499\u9762\u6cd5\u53f8\u6cd5\u8986\u6838\u773e\u7c4c  \u7e3d\u91d1\u984d\u5df2\u8d85\u76ee\u6a19","content":["24\u540d\u6c11\u4e3b\u6d3e\u8b70\u54e1\u65e9\u524d\u5165\u7a1f\u5c31\u300a\u7981\u6b62\u8499\u9762\u898f\u4f8b\u300b\u548c\u300a\u7dca\u6025\u60c5\u6cc1\u898f\u4f8b\u689d\u4f8b\u300b\uff0c\u6307\u6d89\u9055\u53cd\u300a\u57fa\u672c\u6cd5\u300b\u53ca\u300a\u9999\u6e2f\u4eba\u6b0a\u6cd5\u6848\u689d\u4f8b\u300b\u63d0\u53f8\u6cd5\u8986\u6838\u3002\u6c11\u4e3b\u6d3e\u9810\u6599\u6848\u4ef6\u5c07\u4e0a\u8a34\u81f3\u7d42\u5be9\u6cd5\u9662\uff0c\u56e0\u6b64\u5c55\u958b\u773e\u7c4c\u8a08\u5283\u3002\u6c11\u4e3b\u6d3e\u6307\uff0c\u76ee\u524d\u6240\u7c4c\u96c6\u5230\u7684\u7e3d\u91d1\u984d\u5df2\u8d85\u51fa\u539f\u5b9a\u76ee\u6a19\u3002\u003Cbr \/\u003E\u003Cbr \/\u003E\u6c11\u4e3b\u6d3e\u8b70\u54e1\u6307\uff0c\u5c31\u53f8\u6cd5\u8986\u6838\u7dca\u6025\u6cd5\u53ca\u7981\u8499\u9762\u6cd5\u7684\u773e\u7c4c\uff0c\u508d\u665a6\u6642\u524d\u8d85\u6a19\u5b8c\u6210\u3001\u773e\u7c4c\u5373\u6642\u7d50\u675f\uff0c\u4e26\u611f\u8b1d\u534a\u500b\u6708\u4f86\u8d85\u904e6600\u540d\u5e02\u6c11\u8e34\u8e8d\u652f\u6301\u3002\u6c11\u4e3b\u6d3e\u627f\u8afe\u6703\u5e36\u8457\u5e02\u6c11\u671f\u671b\u53cd\u64b2\u66b4\u653f\uff0c\u7aed\u76e1\u6240\u80fd\u5728\u53f8\u6cd5\u5236\u5ea6\u5167\u5c0b\u6c42\u516c\u7fa9\u3002\u6c11\u4e3b\u6d3e\u53c8\u6307\uff0c\u76ee\u524d\u6240\u7c4c\u96c6\u5230\u7684\u7e3d\u91d1\u984d\u5df2\u8d85\u51fa\u539f\u5b9a\u76ee\u6a19\uff0c\u5305\u62ec\u5c11\u91cf\u7d93\u5176\u4ed6\u6e20\u9053\u6350\u8d08\u7684\u6b3e\u9805\uff0c\u4f46\u78ba\u5be6\u91d1\u984d\u4ecd\u6709\u5f85\u8a08\u7b97\uff0c\u6263\u9664\u6240\u6709\u5e73\u53f0\u8cbb\u7528\u5f8c\u5c07\u5b58\u5165\u5f8b\u5e2b\u6a13\u6236\u53e3\uff0c\u7d93\u7b2c\u4e09\u65b9\u4fe1\u8a17\u4eba\u5be9\u6838\u4fbf\u6703\u5373\u6642\u516c\u5e03\uff0c\u4e26\u5b9a\u671f\u532f\u5831\u5e33\u76ee\u72c0\u6cc1\uff0c\u63a5\u53d7\u516c\u773e\u76e3\u5bdf\u3002","",""],"section":"1","cat":"1","publish_datetime":"2019-11-14 18:22:00","vdo":{"cover_path":"","headline":"","id":"","video_path":""},"vid":{"cover_path":"","headline":"","id":"","video_path":""},"imgs":[{"path":"20191114\/_2019111418231994619_600.jpg","caption":"\u8cc7\u6599\u5716\u7247","isCover":0}],"writer":{"columnTitle":"","columnistID":"","trait":"","writer":""},"layout":"4","keyword":["\u6c11\u4e3b\u6d3e","\u7981\u8499\u9762\u6cd5","\u53f8\u6cd5\u8986\u6838","\u773e\u7c4c"],"related_news":[{"id":"1128277","newsID":"","title":"\u3010\u592a\u53e4\u57ce\u65ac\u4eba\u3011\u6c11\u4e3b\u6d3e\u8b74\u8cac\u5147\u5f92\u66b4\u884c \u4fc3\u653f\u5e9c\u4e0d\u8981\u62d6\u5ef6\u6216\u53d6\u6d88\u5340\u9078","content":"","section":"1","cat":"1","publish_datetime":"2019-11-03 23:30:00","vdo":{"cover_path":"","headline":"","id":"","video_path":""},"imgs":[{"path":"20191103\/_2019110323374348791_370.jpg","isCover":1}],"writer":{"columnTitle":"","columnistID":"","trait":"","writer":""},"layout":"1","share_link":""},{"id":"1128982","newsID":"","title":"\u3010\u4fee\u4f8b\u98a8\u6ce2\u3011\u6c11\u4e3b\u6d3e\u4fc3\u6797\u912d\u5411\u97d3\u6b63\u8acb\u8fad  \u6279\u8b66\u65b9\u6feb\u6b0a\u6feb\u6355\u52a0\u5287","content":"","section":"1","cat":"1","publish_datetime":"2019-11-04 18:13:00","vdo":{"cover_path":"","headline":"","id":"","video_path":""},"imgs":[{"path":"20191104\/_2019110418372120138_370.jpg","isCover":1}],"writer":{"columnTitle":"","columnistID":"","trait":"","writer":""},"layout":"1","share_link":""},{"id":"1129831","newsID":"","title":"\u793a\u5a01\u8005\u5c16\u6c99\u5634\u5835\u8def \u6c34\u70ae\u8eca\u51fa\u52d5\u8b66\u62d8\u5169\u4eba","content":"","section":"1","cat":"1","publish_datetime":"2019-11-05 22:08:00","vdo":{"cover_path":"","headline":"","id":"","video_path":""},"imgs":[{"path":"20191105\/_2019110522000451428_370.jpg","isCover":1},{"path":"20191105\/_2019110521253761052_370.jpeg","isCover":0},{"path":"20191105\/_2019110521072759646_370.jpg","isCover":0}],"writer":{"columnTitle":"","columnistID":"","trait":"","writer":""},"layout":"1","share_link":""},{"id":"1132748","newsID":"","title":"\u53cd\u9ed1\u66b4\u7981\u8499\u9762\u806f\u7f72\u7a81\u7834\u767e\u842c","content":"","section":"1","cat":"1","publish_datetime":"2019-11-09 09:10:00","vdo":{"cover_path":"","headline":"","id":"","video_path":""},"imgs":[{"path":"20191109\/_2019110909121634329_370.jpg","isCover":1}],"writer":{"columnTitle":"","columnistID":"","trait":"","writer":""},"layout":"1","share_link":""},{"id":"1132973","newsID":"","title":"\u7acb\u6703\u7981\u8499\u9762\u6cd5\u516c\u807d\u6703\u5e02\u6c11\u610f\u898b\u4e0d\u4e00 \u4fdd\u5b89\u5c40\uff1a\u6709\u52a9\u8b66\u8abf\u67e5\u641c\u8b49","content":"","section":"1","cat":"1","publish_datetime":"2019-11-09 18:12:00","vdo":{"cover_path":"","headline":"","id":"","video_path":""},"imgs":[{"path":"20191109\/_2019110918133861113_370.jpg","isCover":1}],"writer":{"columnTitle":"","columnistID":"","trait":"","writer":""},"layout":"1","share_link":""},{"id":"1133009","newsID":"","title":"\u3010\u4fee\u4f8b\u98a8\u6ce2\u30117\u6c11\u4e3b\u6d3e\u6d89\u59a8\u7919\u8b70\u54e1\u958b\u6703 6\u4eba\u88ab\u6355\u5468\u4e00\u63d0\u5802","content":"","section":"1","cat":"1","publish_datetime":"2019-11-09 23:17:00","vdo":{"cover_path":"","headline":"","id":"","video_path":""},"imgs":[{"path":"20191109\/_2019110919222725979_370.jpg","isCover":1}],"writer":{"columnTitle":"","columnistID":"","trait":"","writer":""},"layout":"1","share_link":""},{"id":"1133018","newsID":"","title":"\u3010\u5340\u6703\u9078\u8209\u3011\u8cea\u7591\u653f\u5e9c\u6311\u52d5\u793e\u6703\u77db\u76fe \u5340\u8afe\u8ed2\uff1a\u70ba\u7576\u524d\u5c40\u52e2\u300c\u64a5\u706b\u300d","content":"","section":"1","cat":"1","publish_datetime":"2019-11-09 19:52:00","vdo":{"cover_path":"","headline":"","id":"","video_path":""},"imgs":[{"path":"20191109\/_2019110919532081249_370.jpg","isCover":1}],"writer":{"columnTitle":"","columnistID":"","trait":"","writer":""},"layout":"1","share_link":""},{"id":"1133078","newsID":"","title":"\u570b\u969b\u7279\u8d66\u7d44\u7e54\u6307\u300a\u7981\u8499\u9762\u6cd5\u300b\u6709\u9055\u4eba\u6b0a \u4fc3\u4fee\u8a02\u300a\u7dca\u6025\u6cd5\u300b","content":"","section":"1","cat":"1","publish_datetime":"2019-11-09 22:19:00","vdo":{"cover_path":"","headline":"","id":"","video_path":""},"imgs":[{"path":"20191109\/_2019110922241045985_370.jpg","isCover":1}],"writer":{"columnTitle":"","columnistID":"","trait":"","writer":""},"layout":"1","share_link":""},{"id":"1134134","newsID":"","title":"\u9673\u6dd1\u838a\uff1a\u6cdb\u6c11\u4e3b\u6d3e\u5805\u6c7a\u53cd\u5c0d\u653f\u6cbb\u6aa2\u63a7","content":"","section":"1","cat":"1","publish_datetime":"2019-11-11 15:00:00","vdo":{"cover_path":"","headline":"","id":"","video_path":""},"imgs":[{"path":"20191111\/_2019111115023264676_370.jpg","isCover":1}],"writer":{"columnTitle":"","columnistID":"","trait":"","writer":""},"layout":"1","share_link":""},{"id":"1136111","newsID":"","title":"\u3010\u5340\u6703\u9078\u8209\u3011\u6c11\u4e3b\u6d3e\u5169\u6c99\u7530\u5340\u8b70\u54e11\u5019\u9078\u4eba \u6d89\u975e\u6cd5\u96c6\u7d50\u88ab\u6355 ","content":"","section":"1","cat":"1","publish_datetime":"2019-11-13 15:02:00","vdo":{"cover_path":"","headline":"","id":"","video_path":""},"imgs":[{"path":"20191113\/_2019111315070515459_370.jpg","isCover":1}],"writer":{"columnTitle":"","columnistID":"","trait":"","writer":""},"layout":"1","share_link":""}],"relevant_news":[],"topic":[],"share_link":"http:\/\/hd.stheadline.com\/news\/realtime\/hk\/1637359"}