{"id":"1137869","newsID":"","title":"\u3010\u5927\u4e09\u7f77\u3011\u6559\u5927\u5ba3\u5e03\u672c\u5b78\u671f\u6539\u7db2\u4e0a\u6388\u8ab2","content":["\u56e0\u61c9\u793e\u6703\u4e8b\u614b\u672a\u6709\u5e73\u606f\u8ff9\u8c61\uff0c\u516c\u5171\u4ea4\u901a\u4ea6\u672a\u56de\u5fa9\u6b63\u5e38\uff0c\u518d\u6709\u5927\u5b78\u5ba3\u5e03\u6539\u70ba\u7db2\u4e0a\u6388\u8ab2\u3002\u9999\u6e2f\u6559\u80b2\u5927\u5b78\u5ba3\u5e03\uff0c\u7531\u65bc\u793e\u6703\u76ee\u524d\u60c5\u6cc1\u6216\u5f71\u97ff\u5e2b\u751f\u5f80\u8fd4\u6821\u5712\uff0c\u672c\u5b78\u671f\u9918\u4e0b\u7684\u9762\u6388\u8ab2\u5802\u6539\u70ba\u7db2\u4e0a\u5b78\u7fd2\u53ca\u8a55\u6838\uff0c\u5b78\u751f\u6bcb\u9700\u8fd4\u56de\u6821\u5712\u4e0a\u8ab2\u3002\u003Cbr \/\u003E\u003Cbr \/\u003E\u5dba\u5357\u5927\u5b78\u4eca\u65e5\u4ea6\u5ba3\u5e03\u53d6\u6d88\u9762\u6388\u8ab2\u5802\uff0c\u9918\u4e0b\u5b78\u671f\u6539\u70ba\u7db2\u4e0a\u6388\u8ab2\uff0c\u81f3\u65bc\u671f\u7d42\u8003\u8a66\u5c07\u6839\u64da\u500b\u5225\u8ab2\u7a0b\u8001\u5e2b\u7684\u6c7a\u5b9a\uff0c\u4ee5\u7db2\u4e0a\u8003\u8a66\u6216\u5176\u4ed6\u8003\u6838\u65b9\u5f0f\u4ee3\u66ff\u3002\u57ce\u5927\u3001\u6d78\u5927\u3001\u6e2f\u5927\u548c\u7406\u5927\u65e9\u524d\u5df2\u5ba3\u5e03\uff0c\u5b78\u751f\u6bcb\u9808\u518d\u56de\u6821\uff0c\u672c\u5b78\u671f\u9918\u4e0b\u8ab2\u5802\u5c07\u6539\u70ba\u7db2\u4e0a\u6388\u8ab2\u3002","",""],"section":"1","cat":"1","publish_datetime":"2019-11-15 13:17:00","vdo":{"cover_path":"","headline":"","id":"","video_path":""},"vid":{"cover_path":"","headline":"","id":"","video_path":""},"imgs":[{"path":"20191115\/_2019111513121858287_600.jpg","caption":"\u9999\u6e2f\u6559\u80b2\u5927\u5b78\u5ba3\u5e03\uff0c\u672c\u5b78\u671f\u6539\u70ba\u7db2\u4e0a\u5b78\u7fd2\u53ca\u8a55\u6838\u3002\uff08\u8cc7\u6599\u5716\u7247\uff09","isCover":0}],"writer":{"columnTitle":"","columnistID":"","trait":"","writer":""},"layout":"4","keyword":["\u4fee\u4f8b\u98a8\u6ce2","\u53cd\u4fee\u4f8b","\u7db2\u4e0a\u6388\u8ab2","\u6559\u5927","\u5dba\u5927"],"related_news":[{"id":"1137551","newsID":"","title":"\u3010\u5927\u4e09\u7f77\u3011\u7d05\u78e1\u81f3\u65fa\u89d2\u6771\u7ad9\u8def\u8ecc\u88ab\u6295\u64f2\u6c7d\u6cb9\u5f48 \u6e2f\u9435\u670d\u52d9\u53d7\u963b","content":"","section":"1","cat":"1","publish_datetime":"2019-11-15 13:23:00","vdo":{"cover_path":"","headline":"","id":"","video_path":""},"imgs":[{"path":"20191115\/_2019111513284241721_370.jpg","isCover":1},{"path":"20191115\/_2019111509524246130_370.jpg","isCover":0},{"path":"20191115\/_2019111509524343352_370.jpg","isCover":0}],"writer":{"columnTitle":"","columnistID":"","trait":"","writer":""},"layout":"1","share_link":""},{"id":"1137584","newsID":"","title":"\u3010\u5927\u4e09\u7f77\u3011\u5404\u5340\u885d\u7a81\u81f3\u5c1156\u4eba\u9001\u9662 \u5305\u62ec48\u65e5\u5927BB ","content":"","section":"1","cat":"1","publish_datetime":"2019-11-15 08:55:00","vdo":{"cover_path":"","headline":"","id":"","video_path":""},"imgs":[{"path":"20191115\/_2019111509133459995_370.jpg","isCover":1}],"writer":{"columnTitle":"","columnistID":"","trait":"","writer":""},"layout":"1","share_link":""},{"id":"1137599","newsID":"","title":"\u3010\u5927\u4e09\u7f77\u3011\u65fa\u89d2\u4e2d\u5e74\u6f22\u7591\u906d\u79c1\u4e86\u5012\u5730 \u793a\u5a01\u8005\u5f4c\u6566\u9053\u7bc9\u78da\u7246\u5835\u8def","content":"","section":"1","cat":"1","publish_datetime":"2019-11-15 09:38:00","vdo":{"cover_path":"","headline":"","id":"","video_path":""},"imgs":[{"path":"20191115\/_2019111509353260051_370.jpg","isCover":1},{"path":"20191115\/_2019111509353394901_370.jpg","isCover":0},{"path":"20191115\/_2019111509353435136_370.jpg","isCover":0}],"writer":{"columnTitle":"","columnistID":"","trait":"","writer":""},"layout":"1","share_link":""},{"id":"1137659","newsID":"","title":"\u3010\u4fee\u4f8b\u98a8\u6ce2\u3011\u7a31\u5df2\u555f\u52d5\u300c\u71b1\u7dda\u300d\u6a5f\u5236 \u76e7\u6bd4\u5967\uff1a\u6e2f\u4eba\u6b0a\u6cd5\u6848\u6700\u5feb\u4e0b\u5468\u4e00\u901a\u904e","content":"","section":"1","cat":"1","publish_datetime":"2019-11-15 10:09:00","vdo":{"cover_path":"","headline":"","id":"","video_path":""},"imgs":[{"path":"20191115\/_2019111510135841984_370.jpg","isCover":1}],"writer":{"columnTitle":"","columnistID":"","trait":"","writer":""},"layout":"1","share_link":""},{"id":"1137668","newsID":"","title":"\u3010\u4fee\u4f8b\u98a8\u6ce2\u3011\u6e2f\u71c8\u52a9\u4e2d\u5c0f\u4f01\u98df\u8086 \u5ef6\u671f\u4ea4\u5169\u500b\u6708\u96fb\u8cbb","content":"","section":"1","cat":"1","publish_datetime":"2019-11-15 10:25:00","vdo":{"cover_path":"","headline":"","id":"","video_path":""},"imgs":[{"path":"20191115\/_2019111510281846037_370.jpg","isCover":1}],"writer":{"columnTitle":"","columnistID":"","trait":"","writer":""},"layout":"1","share_link":""},{"id":"1137740","newsID":"","title":"\u3010\u5c08\u6b04\u3011\u9055\u6cd5\u9054\u66b4\u3000\u4e0d\u53ef\u6536\u62fe","content":"","section":"1","cat":"1","publish_datetime":"2019-11-15 11:20:00","vdo":{"cover_path":"","headline":"","id":"","video_path":""},"imgs":[{"path":"20191115\/_2019111511170914030_370.jpg","isCover":1}],"writer":{"columnTitle":"","columnistID":"","trait":"","writer":""},"layout":"1","share_link":""},{"id":"1137776","newsID":"","title":"\u3010\u5927\u4e09\u7f77\u3011\u98df\u74b0\u7f72\u5916\u5224\u5de5\u4e0a\u6c34\u4e2d\u78da\u4e0d\u6cbb \u8b66\u6539\u5217\u8b00\u6bba","content":"","section":"1","cat":"1","publish_datetime":"2019-11-15 11:57:00","vdo":{"cover_path":"","headline":"","id":"","video_path":""},"imgs":[{"path":"20191115\/_2019111512232834666_370.jpg","isCover":1}],"writer":{"columnTitle":"","columnistID":"","trait":"","writer":""},"layout":"1","share_link":""},{"id":"1137806","newsID":"","title":"\u3010\u5927\u4e09\u7f77\u3011\u845b\u73ee\u5e06\u8343\u7063\u843d\u5340 \u8207\u8857\u574a\u9f4a\u79fb\u8d70\u99ac\u8def\u78da\u584a","content":"","section":"1","cat":"1","publish_datetime":"2019-11-15 12:37:00","vdo":{"cover_path":"","headline":"","id":"","video_path":""},"imgs":[{"path":"20191115\/_2019111512393389017_370.jpg","isCover":1},{"path":"20191115\/_2019111512393284877_370.jpg","isCover":0},{"path":"20191115\/_2019111512393361911_370.jpg","isCover":0}],"writer":{"columnTitle":"","columnistID":"","trait":"","writer":""},"layout":"1","share_link":""},{"id":"1137854","newsID":"","title":"\u3010\u5927\u4e09\u7f77\u3011\u4f0a\u9662\u518d\u7c72\u53f8\u6a5f\u52ff\u53d6\u9053\u9662\u5167\u8eca\u9053 \u6182\u5f71\u97ff\u904b\u4f5c","content":"","section":"1","cat":"1","publish_datetime":"2019-11-15 13:03:00","vdo":{"cover_path":"","headline":"","id":"","video_path":""},"imgs":[{"path":"20191115\/_2019111513044278887_370.jpg","isCover":1}],"writer":{"columnTitle":"","columnistID":"","trait":"","writer":""},"layout":"1","share_link":""},{"id":"1137863","newsID":"","title":"\u3010\u4fee\u4f8b\u98a8\u6ce2\u3011\u7981\u9023\u767bTelegram\u50b3\u64ad\u717d\u52d5\u66b4\u529b\u4fe1\u606f \u6cd5\u5b98\u6279\u51c6\u5ef6\u671f\u81f3\u53e6\u884c\u901a\u77e5","content":"","section":"1","cat":"1","publish_datetime":"2019-11-15 15:41:00","vdo":{"cover_path":"","headline":"","id":"","video_path":""},"imgs":[{"path":"20191115\/_2019111513095925138_370.jpg","isCover":1}],"writer":{"columnTitle":"","columnistID":"","trait":"","writer":""},"layout":"1","share_link":""}],"relevant_news":[],"topic":[],"share_link":"http:\/\/hd.stheadline.com\/news\/realtime\/hk\/1637869"}