{"id":"1137110","newsID":"","title":"\u5b89\u4fca\u82f1\u79fb\u4ea4\u6aa2\u5bdf\u6a5f\u95dc \u97d3\u8b66\u78ba\u8a8d\u300aPD\u300b\u5168\u7cfb\u5217\u9020\u5047","content":["\u97d3\u570b\u4eba\u6c23\u9078\u79c0\u9a37\u300aProduce 101\u300b\uff08PD101\uff09\u7cfb\u5217\u88fd\u4f5c\u4eba\u5b89\u4fca\u82f1\u7b49\u5169\u4eba\u5728\u6d89\u5acc\u64cd\u7e31\u7bc0\u76ee\u6295\u7968\u906d\u8b66\u65b9\u62d8\u7559\u5f8c\uff0c\u627f\u8a8d\u5728\u300aProduce 48\u300b\u548c\u300aProduce X 101\u300b\u5169\u5b63\u7bc0\u76ee\u6392\u540d\u9020\u5047\uff0c\u4eca\u65e5\u88ab\u79fb\u4ea4\u6aa2\u5bdf\u6a5f\u95dc\u3002\u88ab\u554f\u662f\u5426\u8a8d\u7f6a\uff1f\u5b89\u4fca\u82f1\u53ea\u56de\u7b54\u300c\u5c0d\u4e0d\u8d77\u300d\u3002\u003Cbr \/\u003E\u5169\u4eba\u88ab\u5df2\u9001\u5230\u6aa2\u5bdf\u6a5f\u95dc\u5f8c\uff0c\u8b66\u65b9\u5c07\u52a0\u5feb\u5c0dCJ E\u0026amp;M\u4e0a\u7d1a\u8abf\u67e5\uff0c\u81f3\u4eca\u5c0d\u5305\u62ecCJ\u526f\u793e\u9577\u516710\u591a\u4eba\u7acb\u6848\uff0c\u4e26\u8abf\u67e5\u76f8\u95dc6\u9593\u7d93\u7406\u4eba\u516c\u53f8\u3002\u003Cbr \/\u003E\u4e4b\u524d\u5b89\u4fca\u82f1\u53ea\u627f\u8a8d\u7cfb\u5217\u7b2c\u4e09\u56db\u5b63\u9020\u5047\uff0c\u4f46\u4eca\u65e5\u8b66\u65b9\u78ba\u8a8dPD101\u5168\u7cfb\u5217\u5747\u548c\u89c0\u773e\u6295\u7968\u7d50\u679c\u4e0d\u540c\uff0c\u5831\u9053\u6307\u5b89\u4fca\u82f1\u4ea6\u627f\u8a8d\u4e86\u90e8\u4efd\u3002","",""],"section":"1","cat":"2","publish_datetime":"2019-11-14 15:26:00","vdo":{"cover_path":"","headline":"","id":"","video_path":""},"vid":{"cover_path":"","headline":"","id":"","video_path":""},"imgs":[{"path":"20191114\/_2019111415523299961_600.jpeg","caption":"\u300aPD\u300b\u9023\u7b2c\u4e00\u4e8c\u5b63\u90fd\u6d89\u9020\u5047\uff0c\u7c89\u7d72\u8d85\u5931\u671b\u3002\uff08\u7db2\u5716\uff09","isCover":0}],"writer":{"columnTitle":"","columnistID":"","trait":"","writer":""},"layout":"4","keyword":[],"related_news":[{"id":"1137149","newsID":"","title":"\u8b66\u52d9\u8655\u59d4\u4efb\u4e0d\u591a\u65bc100\u540d\u61f2\u6559\u54e1\u70ba\u7279\u52d9\u8b66\u5bdf","content":"","section":"1","cat":"1","publish_datetime":"2019-11-14 16:15:00","vdo":{"cover_path":"","headline":"","id":"","video_path":""},"imgs":[{"path":"20191114\/_2019111416154738564_370.jpg","isCover":1}],"writer":{"columnTitle":"","columnistID":"","trait":"","writer":""},"layout":"1","share_link":""},{"id":"1137143","newsID":"","title":"\u3010\u5927\u4e09\u7f77\u3011\u6e2f\u5927\u5ba3\u5e03\u7d42\u6b62\u672c\u5b78\u671f\u672c\u90e8\u6821\u5712\u6240\u6709\u8ab2\u5802 \u8003\u8a66\u8f49\u7db2\u4e0a\u6216\u5176\u4ed6\u5f62\u5f0f\u8a55\u6838","content":"","section":"1","cat":"1","publish_datetime":"2019-11-14 16:11:00","vdo":{"cover_path":"","headline":"","id":"","video_path":""},"imgs":[{"path":"20191114\/_2019111416151287401_370.jpg","isCover":1}],"writer":{"columnTitle":"","columnistID":"","trait":"","writer":""},"layout":"1","share_link":""},{"id":"1137152","newsID":"","title":"\u3010\u8343\u7063\u885d\u7a81\u3011\u53d7\u69cd\u50b7\u5c11\u5e74\u7b497\u4eba\u88ab\u63a7\u66b4\u52d5\u8972\u8b66 \u62bc\u4e0b\u6708\u5340\u9662\u7b54\u8faf","content":"","section":"1","cat":"1","publish_datetime":"2019-11-14 16:08:00","vdo":{"cover_path":"","headline":"","id":"","video_path":""},"imgs":[{"path":"20191114\/_2019111416165888494_370.jpg","isCover":1}],"writer":{"columnTitle":"","columnistID":"","trait":"","writer":""},"layout":"1","share_link":""},{"id":"1137134","newsID":"","title":"\u3010\u5927\u4e09\u7f77\u3011\u6307\u8b66\u529b\u4e0d\u8db3 \u8b5a\u8000\u5b97\u8cea\u7591\u5be6\u884c\u5bb5\u7981\u6548\u7528","content":"","section":"1","cat":"1","publish_datetime":"2019-11-14 16:04:00","vdo":{"cover_path":"","headline":"","id":"","video_path":""},"imgs":[{"path":"20191114\/_2019111416130131606_370.jpg","isCover":1}],"writer":{"columnTitle":"","columnistID":"","trait":"","writer":""},"layout":"1","share_link":""}],"relevant_news":[],"topic":[],"share_link":"http:\/\/hd.stheadline.com\/life\/ent\/realtime\/1637110"}