{"id":"1137230","newsID":"","title":"\u6307\u50ac\u6dda\u5f48\u6975\u5c11\u5f15\u767c\u6c38\u4e45\u5f8c\u907a\u75c7 \u8b66\uff1a\u5c0d\u8207\u4e8c\u5641\u82f1\u95dc\u806f\u300c\u6478\u4e0d\u8457\u982d\u8166\u300d","content":["\u4e00\u540d\u7acb\u5834\u65b0\u805e\u8a18\u8005\u7591\u56e0\u5438\u5165\u9ad8\u6fc3\u5ea6\u4e8c\u5641\u82f1\uff0c\u800c\u9577\u51fa\u6c2f\u75e4\u7621\u3002\u003Cbr \/\u003E\u003Cbr \/\u003E\u884c\u52d5\u90e8\u9ad8\u7d1a\u8b66\u53f8\u6c6a\u5a01\u905c\u56de\u61c9\u6642\u6307\uff0c\u8b66\u65b9\u4f7f\u7528\u7684\u50ac\u6dda\u5f48\u4e3b\u8981\u6210\u5206\u70baCS\uff0c\u5c0d\u65bc\u4e8c\u5641\u82f1\u8207\u8b66\u65b9\u7684\u50ac\u6dda\u5f48\u6709\u4f55\u95dc\u806f\u300c\u6478\u4e0d\u8457\u982d\u8166\u300d\u3002\u4ed6\u4ea6\u5f37\u8abf\uff0c\u8b66\u65b9\u6b63\u5e38\u5730\u4f7f\u7528\u50ac\u6dda\u5f48\u9a45\u6563\u66b4\u529b\u793a\u5a01\u8005\uff0c\u505a\u6cd5\u5408\u6cd5\uff0c\u4ea6\u7b26\u5408\u570b\u969b\u6e96\u5247\u3002\u4ed6\u4ea6\u8209\u51fa\u6cd5\u570b\u61c9\u5c0d\u9ec3\u80cc\u5fc3\u793a\u5a01\uff0c\u4ee5\u53ca\u7f8e\u570b\u61c9\u5c0d\u908a\u5883\u975e\u6cd5\u5165\u5883\u8005\u4f5c\u4f8b\u5b50\uff0c\u6307\u5176\u4ed6\u5730\u65b9\u4ea6\u6709\u4ee5\u985e\u4f3c\u624b\u6cd5\u4f7f\u7528\u50ac\u6dda\u5f48\uff0c\u4e26\u6307\u56e0\u6b64\u800c\u5f15\u767c\u6c38\u4e45\u5f8c\u907a\u75c7\u662f\u300c\u6975\u5c11\u898b\u300d\u3002\u4ed6\u7e8c\u6307\uff0c\u5c0d\u65bc\u5916\u754c\u5c0d\u8b66\u65b9\u4f7f\u7528\u50ac\u6dda\u5f48\u7684\u6307\u63a7\uff0c\u9700\u8981\u8f03\u591a\u79d1\u5b78\u6839\u64da\uff0c\u4e26\u547c\u7c72\u5e02\u6c11\u914d\u5408\u8b66\u65b9\uff0c\u8b66\u65b9\u5247\u6703\u6e1b\u4f7f\u7528\u50ac\u6dda\u5f48\u6578\u91cf\u3002","",""],"section":"1","cat":"1","publish_datetime":"2019-11-14 17:26:00","vdo":{"cover_path":"","headline":"","id":"","video_path":""},"vid":{"cover_path":"","headline":"","id":"","video_path":""},"imgs":[{"path":"20191114\/_2019111417272026996_600.jpeg","caption":"","isCover":0}],"writer":{"columnTitle":"","columnistID":"","trait":"","writer":""},"layout":"4","keyword":[],"related_news":[{"id":"1137929","newsID":"","title":"\u592a\u53e4\u57ce2\u623f\u544e\u79df42.5\u5143","content":"","section":"1","cat":"5","publish_datetime":"2019-11-15 14:09:00","vdo":{"cover_path":"","headline":"","id":"","video_path":""},"imgs":[{"path":"20191115\/_2019111514093967676_370.jpg","isCover":1}],"writer":{"columnTitle":"","columnistID":"","trait":"","writer":""},"layout":"1","share_link":""},{"id":"1137905","newsID":"","title":"\u52a0\u5dde\u6821\u5712\u69cd\u64ca\u7537\u5b50\u958b\u5bb6\u9580\u8b93\u5b78\u751f\u8eb2\u907f \u88ab\u5c01\u70ba\u82f1\u96c4","content":"","section":"1","cat":"4","publish_datetime":"2019-11-15 13:56:00","vdo":{"cover_path":"","headline":"","id":"","video_path":""},"imgs":[{"path":"20191115\/_2019111513585727620_370.jpg","isCover":1}],"writer":{"columnTitle":"","columnistID":"","trait":"","writer":""},"layout":"1","share_link":""},{"id":"1137902","newsID":"","title":"\u3010\u73fe\u5e02\u6cc1\u3011\u6052\u6307\u534744\u9ede\u583126371 \u6210\u4ea4390\u5104\u5143","content":"","section":"1","cat":"6","publish_datetime":"2019-11-15 13:56:00","vdo":{"cover_path":"","headline":"","id":"","video_path":""},"imgs":[{"path":"20191115\/1137902_351827_20191115_370.jpg","isCover":1}],"writer":{"columnTitle":"","columnistID":"","trait":"","writer":""},"layout":"1","share_link":""},{"id":"1137923","newsID":"","title":"\u53f0\u7063\u52a0\u6b0a\u6307\u6578\u6536\u53470.66%\u583111525","content":"","section":"1","cat":"6","publish_datetime":"2019-11-15 13:38:00","vdo":{"cover_path":"","headline":"","id":"","video_path":""},"imgs":[{"path":"20191115\/1137923_351821_20191115_370.jpg","isCover":1}],"writer":{"columnTitle":"","columnistID":"","trait":"","writer":""},"layout":"1","share_link":""}],"relevant_news":[],"topic":[],"share_link":"http:\/\/hd.stheadline.com\/news\/realtime\/hk\/1637230"}