{"id":"1137131","newsID":"","title":"\u3010\u5927\u4e09\u7f77\u3011\u99ac\u6703\u5834\u5916\u6295\u6ce8\u7ad9\u63d0\u65e96\u6642\u95dc\u9580 \u516d\u5408\u5f69\u652a\u73e0\u5982\u671f\u8209\u884c","content":["\u99ac\u6703\u5ba3\u5e03\uff0c\u56e0\u61c9\u6700\u65b0\u7684\u5e02\u9762\u53ca\u4ea4\u901a\u60c5\u6cc1\uff0c\u53ca\u70ba\u78ba\u4fdd\u54e1\u5de5\u53ca\u9867\u5ba2\u7684\u5b89\u5168\uff0c\u9664\u8f03\u65e9\u524d\u5df2\u5ba3\u5e03\u4eca\u5929\u66ab\u505c\u670d\u52d9\u7684\u5834\u5916\u6295\u6ce8\u8655\uff0c\u5176\u9918\u5834\u5916\u6295\u6ce8\u8655\u3001\u96fb\u8a71\u6295\u6ce8\u53ca\u9867\u5ba2\u670d\u52d9\u71b1\u7dda\u63a5\u7dda\u751f\u670d\u52d9\uff0c\u5c07\u65bc\u4e0b\u53486\u6642\u63d0\u65e9\u66ab\u505c\u670d\u52d9\uff1b\u800c\u4e92\u52d5\u6295\u6ce8\u30011886\u96fb\u8a71\u6295\u6ce8\u81ea\u52d5\u670d\u52d9\u7cfb\u7d71\u53ca\u9867\u5ba2\u81ea\u52d5\u670d\u52d9\u7cfb\u7d71\u7684\u670d\u52d9\u7dad\u6301\u6b63\u5e38\u3002\u003Cbr \/\u003E\u003Cbr \/\u003E\u6b64\u5916\uff0c\u4eca\u665a\u7684\u516d\u5408\u5f69\u652a\u73e0(\u7b2c19\/125\u671f)\u5c07\u5982\u671f\u8209\u884c\u3002","",""],"section":"1","cat":"1","publish_datetime":"2019-11-14 15:56:00","vdo":{"cover_path":"","headline":"","id":"","video_path":""},"vid":{"cover_path":"","headline":"","id":"","video_path":""},"imgs":[{"path":"20191114\/_2019111415593184259_600.jpg","caption":"\u6240\u6709\u6295\u6ce8\u7ad9\u4eca\u65e5\u63d0\u65e96\u9ede\u95dc\u9580\u3002","isCover":0}],"writer":{"columnTitle":"","columnistID":"","trait":"","writer":""},"layout":"4","keyword":["\u5927\u4e09\u7f77"],"related_news":[{"id":"1136837","newsID":"","title":"\u3010\u5927\u4e09\u7f77\u3011\u4e0a\u6c34\u903e10\u4eba\u6301\u68cd \u570d\u6bc6\u9ed1\u8863\u4eba(\u7247\u6bb5)","content":"","section":"1","cat":"1","publish_datetime":"2019-11-14 14:25:00","vdo":{"cover_path":"","headline":"","id":"","video_path":""},"imgs":[{"path":"20191114\/_2019111412345319306_370.jpg","isCover":1},{"path":"20191114\/_2019111412441967942_370.jpg","isCover":0},{"path":"20191114\/_2019111412345247478_370.jpg","isCover":0}],"writer":{"columnTitle":"","columnistID":"","trait":"","writer":""},"layout":"1","share_link":""},{"id":"1136897","newsID":"","title":"\u3010\u5927\u4e09\u7f77\u3011\u6cb9\u9ebb\u5730\u6c99\u7530\u7f8e\u6c99\u916e\u8a3a\u6240\u4eca\u4e0d\u958b\u653e  \u5176\u9918\u81f3\u665a8\u6642\u66ab\u505c\u670d\u52d9","content":"","section":"1","cat":"1","publish_datetime":"2019-11-14 15:30:00","vdo":{"cover_path":"","headline":"","id":"","video_path":""},"imgs":[{"path":"20191114\/_2019111413193681238_370.jpg","isCover":1}],"writer":{"columnTitle":"","columnistID":"","trait":"","writer":""},"layout":"1","share_link":""},{"id":"1136900","newsID":"","title":"\u3010\u5927\u4e09\u7f77\u3011\u4f0a\u9662\u7c72\u53f8\u6a5f\u52ff\u53d6\u9053\u9662\u5167\u8eca\u9053 \u6182\u963b\u7919\u6551\u63f4","content":"","section":"1","cat":"1","publish_datetime":"2019-11-14 13:21:00","vdo":{"cover_path":"","headline":"","id":"","video_path":""},"imgs":[{"path":"20191114\/_2019111413225424398_370.jpg","isCover":1}],"writer":{"columnTitle":"","columnistID":"","trait":"","writer":""},"layout":"1","share_link":""},{"id":"1136906","newsID":"","title":"\u3010\u5927\u4e09\u7f77\u3011\u7406\u5927\u53d6\u6d88\u672c\u5b78\u671f\u6240\u6709\u9762\u5c0d\u9762\u6559\u5b78 \u6539\u7db2\u4e0a\u6559\u5b78","content":"","section":"1","cat":"1","publish_datetime":"2019-11-14 13:24:00","vdo":{"cover_path":"","headline":"","id":"","video_path":""},"imgs":[{"path":"20191114\/_2019111413324329183_370.jpg","isCover":1}],"writer":{"columnTitle":"","columnistID":"","trait":"","writer":""},"layout":"1","share_link":""},{"id":"1136927","newsID":"","title":"\u3010\u5927\u4e09\u7f77\u3011\u92f8\u68d5\u6ada\u6a39\u5835\u8def \u5410\u9732\u6e2f\u516c\u8def\u53d7\u963b\u79d1\u5b78\u5712\u8def\u4e00\u5ea6\u958b\u901a","content":"","section":"1","cat":"1","publish_datetime":"2019-11-14 15:44:00","vdo":{"cover_path":"","headline":"","id":"","video_path":""},"imgs":[{"path":"20191114\/_2019111413565431910_370.jpg","isCover":1}],"writer":{"columnTitle":"","columnistID":"","trait":"","writer":""},"layout":"1","share_link":""},{"id":"1136930","newsID":"","title":"\u3010\u5927\u4e09\u7f77\u3011\u793a\u5a01\u8005\u592a\u53e4\u805a\u96c6 \u4f54\u64da\u82f1\u7687\u9053\u7834\u58de\u4ea4\u901a\u71c8","content":"","section":"1","cat":"1","publish_datetime":"2019-11-14 13:56:00","vdo":{"cover_path":"","headline":"","id":"","video_path":""},"imgs":[{"path":"20191114\/_2019111414142496140_370.jpg","isCover":1}],"writer":{"columnTitle":"","columnistID":"","trait":"","writer":""},"layout":"1","share_link":""},{"id":"1136945","newsID":"","title":"\u3010\u5927\u4e09\u7f77\u3011\u5143\u6717\u7ad9\u6578\u5341\u5236\u670d\u4eba\u805a\u96c6 \u4f54\u64da\u5927\u99ac\u8def\u904a\u884c","content":"","section":"1","cat":"1","publish_datetime":"2019-11-14 14:55:00","vdo":{"cover_path":"","headline":"","id":"","video_path":""},"imgs":[{"path":"20191114\/_2019111414563455913_370.jpg","isCover":1},{"path":"20191114\/_2019111414151088841_370.jpg","isCover":0},{"path":"20191114\/_2019111414150961661_370.jpg","isCover":0}],"writer":{"columnTitle":"","columnistID":"","trait":"","writer":""},"layout":"1","share_link":""},{"id":"1137014","newsID":"","title":"\u3010\u5927\u4e09\u7f77\u3011280\u540d\u5728\u6e2f\u53f0\u751f\u9678\u7e8c\u56de\u53f0 \u534a\u6578\u5c31\u8b80\u4e2d\u5927","content":"","section":"1","cat":"1","publish_datetime":"2019-11-14 15:01:00","vdo":{"cover_path":"","headline":"","id":"","video_path":""},"imgs":[{"path":"20191114\/_2019111415122216221_370.jpg","isCover":1}],"writer":{"columnTitle":"","columnistID":"","trait":"","writer":""},"layout":"1","share_link":""},{"id":"1137080","newsID":"","title":"\u3010\u5927\u4e09\u7f77\u30113\u8b70\u54e1\u63d0\u7acb\u6703\u4f11\u6703\u5f85\u7e8c\u8b70\u6848 \u6881\u541b\u5f65\u66ab\u505c\u6703\u8b70\u8655\u7406","content":"","section":"1","cat":"1","publish_datetime":"2019-11-14 15:32:00","vdo":{"cover_path":"","headline":"","id":"","video_path":""},"imgs":[{"path":"20191114\/_2019111415335943216_370.jpg","isCover":1}],"writer":{"columnTitle":"","columnistID":"","trait":"","writer":""},"layout":"1","share_link":""},{"id":"1137083","newsID":"","title":"\u3010\u5927\u4e09\u7f77\u3011\u9664\u5927\u7403\u5834\u5916 \u6240\u6709\u6587\u5eb7\u8a2d\u65bd\u63d0\u65e9\u4eca\u665a7\u6642\u95dc\u9589","content":"","section":"1","cat":"1","publish_datetime":"2019-11-14 15:32:00","vdo":{"cover_path":"","headline":"","id":"","video_path":""},"imgs":[{"path":"20191114\/_2019111415361678311_370.jpg","isCover":1}],"writer":{"columnTitle":"","columnistID":"","trait":"","writer":""},"layout":"1","share_link":""}],"relevant_news":[],"topic":[],"share_link":"http:\/\/hd.stheadline.com\/news\/realtime\/hk\/1637131"}