{"id":"1137086","newsID":"","title":"\u3010\u4fee\u4f8b\u98a8\u6ce2\u3011\u904b\u8f38\u5de5\u6d89\u85cf\u6c7d\u6cb9\u5f48\u4e0d\u51c6\u4fdd\u91cb \u6295\u8a34\u906d\u8b66\u6b66\u529b\u5c0d\u5f85","content":["22\u6b72\u904b\u8f38\u5de5\u4eba\u672c\u5468\u4e8c\u65bc\u5927\u570d\u85cf\u6709\u6c7d\u6cb9\u5f48\u53ca\u5176\u4ed6\u653b\u64ca\u6027\u6b66\u5668\u88ab\u6355\uff0c\u4eca\u65bc\u6c99\u7530\u88c1\u5224\u6cd5\u9662\u63d0\u5802\uff0c\u66ab\u6bcb\u9808\u7b54\u8faf\uff0c\u6848\u4ef6\u62bc\u5f8c\u81f3\u4f86\u5e741\u67089\u65e5\uff0c\u4f5c\u9032\u4e00\u6b65\u8abf\u67e5\uff0c\u4e0d\u5f97\u4fdd\u91cb\u3002\u7576\u503c\u5f8b\u5e2b\u6295\u8a34\uff0c\u88ab\u544a\u88ab\u6355\u671f\u9593\u53d7\u5230\u8b66\u54e1\u4e0d\u5408\u7406\u7684\u6b66\u529b\u5c0d\u5f85\u3002\u003Cbr \/\u003E\u003Cbr \/\u003E\u904b\u8f38\u5de5\u4eba\u674e\u4e91\u6a02\uff0822\u6b72\uff09\u88ab\u63a7\u65bc\u4eca\u5e7411\u670812\u65e5\u65bc\u5927\u570d\u6210\u904b\u8def\u4e00\u516c\u773e\u5730\u65b9\uff0c\u7121\u5408\u6cd5\u6b0a\u9650\u6216\u5408\u7406\u8faf\u89e3\u800c\u651c\u6709\u653b\u64ca\u6027\u6b66\u5668\uff0c\u53731\u500b\u7528\u85cd\u8272\u5e03\u53ca\u725b\u76ae\u81a0\u7d19\u5305\u4f4f\u7684\u6c7d\u6cb9\u5f48\u30011\u628a\u526a\u5200\u30011\u628a\u9ede\u706b\u5668\u53ca3\u652f\u58eb\u5df4\u62ff\u3002\u003Cbr \/\u003E\u003Cbr \/\u003E\u672c\u5831\u8a18\u8005","",""],"section":"1","cat":"1","publish_datetime":"2019-11-14 15:37:00","vdo":{"cover_path":"","headline":"","id":"","video_path":""},"vid":{"cover_path":"","headline":"","id":"","video_path":""},"imgs":[{"path":"20191114\/_2019111415390445768_600.jpg","caption":"","isCover":0}],"writer":{"columnTitle":"","columnistID":"","trait":"","writer":""},"layout":"4","keyword":["\u6c7d\u6cb9\u5f48"],"related_news":[{"id":"1129033","newsID":"","title":"\u3010\u4fee\u4f8b\u98a8\u6ce2\u3011\u903e\u767e\u9632\u66b4\u8b66\u5bdf\u9032\u99d0\u6771\u5340\u6cd5\u9662 \u85cf\u6c7d\u6cb9\u5f48\u6848\u7372\u91cb\u88ab\u544a\u518d\u88ab\u6355","content":"","section":"1","cat":"1","publish_datetime":"2019-11-04 20:26:00","vdo":{"cover_path":"","headline":"","id":"","video_path":""},"imgs":[{"path":"20191104\/_2019110420270842426_370.jpg","isCover":1},{"path":"20191104\/_2019110420270559141_370.jpg","isCover":0},{"path":"20191104\/_2019110420270618492_370.jpg","isCover":0}],"writer":{"columnTitle":"","columnistID":"","trait":"","writer":""},"layout":"1","share_link":""},{"id":"1131425","newsID":"","title":"\u7684\u58eb\u53f8\u6a5f\u6d89\u85cf40\u652f\u6c7d\u6cb9\u5f48\u6253\u706b\u6a5f\u7b49\u4fdd\u91cb\u88ab\u62d2 \u5b98\u6307\u63a7\u7f6a\u56b4\u91cd","content":"","section":"1","cat":"1","publish_datetime":"2019-11-07 16:04:00","vdo":{"cover_path":"","headline":"","id":"","video_path":""},"imgs":[{"path":"20191107\/_2019110716100557160_370.jpg","isCover":1}],"writer":{"columnTitle":"","columnistID":"","trait":"","writer":""},"layout":"1","share_link":""},{"id":"1134125","newsID":"","title":"\u3010\u5927\u4e09\u7f77\u3011\u4e2d\u5927\u793a\u5a01\u8005\u639f\u6c7d\u6cb9\u5f48 \u8b66\u65b9\u591a\u8f2a\u767c\u5c04\u9632\u66b4\u69cd\u9a45\u6563","content":"","section":"1","cat":"1","publish_datetime":"2019-11-11 14:49:00","vdo":{"cover_path":"","headline":"","id":"","video_path":""},"imgs":[{"path":"20191111\/_2019111114560071171_370.jpg","isCover":1},{"path":"20191111\/_2019111114533984950_370.jpg","isCover":0},{"path":"20191111\/_2019111114534172149_370.jpg","isCover":0}],"writer":{"columnTitle":"","columnistID":"","trait":"","writer":""},"layout":"1","share_link":""},{"id":"1134494","newsID":"","title":"\u3010\u5927\u4e09\u7f77\u3011\u793a\u5a01\u8005\u65fa\u89d2\u639f\u6c7d\u6cb9\u5f48\u78da\u982d \u6cb9\u9ebb\u5730\u7ad9\u8d77\u706b","content":"","section":"1","cat":"1","publish_datetime":"2019-11-11 19:02:00","vdo":{"cover_path":"","headline":"","id":"","video_path":""},"imgs":[{"path":"20191111\/_2019111119521534497_370.jpg","isCover":1},{"path":"20191111\/_2019111119520991820_370.jpg","isCover":0},{"path":"20191111\/_2019111119521052547_370.jpg","isCover":0}],"writer":{"columnTitle":"","columnistID":"","trait":"","writer":""},"layout":"1","share_link":""},{"id":"1135238","newsID":"","title":"\u3010\u5927\u4e09\u7f77\u3011\u706b\u71d2\u7537\u5b50\u6848\u4ef6\u5217\u610f\u5716\u8b00\u6bba \u8b66\u65b9\u65a5\u300c\u7279\u6280\u300d\u731c\u6e2c\u96e2\u8b5c","content":"","section":"1","cat":"1","publish_datetime":"2019-11-12 16:35:00","vdo":{"cover_path":"","headline":"","id":"","video_path":""},"imgs":[{"path":"20191112\/_2019111216431032954_370.jpg","isCover":1},{"path":"20191112\/_2019111216431138468_370.jpg","isCover":0},{"path":"20191112\/_2019111216431298873_370.jpg","isCover":0}],"writer":{"columnTitle":"","columnistID":"","trait":"","writer":""},"layout":"1","share_link":""},{"id":"1135301","newsID":"","title":"\u3010\u5927\u4e09\u7f77\u3011\u8b66\u65b9\uff1a\u4efb\u4f55\u60c5\u6cc1\u4e0d\u6703\u523b\u610f\u7784\u6e96\u982d\u90e8 \u9cf4\u69cd\u5df2\u7121\u6cd5\u5687\u9000\u4eba\u7fa4","content":"","section":"1","cat":"1","publish_datetime":"2019-11-12 17:30:00","vdo":{"cover_path":"","headline":"","id":"","video_path":""},"imgs":[{"path":"20191112\/_2019111217315240645_370.jpg","isCover":1}],"writer":{"columnTitle":"","columnistID":"","trait":"","writer":""},"layout":"1","share_link":""},{"id":"1135562","newsID":"","title":"\u6c34\u70ae\u8eca\u5411\u6a4b\u4e0a\u5674\u85cd\u8272\u6c34\u5291 \u4e2d\u5927\u793a\u5a01\u8005\u5bc6\u96c6\u639f\u6c7d\u6cb9\u5f48\u53cd\u64ca","content":"","section":"1","cat":"1","publish_datetime":"2019-11-12 22:18:00","vdo":{"cover_path":"","headline":"","id":"","video_path":""},"imgs":[{"path":"20191112\/_2019111222081388891_370.jpg","isCover":1},{"path":"20191112\/_2019111223531040915_370.jpg","isCover":0},{"path":"20191112\/_2019111222081433308_370.jpg","isCover":0}],"writer":{"columnTitle":"","columnistID":"","trait":"","writer":""},"layout":"1","share_link":""},{"id":"1135574","newsID":"","title":"\u3010\u5927\u4e09\u7f77\u3011\u6c88\u7956\u582f\u62b5\u4e2d\u5927\u547c\u7c72\u793a\u5a01\u8005\u548c\u5e73\u6563\u53bb \u7a31\u8b66\u65b9\u627f\u8afe\u5f8c\u9000","content":"","section":"1","cat":"1","publish_datetime":"2019-11-12 22:33:00","vdo":{"cover_path":"","headline":"","id":"","video_path":""},"imgs":[{"path":"20191112\/_2019111223502250463_370.jpg","isCover":1},{"path":"20191112\/_2019111222383350868_370.jpg","isCover":0},{"path":"20191112\/_2019111222492022925_370.jpg","isCover":0}],"writer":{"columnTitle":"","columnistID":"","trait":"","writer":""},"layout":"1","share_link":""},{"id":"1135583","newsID":"","title":"\u3010\u5927\u4e09\u7f77\u3011\u8b66\u65b9\u65a5\u4e2d\u5927\u793a\u5a01\u8005\u8d81\u8b66\u54e1\u64a4\u96e2\u6642\u52d5\u6b66\u9055\u5354\u8b70","content":"","section":"1","cat":"1","publish_datetime":"2019-11-12 23:11:00","vdo":{"cover_path":"","headline":"","id":"","video_path":""},"imgs":[{"path":"20191112\/_2019111223554036444_370.jpg","isCover":1},{"path":"20191112\/_2019111223152425452_370.jpg","isCover":0},{"path":"20191112\/_2019111223553939805_370.jpg","isCover":0}],"writer":{"columnTitle":"","columnistID":"","trait":"","writer":""},"layout":"1","share_link":""},{"id":"1135721","newsID":"","title":"\u3010\u5c08\u6b04\u3011\u4e00\u7247\u96ea\u82b1\u7684\u8cac\u4efb","content":"","section":"1","cat":"1","publish_datetime":"2019-11-13 10:10:00","vdo":{"cover_path":"","headline":"","id":"","video_path":""},"imgs":[{"path":"20191113\/_2019111310082077145_370.jpeg","isCover":1}],"writer":{"columnTitle":"","columnistID":"","trait":"","writer":""},"layout":"1","share_link":""}],"relevant_news":[],"topic":[],"share_link":"http:\/\/hd.stheadline.com\/news\/realtime\/hk\/1637086"}