{"id":"1137098","newsID":"","title":"\u3010\u771f\u4eba\u52d5\u4f5c\u7279\u6280\u559c\u5287\u3011 \u300a\u8d85\u97f3\u9f20\u5927\u96fb\u5f71\u300b\u8d85\u97f3\u9f20\u5927\u6230\u5360\u57fa\u5229","content":["\u4e16\u5609\u96fb\u73a9\u7d93\u5178\u300a\u8d85\u97f3\u9f20\u300b\u66fe\u7d93\u5728\u5168\u7403\u6372\u8d77\u71b1\u6f6e\uff0c\u4eca\u5e74\u6232\u9662\u518d\u5ea6\u91cd\u73fe\u9019\u7a2e\u6253\u6a5f\u9707\u64bc\u3002\u771f\u4eba\u52d5\u4f5c\u7279\u6280\u559c\u5287\u300a\u8d85\u97f3\u9f20\u5927\u96fb\u5f71\u300b\uff0c\u63cf\u8ff0\u901f\u5ea6\u5b87\u5b99\u6700\u5feb\u7684\u8d85\u97f3\u9f20\u569f\u5230\u5730\u7403\uff0c\u5c55\u958b\u9023\u5834\u5192\u96aa\u7d93\u6b77\u3002\u4f62\u540c\u65b0\u8a8d\u8b58\u7684\u4eba\u985e\u6230\u53cb\u6e6f\u83ef\u9ad8\u65af\u57fa\uff08\u5360\u58eb\u99ac\u53f2\u9813\u98fe\uff09\u4e26\u80a9\u4f5c\u6230\uff0c\u5408\u529b\u5c0d\u4ed8\u90aa\u60e1\u7684\u86cb\u982d\u535a\u58eb\uff08\u5360\u57fa\u5229\u98fe\uff09\uff0c\u5236\u6b62\u4f62\u4f01\u5716\u6355\u7372\u8d85\u97f3\u9f20\u53ca\u5229\u7528\u8d85\u97f3\u9f20\u5f37\u5927\u80fd\u91cf\u569f\u7d71\u6cbb\u4e16\u754c\u3002\u003Cbr \/\u003E\u003Cbr \/\u003E\u003Cdiv style=\"position: relative;width: 100%;height: 0;padding-top: 56.228571428571%;\"\u003E\u003Ciframe src=\"http:\/\/www.youtube.com\/embed\/6tsnIKpqJ0g\" frameborder=\"0\" allow=\"autoplay; encrypted-media\" allowfullscreen=\"\" style=\"width: 100%;height: 100%;position: absolute;top: 0;left: 0;right: 0;bottom: 0;\" data-padding-top=\"56.228571428571%\"\u003E\u003C\/iframe\u003E\u003C\/div\u003E","",""],"section":"1","cat":"2","publish_datetime":"2019-11-14 15:44:00","vdo":{"cover_path":"","headline":"","id":"","video_path":""},"vid":{"cover_path":"","headline":"","id":"","video_path":""},"imgs":[{"path":"20191114\/_2019111415475572431_600.jpg","caption":"\u96fb\u5f71\u5c07\u65bc\u660e\u5e742\u670820\u65e5\u4e0a\u6620\u3002","isCover":0}],"writer":{"columnTitle":"","columnistID":"","trait":"","writer":""},"layout":"4","keyword":["\u8d85\u97f3\u9f20\u5927\u96fb\u5f71","\u5360\u57fa\u5229"],"related_news":[],"relevant_news":[],"topic":[],"share_link":"http:\/\/hd.stheadline.com\/life\/ent\/realtime\/1637098"}