{"id":"1137875","newsID":"","title":"\u6d88\u59d4\u6703\uff1a\u8a55\u7d91\u7d81\u8cb7\u65c5\u4fdd\u4e0d\u7406\u60f3 \u5180\u65c5\u76e3\u5c40\u6b63\u8996\u554f\u984c","content":["\u6d88\u59d4\u6703\u7e3d\u5e79\u4e8b\u9ec3\u9cf3\u5afa\u8868\u793a\uff0c\u73fe\u884c\u6cd5\u4f8b\u7121\u898f\u5b9a\u6d88\u8cbb\u8005\u65c5\u904a\u6642\u5fc5\u9808\u8cfc\u8cb7\u65c5\u904a\u4fdd\u96aa\uff0c\u4f46\u5979\u6307\u4eba\u5728\u5916\u5730\u96e3\u4fdd\u6709\u7a81\u767c\u4e8b\u60c5\u767c\u751f\uff0c\u6545\u5efa\u8b70\u5927\u5bb6\u51fa\u904a\u6642\u4ecd\u8981\u9078\u8cfc\u65c5\u904a\u4fdd\u96aa\u3002\u4e0d\u904e\uff0c\u5979\u5f37\u8abf\u6d88\u8cbb\u8005\u8cfc\u8cb7\u4fdd\u96aa\u6642\u61c9\u8a72\u8981\u6709\u9078\u64c7\uff0c\u5c0d\u65bc\u6709\u65c5\u884c\u5718\u63d0\u4f9b\u65c5\u884c\u5718\u670d\u52d9\u6642\uff0c\u7d91\u7d81\u6d88\u8cbb\u8005\u8cfc\u5165\u6307\u5b9a\u7684\u65c5\u904a\u4fdd\u96aa\uff0c\u5979\u8a8d\u70ba\u7d55\u5c0d\u4e0d\u7406\u60f3\u3002\u003Cbr \/\u003E\u003Cbr \/\u003E\u9ec3\u9cf3\u5afa\u7a31\u96d6\u7136\u73fe\u884c\u6cd5\u4f8b\u6c92\u6709\u5217\u660e\u7d91\u7d81\u5f0f\u670d\u52d9\u5c6c\u975e\u6cd5\uff0c\u4f46\u8a8d\u70ba\u4ea6\u975e\u826f\u597d\u7684\u71df\u5546\u624b\u6cd5\uff0c\u5f9e\u6d88\u8cbb\u8005\u6b0a\u76ca\u89d2\u5ea6\u800c\u8a00\uff0c\u6d88\u8cbb\u8005\u7406\u61c9\u6709\u6b0a\u9078\u64c7\u670d\u52d9\uff0c\u671f\u671b\u4e0b\u6708\u6210\u7acb\u7684\u65c5\u904a\u696d\u76e3\u7ba1\u5c40\u53ef\u4ee5\u6b63\u8996\u554f\u984c\u3002\u003Cbr \/\u003E\u003Cbr \/\u003E\u65c5\u904a\u696d\u8b70\u6703\u3001\u4fdd\u76e3\u5c40\u56de\u8986\u6d88\u59d4\u6703\u6642\u6307\uff0c\u65c5\u884c\u793e\u8981\u6c42\u6d88\u8cbb\u8005\u7d91\u7d81\u8cfc\u5165\u65c5\u904a\u4fdd\u96aa\u5c6c\u5546\u696d\u6c7a\u5b9a\uff1b\u7af6\u59d4\u6703\u5247\u7a31\u7d91\u7d81\u5f0f\u670d\u52d9\u5c6c\u5e38\u898b\u505a\u6cd5\uff0c\u4e00\u822c\u60c5\u6cc1\u4e0b\u4e0d\u5f71\u97ff\u5e02\u5834\u7af6\u722d\uff0c\u4f46\u82e5\u6709\u516c\u53f8\u5728\u5e02\u5834\u5730\u4f4d\u5c6c\u5f37\u52e2\uff0c\u5247\u53ef\u80fd\u6703\u640d\u5bb3\u7af6\u722d\u5c0d\u624b\u53ca\u6d88\u8cbb\u8005\u3002\u003Cbr \/\u003E\u003Cbr \/\u003E\u88ab\u554f\u5230\u73fe\u6642\u53ea\u6709\u6578\u9593\u4fdd\u96aa\u516c\u53f8\u63d0\u4f9b\u65c5\u904a\u4fdd\u96aa\u7522\u54c1\u662f\u5426\u6709\u64cd\u7e31\u5e02\u5834\u4e4b\u5acc\uff0c\u9ec3\u9cf3\u5afa\u6307\u4eca\u6b21\u7814\u7a76\u672a\u6709\u6df1\u5165\u8abf\u67e5\uff0c\u9700\u8981\u6709\u6cd5\u5f8b\u4e0a\u6b0a\u9650\u5f97\u5230\u4fdd\u96aa\u516c\u53f8\u5167\u90e8\u8cc7\u6599\u624d\u80fd\u5f97\u6089\u3002","",""],"section":"1","cat":"1","publish_datetime":"2019-11-15 13:14:00","vdo":{"cover_path":"","headline":"","id":"","video_path":""},"vid":{"cover_path":"","headline":"","id":"","video_path":""},"imgs":[{"path":"20191115\/_2019111513454440954_600.jpg","caption":"\u9ec3\u9cf3\u5afa\u6307\u4eba\u5728\u5916\u5730\u96e3\u4fdd\u6709\u7a81\u767c\u4e8b\u60c5\u767c\u751f\uff0c\u5efa\u8b70\u51fa\u904a\u6642\u8981\u9078\u8cfc\u65c5\u904a\u4fdd\u96aa\u3002","isCover":0}],"writer":{"columnTitle":"","columnistID":"","trait":"","writer":""},"layout":"4","keyword":["\u6d88\u59d4\u6703"],"related_news":[{"id":"1113295","newsID":"","title":"\u6d88\u59d4\u6703\uff1a\u4fdd\u5b58\u9999\u6599\u8981\u6ce8\u610f \u958b\u5c01\u5f8c\u907f\u514d\u66b4\u66ec\u6216\u53d7\u6f6e","content":"","section":"1","cat":"1","publish_datetime":"2019-10-15 10:53:00","vdo":{"cover_path":"","headline":"","id":"","video_path":""},"imgs":[{"path":"20191015\/_2019101511524442288_370.jpg","isCover":1}],"writer":{"columnTitle":"","columnistID":"","trait":"","writer":""},"layout":"1","share_link":""},{"id":"1137686","newsID":"","title":"\u6d88\u59d4\u6703\uff1a\u5e73\u50f9\u6f64\u624b\u971c\u8cea\u7d20\u597d 24\u868aNIVEA\u5ab2\u7f8e200\u868a\u8cb4\u50f9\u8ca8","content":"","section":"1","cat":"1","publish_datetime":"2019-11-15 11:00:00","vdo":{"cover_path":"","headline":"","id":"","video_path":""},"imgs":[{"path":"20191115\/_2019111511504433518_370.jpg","isCover":1}],"writer":{"columnTitle":"","columnistID":"","trait":"","writer":""},"layout":"1","share_link":""},{"id":"1137689","newsID":"","title":"\u6d88\u59d4\u6703\uff1a6\u65c5\u884c\u793e\u7d91\u7d81\u552e\u65c5\u4fdd\u525d\u596a\u9078\u64c7\u6b0a \u4fc3\u8003\u616e\u898f\u7ba1","content":"","section":"1","cat":"1","publish_datetime":"2019-11-15 11:00:00","vdo":{"cover_path":"","headline":"","id":"","video_path":""},"imgs":[{"path":"20191115\/_2019111510531142643_370.jpg","isCover":1}],"writer":{"columnTitle":"","columnistID":"","trait":"","writer":""},"layout":"1","share_link":""},{"id":"1137692","newsID":"","title":"\u6d88\u59d4\u6703\uff1a899\u5143\u6f6e\u6c553\u5929\u5718 \u65c5\u884c\u793e\u4ee3\u552e260\u5143\u65c5\u4fdd","content":"","section":"1","cat":"1","publish_datetime":"2019-11-15 11:00:00","vdo":{"cover_path":"","headline":"","id":"","video_path":""},"imgs":[{"path":"20191115\/_2019111510542179842_370.jpg","isCover":1}],"writer":{"columnTitle":"","columnistID":"","trait":"","writer":""},"layout":"1","share_link":""},{"id":"1137701","newsID":"","title":"\u6d88\u59d4\u6703\uff1a\u79cb\u51ac\u5929\u6c23\u4e7e\u71e5 \u5b78\u8b58\u5c0f\u8cbc\u58eb\u8b77\u624b","content":"","section":"1","cat":"1","publish_datetime":"2019-11-15 11:00:00","vdo":{"cover_path":"","headline":"","id":"","video_path":""},"imgs":[{"path":"20191115\/_2019111510593681099_370.jpeg","isCover":1}],"writer":{"columnTitle":"","columnistID":"","trait":"","writer":""},"layout":"1","share_link":""},{"id":"1137704","newsID":"","title":"\u6d88\u59d4\u6703\uff1a\u65c5\u4fdd\u591a\u8cb7\u4e0d\u4e00\u5b9a\u591a\u8ce0 3\u5927\u4e8b\u9805\u8981\u7559\u610f","content":"","section":"1","cat":"1","publish_datetime":"2019-11-15 11:00:00","vdo":{"cover_path":"","headline":"","id":"","video_path":""},"imgs":[{"path":"20191115\/_2019111510593885309_370.jpg","isCover":1}],"writer":{"columnTitle":"","columnistID":"","trait":"","writer":""},"layout":"1","share_link":""},{"id":"1137743","newsID":"","title":"\u6d88\u59d4\u6703\uff1a\u642c\u5c4b\u516c\u53f8\u6536\u8cbb\u5dee\u7570\u903e4\u500d \u904b\u5927\u96fb\u8996\u6700\u5e7350\u5143\u6700\u8cb4600\u5143","content":"","section":"1","cat":"1","publish_datetime":"2019-11-15 11:23:00","vdo":{"cover_path":"","headline":"","id":"","video_path":""},"imgs":[{"path":"20191115\/_2019111511402273917_370.jpg","isCover":1}],"writer":{"columnTitle":"","columnistID":"","trait":"","writer":""},"layout":"1","share_link":""},{"id":"1137749","newsID":"","title":"\u6d88\u59d4\u6703\uff1a\u4e5d\u6210\u6539\u7248\u66f8\u6a23\u672c\u5c6c\u6709\u6216\u7565\u6709\u9700\u8981\u6539\u7248 \u5169\u518a\u7121\u9700\u6539\u7248\u66f8\u52a0\u50f9\u5e45\u5ea6\u8f03\u5927","content":"","section":"1","cat":"1","publish_datetime":"2019-11-15 11:21:00","vdo":{"cover_path":"","headline":"","id":"","video_path":""},"imgs":[{"path":"20191115\/_2019111511280271535_370.jpg","isCover":1}],"writer":{"columnTitle":"","columnistID":"","trait":"","writer":""},"layout":"1","share_link":""},{"id":"1137764","newsID":"","title":"\u6d88\u59d4\u6703\uff1a\u642c\u5c4b\u984d\u5916\u6536\u8cbb\u591a \u88dd\u5d4c\u884c\u6a13\u68af\u5047\u65e5\u958b\u5de5\u6a23\u6a23\u8a08\u9322","content":"","section":"1","cat":"1","publish_datetime":"2019-11-15 11:41:00","vdo":{"cover_path":"","headline":"","id":"","video_path":""},"imgs":[{"path":"20191115\/_2019111511424868227_370.jpg","isCover":1}],"writer":{"columnTitle":"","columnistID":"","trait":"","writer":""},"layout":"1","share_link":""},{"id":"1137803","newsID":"","title":"\u6d88\u59d4\u6703\uff1a\u53d7\u4ea4\u901a\u5f71\u97ff \u9996\u5ea6\u7db2\u4e0a\u76f4\u64ad\u767c\u5e03\u300a\u9078\u64c7\u300b\u6708\u520a","content":"","section":"1","cat":"1","publish_datetime":"2019-11-15 12:21:00","vdo":{"cover_path":"","headline":"","id":"","video_path":""},"imgs":[{"path":"20191115\/_2019111512223655793_370.jpg","isCover":1}],"writer":{"columnTitle":"","columnistID":"","trait":"","writer":""},"layout":"1","share_link":""}],"relevant_news":[],"topic":[],"share_link":"http:\/\/hd.stheadline.com\/news\/realtime\/hk\/1637875"}