{"id":"1137659","newsID":"","title":"\u3010\u4fee\u4f8b\u98a8\u6ce2\u3011\u7a31\u5df2\u555f\u52d5\u300c\u71b1\u7dda\u300d\u6a5f\u5236 \u76e7\u6bd4\u5967\uff1a\u6e2f\u4eba\u6b0a\u6cd5\u6848\u6700\u5feb\u4e0b\u5468\u4e00\u901a\u904e","content":["\u7f8e\u570b\u570b\u6703\u52a0\u5feb\u901a\u904e\u300a\u9999\u6e2f\u4eba\u6b0a\u8207\u6c11\u4e3b\u6cd5\u6848\u300b\u7684\u7a0b\u5e8f\u3002\u5171\u548c\u9ee8\u53c3\u8b70\u54e1\u76e7\u6bd4\u5967\u8868\u793a\uff0c\u53c3\u8b70\u9662\u5468\u56db\u5df2\u555f\u52d5\u300c\u71b1\u7dda\u300d\u6a5f\u5236\uff0c\u53ea\u8981\u7121\u53c3\u8b70\u54e1\u53cd\u5c0d\uff0c\u6cd5\u6848\u6700\u5feb\u4e0b\u661f\u671f\u4e00\u7372\u5f97\u901a\u904e\u3002\u767d\u5bae\u62d2\u7d55\u56de\u61c9\u6cd5\u6848\u5728\u570b\u6703\u901a\u904e\u5f8c\uff0c\u7e3d\u7d71\u7279\u6717\u666e\u6703\u5426\u7c3d\u7f72\u751f\u6548\u3002\u003Cbr \/\u003E\u003Cbr \/\u003E\u76e7\u6bd4\u5967\u8868\u793a\uff0c\u4e16\u754c\u6ce8\u8996\u6e2f\u4eba\u5728\u5317\u4eac\u53ca\u7279\u5340\u653f\u5e9c\u65e5\u76ca\u9032\u903c\u4e0b\u634d\u885b\u81ea\u7531\uff0c\u7f8e\u570b\u5fc5\u9808\u5411\u5317\u4eac\u767c\u51fa\u6e05\u695a\u8a0a\u865f\uff0c\u81ea\u7531\u4e16\u754c\u6703\u652f\u6301\u9999\u6e2f\u4eba\u7684\u6297\u722d\u3002\u63a7\u5236\u8b70\u7a0b\u7684\u5171\u548c\u9ee8\u53c3\u8b70\u9662\u9818\u8896\u9ea5\u5eb7\u5948\u723e\u6307\uff0c\u8207\u76e7\u6bd4\u5967\u5c55\u958b\u5bcc\u6709\u6210\u679c\u7684\u5c0d\u8a71\u5f8c\uff0c\u611f\u5230\u9f13\u821e\uff0c\u8a8d\u70ba\u53c3\u8b70\u9662\u61c9\u8a72\u652f\u6301\u9999\u6e2f\u4eba\uff0c\u5e0c\u671b\u5f88\u5feb\u80fd\u63a1\u53d6\u884c\u52d5\u3002\u003Cbr \/\u003E\u003Cbr \/\u003E\u773e\u8b70\u9662\u5df2\u5728\u4e0a\u6708\u901a\u904e\u6cd5\u6848\u3002\u6839\u64da\u53c3\u8b70\u9662\u300c\u71b1\u7dda\u300d\u6a5f\u5236\uff0c\u82e5\u679c\u7121\u53c3\u8b70\u54e1\u63d0\u51fa\u53cd\u5c0d\uff0c\u6cd5\u6848\u5c31\u6703\u5728\u6bcb\u9808\u8868\u6c7a\u4e0b\uff0c\u7121\u7570\u8b70\u5f97\u5230\u901a\u904e\u3002\u4f46\u7531\u65bc\u53c3\u773e\u5169\u9662\u7684\u6cd5\u6848\u7248\u672c\u7a0d\u6709\u4e0d\u540c\uff0c\u5373\u4f7f\u6cd5\u6848\u5728\u53c3\u8b70\u9662\u901a\u904e\uff0c\u4ecd\u7136\u8981\u8fd4\u56de\u773e\u8b70\u9662\uff0c\u518d\u8868\u6c7a\u7d71\u4e00\u7248\u672c\u3002\u5317\u4eac\u65e9\u524d\u8b66\u544a\uff0c\u82e5\u679c\u7f8e\u570b\u570b\u6703\u901a\u904e\u300a\u9999\u6e2f\u4eba\u6b0a\u8207\u6c11\u4e3b\u6cd5\u6848\u300b\uff0c\u5c07\u6703\u63a1\u53d6\u53cd\u5236\u884c\u52d5\u3002","",""],"section":"1","cat":"1","publish_datetime":"2019-11-15 10:09:00","vdo":{"cover_path":"","headline":"","id":"","video_path":""},"vid":{"cover_path":"","headline":"","id":"","video_path":""},"imgs":[{"path":"20191115\/_2019111510135841984_600.jpg","caption":"\u76e7\u6bd4\u5967\u6307\u6e2f\u4eba\u6b0a\u6cd5\u6848\u6700\u5feb\u4e0b\u5468\u4e00\u901a\u904e\u3002","isCover":0}],"writer":{"columnTitle":"","columnistID":"","trait":"","writer":""},"layout":"4","keyword":["\u4fee\u4f8b\u98a8\u6ce2","\u4eba\u6b0a"],"related_news":[{"id":"1137083","newsID":"","title":"\u3010\u5927\u4e09\u7f77\u3011\u9664\u5927\u7403\u5834\u5916 \u6240\u6709\u6587\u5eb7\u8a2d\u65bd\u63d0\u65e9\u4eca\u665a7\u6642\u95dc\u9589","content":"","section":"1","cat":"1","publish_datetime":"2019-11-14 15:32:00","vdo":{"cover_path":"","headline":"","id":"","video_path":""},"imgs":[{"path":"20191114\/_2019111415361678311_370.jpg","isCover":1}],"writer":{"columnTitle":"","columnistID":"","trait":"","writer":""},"layout":"1","share_link":""},{"id":"1137134","newsID":"","title":"\u3010\u5927\u4e09\u7f77\u3011\u6307\u8b66\u529b\u4e0d\u8db3 \u8b5a\u8000\u5b97\u8cea\u7591\u5be6\u884c\u5bb5\u7981\u6548\u7528","content":"","section":"1","cat":"1","publish_datetime":"2019-11-14 16:04:00","vdo":{"cover_path":"","headline":"","id":"","video_path":""},"imgs":[{"path":"20191114\/_2019111416130131606_370.jpg","isCover":1}],"writer":{"columnTitle":"","columnistID":"","trait":"","writer":""},"layout":"1","share_link":""},{"id":"1137149","newsID":"","title":"\u8b66\u52d9\u8655\u59d4\u4efb\u4e0d\u591a\u65bc100\u540d\u61f2\u6559\u54e1\u70ba\u7279\u52d9\u8b66\u5bdf","content":"","section":"1","cat":"1","publish_datetime":"2019-11-14 16:15:00","vdo":{"cover_path":"","headline":"","id":"","video_path":""},"imgs":[{"path":"20191114\/_2019111416154738564_370.jpg","isCover":1}],"writer":{"columnTitle":"","columnistID":"","trait":"","writer":""},"layout":"1","share_link":""},{"id":"1137371","newsID":"","title":"\u3010\u7d13\u7de9\u50ac\u6dda\u7159\u3011\u4e2d\u91ab\u63d0\u4f9b\u6e05\u80ba\u89e3\u6bd2\u8336 \u7de9\u89e3\u50ac\u6dda\u5f48\u5f71\u97ff","content":"","section":"1","cat":"1","publish_datetime":"2019-11-14 18:40:00","vdo":{"cover_path":"","headline":"","id":"","video_path":""},"imgs":[{"path":"20191114\/_2019111418343698687_370.jpeg","isCover":1}],"writer":{"columnTitle":"","columnistID":"","trait":"","writer":""},"layout":"1","share_link":""},{"id":"1137518","newsID":"","title":"\u3010\u4fee\u4f8b\u98a8\u6ce2\u3011\u912d\u82e5\u9a4a\u88ab\u906d\u5305\u570d\u8dcc\u5012 \u6797\u912d\u65a5\u793a\u5a01\u8005\u91ce\u883b","content":"","section":"1","cat":"1","publish_datetime":"2019-11-15 08:41:00","vdo":{"cover_path":"","headline":"","id":"","video_path":""},"imgs":[{"path":"20191115\/_2019111506223665982_370.jpg","isCover":1}],"writer":{"columnTitle":"","columnistID":"","trait":"","writer":""},"layout":"1","share_link":""},{"id":"1137548","newsID":"","title":"\u3010\u5927\u4e09\u7f77\u3011\u793a\u5a01\u8005\u7d05\u96a7\u4e5d\u9f8d\u51fa\u5165\u53e3\u71d2\u96dc\u7269","content":"","section":"1","cat":"1","publish_datetime":"2019-11-15 08:03:00","vdo":{"cover_path":"","headline":"","id":"","video_path":""},"imgs":[{"path":"20191115\/_2019111507505353778_370.jpg","isCover":1},{"path":"20191115\/_2019111507541080121_370.jpg","isCover":0},{"path":"20191115\/_2019111508581972109_370.jpg","isCover":0}],"writer":{"columnTitle":"","columnistID":"","trait":"","writer":""},"layout":"1","share_link":""},{"id":"1137551","newsID":"","title":"\u3010\u5927\u4e09\u7f77\u3011\u6771\u9435\u7dab\u6062\u5fa9\u7d05\u78e1\u7ad9\u81f3\u706b\u70ad\u7ad9\u670d\u52d9 \u591a\u500b\u8eca\u7ad9\u95dc\u9589","content":"","section":"1","cat":"1","publish_datetime":"2019-11-15 10:07:00","vdo":{"cover_path":"","headline":"","id":"","video_path":""},"imgs":[{"path":"20191115\/_2019111509524246130_370.jpg","isCover":1},{"path":"20191115\/_2019111509524343352_370.jpg","isCover":0},{"path":"20191115\/_2019111509524523384_370.jpg","isCover":0}],"writer":{"columnTitle":"","columnistID":"","trait":"","writer":""},"layout":"1","share_link":""},{"id":"1137557","newsID":"","title":"\u3010\u5927\u4e09\u7f77\u3011\u7406\u5de5\u6a4b\u805a\u6eff\u9ed1\u8863\u4eba \u6709\u4eba\u6a4b\u9802\u6301\u671b\u9060\u93e1\u8996\u5bdf","content":"","section":"1","cat":"1","publish_datetime":"2019-11-15 08:10:00","vdo":{"cover_path":"","headline":"","id":"","video_path":""},"imgs":[{"path":"20191115\/_2019111508483977482_370.jpg","isCover":1},{"path":"20191115\/_2019111508104521749_370.jpg","isCover":0},{"path":"20191115\/_2019111508104622462_370.jpg","isCover":0}],"writer":{"columnTitle":"","columnistID":"","trait":"","writer":""},"layout":"1","share_link":""},{"id":"1137584","newsID":"","title":"\u3010\u5927\u4e09\u7f77\u3011\u5404\u5340\u885d\u7a81\u81f3\u5c1156\u4eba\u9001\u9662 \u5305\u62ec48\u65e5\u5927BB ","content":"","section":"1","cat":"1","publish_datetime":"2019-11-15 08:55:00","vdo":{"cover_path":"","headline":"","id":"","video_path":""},"imgs":[{"path":"20191115\/_2019111509133459995_370.jpg","isCover":1}],"writer":{"columnTitle":"","columnistID":"","trait":"","writer":""},"layout":"1","share_link":""},{"id":"1137599","newsID":"","title":"\u3010\u5927\u4e09\u7f77\u3011\u65fa\u89d2\u4e2d\u5e74\u6f22\u7591\u906d\u79c1\u4e86\u5012\u5730 \u793a\u5a01\u8005\u5f4c\u6566\u9053\u7bc9\u78da\u7246\u5835\u8def","content":"","section":"1","cat":"1","publish_datetime":"2019-11-15 09:38:00","vdo":{"cover_path":"","headline":"","id":"","video_path":""},"imgs":[{"path":"20191115\/_2019111509353260051_370.jpg","isCover":1},{"path":"20191115\/_2019111509353394901_370.jpg","isCover":0},{"path":"20191115\/_2019111509353435136_370.jpg","isCover":0}],"writer":{"columnTitle":"","columnistID":"","trait":"","writer":""},"layout":"1","share_link":""}],"relevant_news":[],"topic":[],"share_link":"http:\/\/hd.stheadline.com\/news\/realtime\/hk\/1637659"}