{"id":"1137101","newsID":"","title":"\u3010\u4fee\u4f8b\u98a8\u6ce2\u3011\u300a\u74b0\u6642\u300b\u5f15\u8ff0\u6d88\u606f\u4eba\u58eb\u6307 \u672c\u6e2f\u5468\u672b\u6216\u5be6\u65bd\u5bb5\u7981","content":["\u9999\u6e2f\u4fee\u4f8b\u98a8\u6ce2\u6301\u7e8c\u81f3\u4eca\uff0c\u591a\u5340\u767c\u751f\u66b4\u529b\u885d\u7a81\u3002\u5167\u5730\u5b98\u5a92\u300a\u74b0\u7403\u6642\u5831\u300b\u4eca\u65e5\u5728\u5b98\u65b9twitter\u767c\u5e03\u6d88\u606f\uff0c\u5f15\u8ff0\u6d88\u606f\u4eba\u58eb\u6307\u9810\u8a08\u9999\u6e2f\u672c\u5468\u672b\u5be6\u65bd\u5bb5\u7981\u3002\u4e0d\u904e\u6709\u95dc\u8cbc\u6587\u5176\u5f8c\u5df2\u522a\u9664\u3002","",""],"section":"1","cat":"1","publish_datetime":"2019-11-14 15:46:00","vdo":{"cover_path":"","headline":"","id":"","video_path":""},"vid":{"cover_path":"","headline":"","id":"","video_path":""},"imgs":[{"path":"20191114\/_2019111415491920794_600.jpg","caption":"Twitter\u622a\u5716\u3002","isCover":0},{"path":"20191114\/_2019111416002114512_600.jpg","caption":"\u8cbc\u6587\u5176\u5f8c\u88ab\u522a\u3002","isCover":0}],"writer":{"columnTitle":"","columnistID":"","trait":"","writer":""},"layout":"4","keyword":[],"related_news":[{"id":"1137131","newsID":"","title":"\u3010\u5927\u4e09\u7f77\u3011\u99ac\u6703\u5834\u5916\u6295\u6ce8\u7ad9\u63d0\u65e96\u6642\u95dc\u9580 \u516d\u5408\u5f69\u652a\u73e0\u5982\u671f\u8209\u884c","content":"","section":"1","cat":"1","publish_datetime":"2019-11-14 15:56:00","vdo":{"cover_path":"","headline":"","id":"","video_path":""},"imgs":[{"path":"20191114\/_2019111415593184259_370.jpg","isCover":1}],"writer":{"columnTitle":"","columnistID":"","trait":"","writer":""},"layout":"1","share_link":""},{"id":"1137095","newsID":"","title":"\u904e\u5b89\u6aa2\u7325\u893b\u5973\u5b89\u6aa2\u54e1 \u8272\u7537\uff1a\u5979\u6478\u6211 \u6211\u8981\u6478\u56de\u4f86","content":"","section":"1","cat":"3","publish_datetime":"2019-11-14 15:45:00","vdo":{"cover_path":"","headline":"","id":"","video_path":""},"imgs":[{"path":"20191114\/_2019111415474878670_370.jpg","isCover":1}],"writer":{"columnTitle":"","columnistID":"","trait":"","writer":""},"layout":"1","share_link":""},{"id":"1136927","newsID":"","title":"\u3010\u5927\u4e09\u7f77\u3011\u92f8\u68d5\u6ada\u6a39\u5835\u8def \u5410\u9732\u6e2f\u516c\u8def\u53d7\u963b\u79d1\u5b78\u5712\u8def\u4e00\u5ea6\u958b\u901a","content":"","section":"1","cat":"1","publish_datetime":"2019-11-14 15:44:00","vdo":{"cover_path":"","headline":"","id":"","video_path":""},"imgs":[{"path":"20191114\/_2019111413565431910_370.jpg","isCover":1}],"writer":{"columnTitle":"","columnistID":"","trait":"","writer":""},"layout":"1","share_link":""},{"id":"1137098","newsID":"","title":"\u3010\u771f\u4eba\u52d5\u4f5c\u7279\u6280\u559c\u5287\u3011 \u300a\u8d85\u97f3\u9f20\u5927\u96fb\u5f71\u300b\u8d85\u97f3\u9f20\u5927\u6230\u5360\u57fa\u5229","content":"","section":"1","cat":"2","publish_datetime":"2019-11-14 15:44:00","vdo":{"cover_path":"","headline":"","id":"","video_path":""},"imgs":[{"path":"20191114\/_2019111415475572431_370.jpg","isCover":1}],"writer":{"columnTitle":"","columnistID":"","trait":"","writer":""},"layout":"1","share_link":""}],"relevant_news":[],"topic":[],"share_link":"http:\/\/hd.stheadline.com\/news\/realtime\/hk\/1637101"}