{"id":"1137023","newsID":"","title":"\u725b\u982d\u89d2\u4e0a\u90a8\u5973\u5b50\u5012\u6583\u5c4b\u5167 \u8eab\u4e0a\u6709\u50b7\u75d5","content":["\u725b\u982d\u89d2\u4e0a\u90a8\u5e38\u5bcc\u6a13\uff0c\u8fd1\u4e2d\u534812\u6642\uff0c\u8b66\u65b9\u63a5\u5831\u6307\u4e00\u540d\u4e2d\u5e74\u5973\u5b50\u5012\u81e5\u5728\u4e00\u55ae\u4f4d\u5167\u3002\u6d88\u9632\u5176\u5f8c\u7834\u9580\u800c\u5165\uff0c\u6551\u8b77\u54e1\u8b49\u5be6\u5973\u5b50\u5df2\u7576\u5834\u6b7b\u4ea1\u3002\u7d93\u8b66\u65b9\u521d\u6b65\u8abf\u67e5\uff0c\u767c\u73fe\u5973\u5b50\u8eab\u4e0a\u6709\u53ef\u7591\u50b7\u75d5\uff0c\u6b63\u9032\u4e00\u6b65\u8abf\u67e5\u5973\u5b50\u6b7b\u56e0\u3002","",""],"section":"1","cat":"1","publish_datetime":"2019-11-14 15:09:00","vdo":{"cover_path":"","headline":"","id":"","video_path":""},"vid":{"cover_path":"","headline":"","id":"","video_path":""},"imgs":[{"path":"20191114\/_2019111415115258398_600.jpg","caption":"\u73fe\u5834\u662f\u725b\u982d\u89d2\u4e0a\u90a8\u5e38\u5bcc\u6a13\u4e00\u500b\u55ae\u4f4d\u3002","isCover":0}],"writer":{"columnTitle":"","columnistID":"","trait":"","writer":""},"layout":"4","keyword":["\u725b\u982d\u89d2\u4e0a\u90a8"],"related_news":[],"relevant_news":[],"topic":[],"share_link":"http:\/\/hd.stheadline.com\/news\/realtime\/hk\/1637023"}