{"id":"1137083","newsID":"","title":"\u3010\u5927\u4e09\u7f77\u3011\u9664\u5927\u7403\u5834\u5916 \u6240\u6709\u6587\u5eb7\u8a2d\u65bd\u63d0\u65e9\u4eca\u665a7\u6642\u95dc\u9589","content":["\u5eb7\u6a02\u53ca\u6587\u5316\u4e8b\u52d9\u7f72\u4eca\u65e5\u5ba3\u5e03\uff0c\u56e0\u61c9\u9644\u8fd1\u51fa\u73fe\u7279\u6b8a\u60c5\u6cc1\uff0c\u6df1\u6c34\u57d7\u5340\u7684\u77f3\u7864\u5c3e\u516c\u5712\u7db2\u7403\u5834\uff1b\u6771\u5340\u7684\u9c02\u9b5a\u6d8c\u9ad4\u80b2\u9928\u548c\u9c02\u9b5a\u6d8c\u516c\u5171\u5716\u66f8\u9928\uff1b\u6cb9\u5c16\u65fa\u5340\u7684\u9999\u6e2f\u6b77\u53f2\u535a\u7269\u9928\u548c\u5317\u5340\u7684\u4e0a\u6c34\u516c\u5171\u5716\u66f8\u9928\u73fe\u6b63\u95dc\u9589\uff0c\u4ee5\u78ba\u4fdd\u5834\u5730\u4f7f\u7528\u8005\u53ca\u54e1\u5de5\u7684\u5b89\u5168\u3002\u003Cbr \/\u003E\u003Cbr \/\u003E\u6b64\u5916\uff0c\u8003\u616e\u5230\u4ea4\u901a\u670d\u52d9\u53d7\u963b\u53ca\u5176\u4ed6\u53ef\u80fd\u51fa\u73fe\u7684\u7279\u6b8a\u60c5\u6cc1\uff0c\u5eb7\u6587\u7f72\u5404\u5340\u7684\u6240\u6709\u5716\u66f8\u9928\u5c07\u63d0\u65e9\u65bc\u4eca\u65e5\u4e0b\u53486\u6642\u95dc\u9589\uff1b\u535a\u7269\u9928\u53ca\u8868\u6f14\u5834\u5730\u5247\u7531\u4e0b\u53486\u6642\u8d77\u63d0\u65e9\u95dc\u9589\u6216\u958b\u653e\u81f3\u7bc0\u76ee\u5b8c\u7d50\u3002\u003Cbr \/\u003E\u003Cbr \/\u003E\u9664\u9999\u6e2f\u5927\u7403\u5834\u5916\uff0c\u6240\u6709\u5eb7\u6a02\u8a2d\u65bd\u5247\u5c07\u65bc\u665a\u4e0a7\u6642\u9678\u7e8c\u95dc\u9589\uff08\u6cf3\u6c60\u958b\u653e\u81f3\u7b2c\u4e8c\u7bc0\u5b8c\u7562\uff09\u3002\u003Cbr \/\u003E\u003Cbr \/\u003E\u56e0\u61c9\u60c5\u6cc1\uff0c\u540c\u5340\u6216\u5176\u4ed6\u6709\u53ef\u80fd\u53d7\u5f71\u97ff\u5730\u5340\u7684\u6587\u5eb7\u8a2d\u65bd\u6216\u6703\u65bc\u77ed\u6642\u9593\u5167\u5ba3\u5e03\u63d0\u65e9\u95dc\u9589\uff0c\u4ee5\u78ba\u4fdd\u5834\u5730\u4f7f\u7528\u8005\u7684\u5b89\u5168\u3002\u5e02\u6c11\u5728\u524d\u5f80\u5834\u5730\u524d\u61c9\u5148\u700f\u89bd\u5eb7\u6587\u7f72\u7db2\u9801\uff08\u003Ca href=\"http:\/\/www.lcsd.gov.hk\/tc\/index.html\"\u003Ewww.lcsd.gov.hk\/tc\/index.html\u003C\/a\u003E\uff09\uff0c\u6216\u81f4\u96fb1823\u67e5\u8a62\u3002","",""],"section":"1","cat":"1","publish_datetime":"2019-11-14 15:32:00","vdo":{"cover_path":"","headline":"","id":"","video_path":""},"vid":{"cover_path":"","headline":"","id":"","video_path":""},"imgs":[{"path":"20191114\/_2019111415361678311_600.jpg","caption":"\u9c02\u9b5a\u6d8c\u9ad4\u80b2\u9928\u5df2\u95dc\u9589\u3002\u8cc7\u6599\u5716\u7247","isCover":0}],"writer":{"columnTitle":"","columnistID":"","trait":"","writer":""},"layout":"4","keyword":["\u4fee\u4f8b\u98a8\u6ce2","\u5927\u4e09\u7f77"],"related_news":[{"id":"1136837","newsID":"","title":"\u3010\u5927\u4e09\u7f77\u3011\u4e0a\u6c34\u903e10\u4eba\u6301\u68cd \u570d\u6bc6\u9ed1\u8863\u4eba(\u7247\u6bb5)","content":"","section":"1","cat":"1","publish_datetime":"2019-11-14 14:25:00","vdo":{"cover_path":"","headline":"","id":"","video_path":""},"imgs":[{"path":"20191114\/_2019111412345319306_370.jpg","isCover":1},{"path":"20191114\/_2019111412441967942_370.jpg","isCover":0},{"path":"20191114\/_2019111412345247478_370.jpg","isCover":0}],"writer":{"columnTitle":"","columnistID":"","trait":"","writer":""},"layout":"1","share_link":""},{"id":"1136897","newsID":"","title":"\u3010\u5927\u4e09\u7f77\u3011\u6cb9\u9ebb\u5730\u6c99\u7530\u7f8e\u6c99\u916e\u8a3a\u6240\u4eca\u4e0d\u958b\u653e  \u5176\u9918\u81f3\u665a8\u6642\u66ab\u505c\u670d\u52d9","content":"","section":"1","cat":"1","publish_datetime":"2019-11-14 15:30:00","vdo":{"cover_path":"","headline":"","id":"","video_path":""},"imgs":[{"path":"20191114\/_2019111413193681238_370.jpg","isCover":1}],"writer":{"columnTitle":"","columnistID":"","trait":"","writer":""},"layout":"1","share_link":""},{"id":"1136900","newsID":"","title":"\u3010\u5927\u4e09\u7f77\u3011\u4f0a\u9662\u7c72\u53f8\u6a5f\u52ff\u53d6\u9053\u9662\u5167\u8eca\u9053 \u6182\u963b\u7919\u6551\u63f4","content":"","section":"1","cat":"1","publish_datetime":"2019-11-14 13:21:00","vdo":{"cover_path":"","headline":"","id":"","video_path":""},"imgs":[{"path":"20191114\/_2019111413225424398_370.jpg","isCover":1}],"writer":{"columnTitle":"","columnistID":"","trait":"","writer":""},"layout":"1","share_link":""},{"id":"1136906","newsID":"","title":"\u3010\u5927\u4e09\u7f77\u3011\u7406\u5927\u53d6\u6d88\u672c\u5b78\u671f\u6240\u6709\u9762\u5c0d\u9762\u6559\u5b78 \u6539\u7db2\u4e0a\u6559\u5b78","content":"","section":"1","cat":"1","publish_datetime":"2019-11-14 13:24:00","vdo":{"cover_path":"","headline":"","id":"","video_path":""},"imgs":[{"path":"20191114\/_2019111413324329183_370.jpg","isCover":1}],"writer":{"columnTitle":"","columnistID":"","trait":"","writer":""},"layout":"1","share_link":""},{"id":"1136927","newsID":"","title":"\u3010\u5927\u4e09\u7f77\u3011\u92f8\u68d5\u6ada\u6a39\u5835\u8def \u5410\u9732\u6e2f\u516c\u8def\u53d7\u963b\u79d1\u5b78\u5712\u8def\u4e00\u5ea6\u958b\u901a","content":"","section":"1","cat":"1","publish_datetime":"2019-11-14 15:44:00","vdo":{"cover_path":"","headline":"","id":"","video_path":""},"imgs":[{"path":"20191114\/_2019111413565431910_370.jpg","isCover":1}],"writer":{"columnTitle":"","columnistID":"","trait":"","writer":""},"layout":"1","share_link":""},{"id":"1136930","newsID":"","title":"\u3010\u5927\u4e09\u7f77\u3011\u793a\u5a01\u8005\u592a\u53e4\u805a\u96c6 \u4f54\u64da\u82f1\u7687\u9053\u7834\u58de\u4ea4\u901a\u71c8","content":"","section":"1","cat":"1","publish_datetime":"2019-11-14 13:56:00","vdo":{"cover_path":"","headline":"","id":"","video_path":""},"imgs":[{"path":"20191114\/_2019111414142496140_370.jpg","isCover":1}],"writer":{"columnTitle":"","columnistID":"","trait":"","writer":""},"layout":"1","share_link":""},{"id":"1136945","newsID":"","title":"\u3010\u5927\u4e09\u7f77\u3011\u5143\u6717\u7ad9\u6578\u5341\u5236\u670d\u4eba\u805a\u96c6 \u4f54\u64da\u5927\u99ac\u8def\u904a\u884c","content":"","section":"1","cat":"1","publish_datetime":"2019-11-14 14:55:00","vdo":{"cover_path":"","headline":"","id":"","video_path":""},"imgs":[{"path":"20191114\/_2019111414563455913_370.jpg","isCover":1},{"path":"20191114\/_2019111414151088841_370.jpg","isCover":0},{"path":"20191114\/_2019111414150961661_370.jpg","isCover":0}],"writer":{"columnTitle":"","columnistID":"","trait":"","writer":""},"layout":"1","share_link":""},{"id":"1137005","newsID":"","title":"\u3010\u4fee\u4f8b\u98a8\u6ce2\u3011\u6fb3\u6d32\u95dc\u6ce8\u6e2f\u66b4\u529b\u885d\u7a81 \u7c72\u8b66\u65b9\u8207\u793a\u5a01\u8005\u4fdd\u6301\u514b\u5236","content":"","section":"1","cat":"1","publish_datetime":"2019-11-14 14:51:00","vdo":{"cover_path":"","headline":"","id":"","video_path":""},"imgs":[{"path":"20191114\/_2019111414583469618_370.jpg","isCover":1}],"writer":{"columnTitle":"","columnistID":"","trait":"","writer":""},"layout":"1","share_link":""},{"id":"1137014","newsID":"","title":"\u3010\u5927\u4e09\u7f77\u3011280\u540d\u5728\u6e2f\u53f0\u751f\u9678\u7e8c\u56de\u53f0 \u534a\u6578\u5c31\u8b80\u4e2d\u5927","content":"","section":"1","cat":"1","publish_datetime":"2019-11-14 15:01:00","vdo":{"cover_path":"","headline":"","id":"","video_path":""},"imgs":[{"path":"20191114\/_2019111415122216221_370.jpg","isCover":1}],"writer":{"columnTitle":"","columnistID":"","trait":"","writer":""},"layout":"1","share_link":""},{"id":"1137080","newsID":"","title":"\u3010\u5927\u4e09\u7f77\u30113\u8b70\u54e1\u63d0\u7acb\u6703\u4f11\u6703\u5f85\u7e8c\u8b70\u6848 \u6881\u541b\u5f65\u66ab\u505c\u6703\u8b70\u8655\u7406","content":"","section":"1","cat":"1","publish_datetime":"2019-11-14 15:32:00","vdo":{"cover_path":"","headline":"","id":"","video_path":""},"imgs":[{"path":"20191114\/_2019111415335943216_370.jpg","isCover":1}],"writer":{"columnTitle":"","columnistID":"","trait":"","writer":""},"layout":"1","share_link":""}],"relevant_news":[],"topic":[],"share_link":"http:\/\/hd.stheadline.com\/news\/realtime\/hk\/1637083"}