{"id":"1132559","newsID":"","title":"\u3010\u5340\u6703\u9078\u8209\u3011\u7a31\u73fe\u6642\u60c5\u6cc1\u7a69\u5b9a \u4f55\u541b\u582f\uff1a\u4e0d\u6703\u56e0\u9047\u8972\u800c\u88ab\u5687\u6015\u6216\u5c48\u670d","content":["\u7acb\u6cd5\u6703\u8b70\u54e1\u4f55\u541b\u582f\u65e5\u524d\u5728\u5c6f\u9580\u9047\u8972\uff0c\u73fe\u6642\u5df2\u51fa\u9662\u3002\u4ed6\u4e0b\u5348\u767c\u6587\u8868\u793a\uff0c\u6709\u300c\u9ed1\u60e1\u52e2\u529b\u300d\u4f01\u5716\u4ee5\u6975\u7aef\u624b\u6cd5\uff0c\u963b\u6b62\u6b63\u7fa9\u8072\u97f3\u767c\u8072\uff0c\u4e26\u91cd\u7533\u4ed6\u548c\u5176\u5718\u968a\u4e0d\u6703\u88ab\u5687\u6015\uff0c\u4ea6\u4e0d\u6703\u5c48\u670d\u3002\u003Cbr \/\u003E\u003Cbr \/\u003E\u4f55\u541b\u582f\u4e0b\u5348\u5728\u793e\u4ea4\u5a92\u9ad4\u767c\u6587\uff0c\u6307\u81ea\u5df1\u5df2\u56de\u5230\u5bb6\u4e2d\uff0c\u4e26\u6307\u5200\u92d2\u56e0\u649e\u5728\u80f8\u9aa8\u4e0a\uff0c\u800c\u6c92\u6709\u523a\u7a7f\u5176\u5fc3\u81df\uff0c\u4e26\u5f62\u5bb9\u70ba\u300c\u4e0d\u5e78\u4e2d\u7684\u5927\u5e78\u300d\uff0c\u4e26\u6307\u73fe\u5728\u60c5\u6cc1\u7a69\u5b9a\uff0c\u9700\u8981\u5b9a\u6642\u670d\u85e5\u53ca\u6e05\u6d17\u50b7\u53e3\uff0c\u53c8\u611f\u8b1d\u5916\u754c\u5c0d\u4ed6\u7684\u611b\u8b77\u53ca\u652f\u6301\u3002\u4ed6\u53c8\u6307\uff0c\u6709\u300c\u9ed1\u60e1\u52e2\u529b\u300d\u4f01\u5716\u4ee5\u6975\u7aef\u624b\u6cd5\uff0c\u963b\u6b62\u6b63\u7fa9\u8072\u97f3\u767c\u8072\uff0c\u4ed6\u548c\u5176\u5718\u968a\u4e0d\u6703\u88ab\u5687\u6015\uff0c\u4ea6\u4e0d\u6703\u5c48\u670d\u3002\u4ed6\u53c8\u6307\uff0c\u76f8\u4fe1\u5728\u7956\u570b\u652f\u6301\u4e0b\uff0c\u9999\u6e2f\u53ef\u4ee5\u6b62\u66b4\u5236\u4e82\uff0c\u56de\u5fa9\u5b89\u5be7\u3002\u4ed6\u7e8c\u6307\uff0c\u4e0d\u6703\u8b93\u66b4\u529b\u4efd\u5b50\u53ca\u652f\u6301\u66b4\u529b\u7684\u4eba\u548c\u653f\u9ee8\uff0c\u4ee5\u4e0d\u516c\u5e73\u624b\u6cd5\u596a\u5f97\u5340\u8b70\u6703\u8b70\u5e2d\u3002\u003Cbr \/\u003E\u003Cbr \/\u003E\u4f55\u541b\u582f\u51fa\u9078\u5340\u8b70\u6703\u5c6f\u9580\u6a02\u7fe0\u5340\uff0c\u540c\u5340\u53c3\u9078\u4eba\u6709\u6c11\u4e3b\u9ee8\u7684\u76e7\u4fca\u5b87\u548c\u5831\u7a31\u7121\u9ee8\u6d3e\u7684\u8523\u9756\u96ef\u3002","",""],"section":"1","cat":"1","publish_datetime":"2019-11-08 18:57:00","vdo":{"cover_path":"","headline":"","id":"","video_path":""},"vid":{"cover_path":"","headline":"","id":"","video_path":""},"imgs":[{"path":"20191108\/_2019110818582271323_600.jpg","caption":"\u4f55\u541b\u582f\u4ea6\u611f\u8b1d\u5916\u754c\u5c0d\u4ed6\u7684\u611b\u8b77\u53ca\u652f\u6301\u3002","isCover":0}],"writer":{"columnTitle":"","columnistID":"","trait":"","writer":""},"layout":"4","keyword":["\u5340\u8b70\u6703\u9078\u82092019","\u4f55\u541b\u582f"],"related_news":[{"id":"1130687","newsID":"","title":"\u3010\u4f55\u541b\u582f\u9047\u8972\u3011\u6797\u912d\u6708\u5a25\uff1a\u6703\u76e1\u529b\u8209\u8fa6\u516c\u5e73\u516c\u6b63\u9078\u8209","content":"","section":"1","cat":"1","publish_datetime":"2019-11-06 18:47:00","vdo":{"cover_path":"","headline":"","id":"","video_path":""},"imgs":[{"path":"20191106\/_2019110618485130986_370.jpg","isCover":1}],"writer":{"columnTitle":"","columnistID":"","trait":"","writer":""},"layout":"1","share_link":""},{"id":"1130756","newsID":"","title":"\u3010\u4f55\u541b\u582f\u9047\u8972\u3011\u6731\u51f1\u5ef8\u8cea\u7591\u5efa\u5236\u9663\u71df\u5716\u62bc\u5f8c\u6216\u53d6\u6d88\u5340\u9078 ","content":"","section":"1","cat":"1","publish_datetime":"2019-11-06 20:30:00","vdo":{"cover_path":"","headline":"","id":"","video_path":""},"imgs":[{"path":"20191106\/_2019110620390283661_370.jpg","isCover":1}],"writer":{"columnTitle":"","columnistID":"","trait":"","writer":""},"layout":"1","share_link":""},{"id":"1130824","newsID":"","title":"\u88ab\u8cea\u7591\u512a\u5f85\u4f55\u541b\u582f\u300c\u6253\u5c16\u300d\u505a\u624b\u8853  \u5c6f\u9580\u91ab\u9662\uff1a\u56e0\u61c9\u75c5\u4eba\u81e8\u5e8a\u60c5\u6cc1\u4f5c\u8003\u616e","content":"","section":"1","cat":"1","publish_datetime":"2019-11-06 22:00:00","vdo":{"cover_path":"","headline":"","id":"","video_path":""},"imgs":[{"path":"20191106\/_2019110622085966544_370.jpg","isCover":1}],"writer":{"columnTitle":"","columnistID":"","trait":"","writer":""},"layout":"1","share_link":""},{"id":"1131104","newsID":"","title":"\u3010\u4f55\u541b\u582f\u9047\u8972\u3011\u65b0\u83ef\u793e\u65a5\u5147\u5f92\u884c\u5f91\u5351\u9119 \u640d\u5bb3\u9078\u8209\u74b0\u5883\u5b89\u5168\u516c\u6b63","content":"","section":"1","cat":"1","publish_datetime":"2019-11-07 11:40:00","vdo":{"cover_path":"","headline":"","id":"","video_path":""},"imgs":[{"path":"20191107\/_2019110711433066260_370.jpg","isCover":1}],"writer":{"columnTitle":"","columnistID":"","trait":"","writer":""},"layout":"1","share_link":""},{"id":"1131590","newsID":"","title":"\u3010\u5340\u6703\u9078\u8209\u3011\u9078\u7ba1\u6703\u7c72\u505c\u6b62\u66b4\u529b\u8b93\u5340\u8b70\u6703\u9078\u8209\u548c\u5e73\u6709\u5e8f\u9032\u884c","content":"","section":"1","cat":"1","publish_datetime":"2019-11-07 18:05:00","vdo":{"cover_path":"","headline":"","id":"","video_path":""},"imgs":[{"path":"20191107\/_2019110718140428267_370.jpg","isCover":1}],"writer":{"columnTitle":"","columnistID":"","trait":"","writer":""},"layout":"1","share_link":""},{"id":"1131767","newsID":"","title":"\u3010\u5340\u6703\u9078\u8209\u3011\u845b\u73ee\u5e06\u7b49\u5efa\u5236\u6d3e\u91ab\u9662\u63a2\u9047\u8972\u4f55\u541b\u582f","content":"","section":"1","cat":"1","publish_datetime":"2019-11-07 21:56:00","vdo":{"cover_path":"","headline":"","id":"","video_path":""},"imgs":[{"path":"20191107\/_2019110722024327961_370.jpg","isCover":1}],"writer":{"columnTitle":"","columnistID":"","trait":"","writer":""},"layout":"1","share_link":""},{"id":"1131872","newsID":"","title":"\u3010\u5340\u6703\u9078\u8209\u3011\u6e2f\u6fb3\u8fa6\u6307\u4f55\u541b\u582f\u9047\u8972\uff1a\u8d64\u88f8\u88f8\u7684\u9078\u8209\u66b4\u529b ","content":"","section":"1","cat":"1","publish_datetime":"2019-11-08 09:16:00","vdo":{"cover_path":"","headline":"","id":"","video_path":""},"imgs":[{"path":"20191108\/_2019110809315940152_370.jpg","isCover":1}],"writer":{"columnTitle":"","columnistID":"","trait":"","writer":""},"layout":"1","share_link":""},{"id":"1131953","newsID":"","title":"\u3010\u5c08\u6b04\u3011\u5728\u300c\u5f8c\u771f\u76f8\u6642\u4ee3\u300d\u3000\u5047\u65b0\u805e\u5de5\u5ee0\u751f\u610f\u6ed4\u6ed4","content":"","section":"1","cat":"1","publish_datetime":"2019-11-08 10:35:00","vdo":{"cover_path":"","headline":"","id":"","video_path":""},"imgs":[{"path":"20191108\/_2019110810302223304_370.jpg","isCover":1}],"writer":{"columnTitle":"","columnistID":"","trait":"","writer":""},"layout":"1","share_link":""},{"id":"1132211","newsID":"","title":"\u4f55\u541b\u582f\u5750\u8f2a\u6905\u51fa\u9662\u7531\u8b66\u8b77\u9001\u96e2\u958b \u7a31\u6703\u7e7c\u7e8c\u64fa\u8857\u7ad9","content":"","section":"1","cat":"1","publish_datetime":"2019-11-08 14:26:00","vdo":{"cover_path":"","headline":"","id":"","video_path":""},"imgs":[{"path":"20191108\/_2019110814331243261_370.jpeg","isCover":1}],"writer":{"columnTitle":"","columnistID":"","trait":"","writer":""},"layout":"1","share_link":""},{"id":"1132310","newsID":"","title":"\u3010\u5340\u6703\u9078\u8209\u3011\u7a31\u6c11\u5efa\u806f\u518d\u6709\u7fa9\u5de5\u9047\u8972 \u845b\u73ee\u5e06\uff1a\u6709\u53f2\u4ee5\u4f86\u6700\u66b4\u529b\u53ca\u9ed1\u6697\u7af6\u9078\u671f","content":"","section":"1","cat":"1","publish_datetime":"2019-11-08 15:45:00","vdo":{"cover_path":"","headline":"","id":"","video_path":""},"imgs":[{"path":"20191108\/_2019110815473563723_370.jpg","isCover":1}],"writer":{"columnTitle":"","columnistID":"","trait":"","writer":""},"layout":"1","share_link":""}],"relevant_news":[],"topic":[],"share_link":"http:\/\/hd.stheadline.com\/news\/realtime\/hk\/1632559"}