{"id":"1132445","newsID":"","title":"\u79d1\u5927\u751f\u505c\u8eca\u5834\u58ae\u6a13\u4e0d\u6cbb \u4f0a\u9662\u7a31\u5c07\u4ea4\u6b7b\u56e0\u5ead\u8ddf\u9032","content":["\u4f0a\u5229\u6c99\u4f2f\u91ab\u9662\u8b49\u5be6\uff0c\u5468\u4e00\uff084\u65e5\uff09\u51cc\u6668\u5728\u5c07\u8ecd\u6fb3\u5c1a\u5fb7\u90a8\u505c\u8eca\u5834\u58ae\u6a13\u660f\u8ff7\u7684\u79d1\u5927\u751f\u5468\u6893\u6a02\uff0c\u5ef6\u81f3\u4eca\u65e98\u664209\u5206\u96e2\u4e16\u3002\u003Cbr \/\u003E\u003Cbr \/\u003E\u5c31\u50b3\u5a92\u67e5\u8a62\uff0c\u4f0a\u5229\u6c99\u4f2f\u91ab\u9662\u767c\u8a00\u4eba\u6307\uff0c\u6709\u95dc\u75c5\u4eba\u65bc\u4eca\u5929\uff08 11\u67088\u65e5\uff09\u7d93\u6436\u6551\u5f8c\u4e0d\u6cbb\uff0c\u65bc\u65e9\u4e0a8\u664209\u5206\u96e2\u4e16\u3002\u9662\u65b9\u5c0d\u75c5\u4eba\u96e2\u4e16\u6df1\u8868\u96e3\u904e\uff0c\u5411\u6b7b\u8005\u5bb6\u5c6c\u81f4\u4ee5\u6df1\u5207\u6170\u554f\uff0c\u4e26\u5c07\u500b\u6848\u8f49\u4ea4\u6b7b\u56e0\u88c1\u5224\u5b98\u8ddf\u9032\u3002\u4f0a\u5229\u6c99\u4f2f\u91ab\u9662\u8868\u793a\uff0c\u5c0a\u91cd\u5bb6\u5c6c\u7684\u610f\u9858\uff0c\u4e0d\u6703\u5c31\u75c5\u4eba\u8cc7\u6599\u4f5c\u5176\u4ed6\u88dc\u5145\u3002\u003Cbr \/\u003E","",""],"section":"1","cat":"1","publish_datetime":"2019-11-08 17:15:00","vdo":{"cover_path":"","headline":"","id":"","video_path":""},"vid":{"cover_path":"","headline":"","id":"","video_path":""},"imgs":[{"path":"20191108\/_2019110817234410773_600.jpg","caption":"\u79d1\u5927\u5b78\u751f\u5468\u6893\u6a02\u5ef6\u81f3\u65e9\u4e0a8\u664209\u5206\u4e0d\u6cbb\uff0c\u79d1\u5927\u5b78\u751f\u6703\u591a\u540d\u4ee3\u8868\u5230\u5834\u91ab\u9662\u4e86\u89e3\u53ca\u9ed8\u54c0\u3002","isCover":0}],"writer":{"columnTitle":"","columnistID":"","trait":"","writer":""},"layout":"4","keyword":["\u5c1a\u5fb7\u90a8","\u58ae\u6a13","\u79d1\u5927\u751f","\u5468\u6893\u6a02"],"related_news":[{"id":"1130648","newsID":"","title":"\u3010\u4fee\u4f8b\u98a8\u6ce2\u3011\u79d1\u5927\u751f\u4ecd\u5371\u6b86 \u9818\u5c55\u767c\u5e03\u5c1a\u5fb7\u505c\u8eca\u5834\u9589\u8def\u96fb\u8996\u7247\u6bb5","content":"","section":"1","cat":"1","publish_datetime":"2019-11-06 18:10:00","vdo":{"cover_path":"","headline":"","id":"","video_path":""},"imgs":[{"path":"20191106\/_2019110618180865328_370.jpg","isCover":1},{"path":"20191106\/_2019110618191161938_370.jpg","isCover":0},{"path":"20191106\/_2019110618205645232_370.jpg","isCover":0}],"writer":{"columnTitle":"","columnistID":"","trait":"","writer":""},"layout":"1","share_link":""},{"id":"1130684","newsID":"","title":"\u3010\u7368\u5bb6\u6d88\u606f\u3011\u58ae\u6a13\u79d1\u5927\u751f\u77b3\u5b54\u4ecd\u653e\u5927 \u4eca\u65e5\u672a\u80fd\u5b89\u6392\u8166\u5e79\u6b7b\u4ea1\u6e2c\u8a66","content":"","section":"1","cat":"1","publish_datetime":"2019-11-06 18:39:00","vdo":{"cover_path":"","headline":"","id":"","video_path":""},"imgs":[{"path":"20191106\/_2019110618484988369_370.jpg","isCover":1}],"writer":{"columnTitle":"","columnistID":"","trait":"","writer":""},"layout":"1","share_link":""},{"id":"1130735","newsID":"","title":"\u79d1\u5927\u751f\u58ae\u6a13\u6848 \u6d88\u9632\u6307\u6551\u8b77\u8eca\u66fe\u9047\u963b\u585e","content":"","section":"1","cat":"1","publish_datetime":"2019-11-06 19:56:00","vdo":{"cover_path":"","headline":"","id":"","video_path":""},"imgs":[{"path":"20191106\/_2019110620022079845_370.jpg","isCover":1}],"writer":{"columnTitle":"","columnistID":"","trait":"","writer":""},"layout":"1","share_link":""},{"id":"1131659","newsID":"","title":"\u3010\u4fee\u4f8b\u98a8\u6ce2\u3011\u58ae\u6a13\u79d1\u5927\u751f\u4ecd\u5371\u6b86  \u4e2d\u5b78\u6821\u9577\u5e36\u540c\u7d19\u9db4\u5fc3\u610f\u5361\u63a2\u671b","content":"","section":"1","cat":"1","publish_datetime":"2019-11-07 19:26:00","vdo":{"cover_path":"","headline":"","id":"","video_path":""},"imgs":[{"path":"20191107\/_2019110719315796839_370.jpg","isCover":1},{"path":"20191107\/_2019110719315640109_370.jpg","isCover":0},{"path":"20191107\/_2019110719315720387_370.jpg","isCover":0}],"writer":{"columnTitle":"","columnistID":"","trait":"","writer":""},"layout":"1","share_link":""},{"id":"1131731","newsID":"","title":"\u58ae\u6a13\u79d1\u5927\u751f\u50b3\u60c5\u6cc1\u60e1\u5316 \u5f37\u5fc3\u85e5\u52a0\u78bc\u81f3\u6700\u9ad8\u5291\u91cf","content":"","section":"1","cat":"1","publish_datetime":"2019-11-07 21:17:00","vdo":{"cover_path":"","headline":"","id":"","video_path":""},"imgs":[{"path":"20191107\/_2019110800413012752_370.jpg","isCover":1},{"path":"20191107\/_2019110721320545290_370.jpg","isCover":0},{"path":"20191107\/_2019110721320025694_370.jpg","isCover":0}],"writer":{"columnTitle":"","columnistID":"","trait":"","writer":""},"layout":"1","share_link":""},{"id":"1132223","newsID":"","title":"\u3010\u4fee\u4f8b\u98a8\u6ce2\u3011\u4fc3\u7368\u7acb\u53ca\u5168\u9762\u8abf\u67e5\u5468\u6893\u6a02\u4e8b\u4ef6 \u6c11\u6b0a\u89c0\u5bdf\u7c72\u6b7b\u56e0\u5ead\u76e1\u5feb\u7814\u8a0a","content":"","section":"1","cat":"1","publish_datetime":"2019-11-08 14:44:00","vdo":{"cover_path":"","headline":"","id":"","video_path":""},"imgs":[{"path":"20191108\/_2019110814462434164_370.jpg","isCover":1}],"writer":{"columnTitle":"","columnistID":"","trait":"","writer":""},"layout":"1","share_link":""},{"id":"1132229","newsID":"","title":"\u3010\u4fee\u4f8b\u98a8\u6ce2\u3011\u79d1\u5927\u751f\u58ae\u6a13\u4eca\u65e9\u96e2\u4e16 \u6cdb\u6c11\u5167\u6703\u7ad9\u9ed8\u4e09\u5206\u9418","content":"","section":"1","cat":"1","publish_datetime":"2019-11-08 14:42:00","vdo":{"cover_path":"","headline":"","id":"","video_path":""},"imgs":[{"path":"20191108\/_2019110814502485111_370.jpg","isCover":1},{"path":"20191108\/_2019110814502596621_370.jpg","isCover":0},{"path":"20191108\/_2019110814502721773_370.jpg","isCover":0}],"writer":{"columnTitle":"","columnistID":"","trait":"","writer":""},"layout":"1","share_link":""},{"id":"1132247","newsID":"","title":"\u3010\u4fee\u4f8b\u98a8\u6ce2\u3011\u5c0d\u5468\u6893\u6a02\u96e2\u4e16\u611f\u96e3\u904e\u60cb\u60dc \u694a\u6f64\u96c4\u7c72\u5404\u754c\u51b7\u975c","content":"","section":"1","cat":"1","publish_datetime":"2019-11-08 15:13:00","vdo":{"cover_path":"","headline":"","id":"","video_path":""},"imgs":[{"path":"20191108\/_2019110815150392436_370.jpg","isCover":1}],"writer":{"columnTitle":"","columnistID":"","trait":"","writer":""},"layout":"1","share_link":""},{"id":"1132313","newsID":"","title":"\u5468\u6893\u6a02\u58ae\u6a13\u4e0d\u6cbb \u9818\u5c55\u518d\u516c\u958b\u903e10\u689dCCTV\u7247\u6bb5","content":"","section":"1","cat":"1","publish_datetime":"2019-11-08 19:53:00","vdo":{"cover_path":"","headline":"","id":"","video_path":""},"imgs":[{"path":"20191108\/_2019110816243889133_370.jpeg","isCover":1}],"writer":{"columnTitle":"","columnistID":"","trait":"","writer":""},"layout":"1","share_link":""},{"id":"1132334","newsID":"","title":"\u8b66\u65b9\u5efa\u8b70\u53ec\u958b\u6b7b\u56e0\u5ead\u7814\u8a0a \u5f37\u8abf\u7576\u665a\u7121\u8b66\u54e1\u63a5\u89f8\u5468\u6893\u6a02","content":"","section":"1","cat":"1","publish_datetime":"2019-11-08 18:56:00","vdo":{"cover_path":"","headline":"","id":"","video_path":""},"imgs":[{"path":"20191108\/_2019110819075211844_370.jpeg","isCover":1},{"path":"20191108\/_2019110816231523678_370.jpg","isCover":0},{"path":"20191108\/_2019110817055867869_370.jpeg","isCover":0}],"writer":{"columnTitle":"","columnistID":"","trait":"","writer":""},"layout":"1","share_link":""}],"relevant_news":[],"topic":[],"share_link":"http:\/\/hd.stheadline.com\/news\/realtime\/hk\/1632445"}