{"id":"1132601","newsID":"","title":"\u3010\u9996\u56de\u9810\u544a\u3011\u8fea\u58eb\u5c3c\u5f7c\u601d\u5275\u610f\u65b0\u4f5c  \u300a\u9748\u9b42\u5947\u9047\u8a18\u300b\u5e36\u4f60\u904a\u8d70\u9748\u9b42\u4e16\u754c","content":["\u8fea\u58eb\u5c3c\u8207\u5f7c\u601d\u7e7c\u300a\u73a9\u8f49\u8166\u670b\u53cb\u300b\u53ca\u300a\u73a9\u8f49\u6975\u6a02\u5712\u300b\u53c8\u4e00\u539f\u5275\u65b0\u4f5c\uff0c\u91d1\u50cf\u5c0e\u6f14\u5f7c\u5fb7\u6258\u9054\u4ee5\u5275\u610f\u52a0\u6709\u8da3\u65b9\u5f0f\uff0c\u5e36\u4f60\u52c7\u95d6\u300c\u9748\u9b42\u4e16\u754c\u300d\uff01\u6545\u4e8b\u8b1b\u8ff0\u7d10\u7d04\u4e00\u4f4d\u5e73\u51e1\u7684\u4e2d\u5b78\u97f3\u6a02\u6559\u5e2b\uff0c\u56e0\u70ba\u71b1\u611b\u97f3\u6a02\uff0c\u5922\u60f3\u6210\u70ba\u92fc\u7434\u5bb6\u4ef2\u53ef\u4ee5\u55ba\u8457\u540d\u5605Jazz Club\u8868\u6f14\uff0c\u53ef\u60dc\u6a5f\u6703\u4f86\u81e8\u4e4b\u65e5\u537b\u767c\u751f\u610f\u5916\uff0c\u6559\u5e2b\u9032\u5165\u4e86\u9748\u9b42\u4e16\u754c\uff0c\u5c55\u958b\u610f\u60f3\u4e0d\u5230\u7684\u6b77\u96aa\u65c5\u7a0b\u3002\u003Cdiv style=\"position: relative;width: 100%;height: 0;padding-top: 56.228571428571%;\"\u003E\u003Ciframe src=\"http:\/\/www.youtube.com\/embed\/STjNofibpcg\" frameborder=\"0\" allow=\"autoplay; encrypted-media\" allowfullscreen=\"\" style=\"width: 100%;height: 100%;position: absolute;top: 0;left: 0;right: 0;bottom: 0;\" data-padding-top=\"56.228571428571%\"\u003E\u003C\/iframe\u003E\u003C\/div\u003E","",""],"section":"1","cat":"2","publish_datetime":"2019-11-08 20:14:00","vdo":{"cover_path":"","headline":"","id":"","video_path":""},"vid":{"cover_path":"","headline":"","id":"","video_path":""},"imgs":[{"path":"20191108\/_2019110820202626649_600.jpg","caption":"\u300a\u9748\u9b42\u5947\u9047\u8a18\u300b(Soul) \u5c07\u65bc2020\u5e74\u6691\u5047\u4e0a\u6620\u3002","isCover":0},{"path":"20191108\/_2019110820202724767_600.jpg","caption":"\u4e2d\u5b78\u97f3\u6a02\u6559\u5e2b\u70ba\u5be6\u73fe\u5922\u60f3\u800c\u52aa\u529b\uff0c\u4f46\u4e0d\u5e78\u8dcc\u5165\u9748\u9b42\u4e16\u754c\u3002","isCover":0}],"writer":{"columnTitle":"","columnistID":"","trait":"","writer":""},"layout":"4","keyword":["\u9748\u9b42\u5947\u9047\u8a18","\u8fea\u58eb\u5c3c","\u5f7c\u601d","\u9748\u9b42\u4e16\u754c"],"related_news":[{"id":"1084150","newsID":"","title":"\u60e1\u4eba\u842c\u8056\u7bc0\u767b\u5834\u53cd\u8f49\u8fea\u58eb\u5c3c \u5168\u7403\u9996\u5275\u767e\u8001\u532f\u5f0f\u6b4c\u821e\u532f\u6f14","content":"","section":"1","cat":"1","publish_datetime":"2019-09-05 08:23:00","vdo":{"cover_path":"","headline":"","id":"","video_path":""},"imgs":[{"path":"20190905\/_2019090508275363468_370.jpg","isCover":1}],"writer":{"columnTitle":"","columnistID":"","trait":"","writer":""},"layout":"1","share_link":""},{"id":"1115857","newsID":"","title":"\u3010\u4fee\u4f8b\u98a8\u6ce2\u3011\u8fea\u58eb\u5c3c\u56e0\u4ea4\u901a\u6216\u53d7\u963b \u53d6\u6d88\u4e0b\u6708\u8209\u884c\u300c\u5f7c\u601d\u597d\u53cb\u591c\u8dd1\u6d3e\u5c0d\u300d","content":"","section":"1","cat":"1","publish_datetime":"2019-10-17 18:56:00","vdo":{"cover_path":"","headline":"","id":"","video_path":""},"imgs":[{"path":"20191017\/_2019101719010470523_370.jpg","isCover":1}],"writer":{"columnTitle":"","columnistID":"","trait":"","writer":""},"layout":"1","share_link":""},{"id":"1128274","newsID":"","title":"\u6311\u623010\u516c\u91cc\u8cfd\u8dd1 J.Arie\u8ca0\u50b7\u8dd1\u7562\u5168\u7a0b","content":"","section":"1","cat":"2","publish_datetime":"2019-11-03 23:59:00","vdo":{"cover_path":"","headline":"","id":"","video_path":""},"imgs":[{"path":"20191103\/_2019110323255258254_370.jpg","isCover":1},{"path":"20191103\/_2019110323255316955_370.jpg","isCover":0},{"path":"20191103\/_2019110323255469046_370.jpg","isCover":0}],"writer":{"columnTitle":"","columnistID":"","trait":"","writer":""},"layout":"1","share_link":""}],"relevant_news":[],"topic":[],"share_link":"http:\/\/hd.stheadline.com\/life\/ent\/realtime\/1632601"}