[{"id":"1353419","newsID":"443570","title":"\u5167\u5730\u65b0\u589e12\u5b97\u78ba\u8a3a \u5747\u70ba\u5883\u5916\u8f38\u5165\u75c5\u4f8b","content":"\u5167\u5730\u904e\u53bb\u4e00\u65e5\u65b0\u589e12\u5b97\u65b0\u51a0\u80ba\u708e\u78ba\u8a3a\uff0c\u5747\u70ba\u5883\u5916\u8f38\u5165\u75c5\u4f8b\uff0c\u5206\u5225\u4f86\u81ea\u6cb3\u5317\uff0c\u5929\u6d25\uff0c\u5ee3\u6771\uff0c\u965d\u897f\u53ca\u798f\u5efa\u3002\u7121\u65b0\u589e\u6b7b","section":"1","cat":"3","publish_datetime":"2020-08-23 09:10:00","vdo":{"cover_path":"","headline":"","id":"","video_path":""},"imgs":[{"path":"https://image.stheadline.com/f/10000p10000/0x0/100/none/6b8a93864cd6fde4df4da55b086af593/stheadline/inewsmedia/20200823/_2020082309111536937_370.jpg","isCover":1}],"writer":{"columnTitle":"","columnistID":"","trait":"","writer":""},"layout":"4","share_link":""},{"id":"1375071","newsID":"465009","title":"\u7d05\u78e1\u7e5e\u9053\u8ca8Van\u81ea\u7092 \u53f8\u6a5f\u9838\u80cc\u75db\u9001\u9662","content":"\u4e00\u8f1b\u904b\u5831\u5ba2\u8ca8\u8eca\u6e05\u6668\u7d045\u6642\u6cbf\u7d05\u78e1\u7e5e\u9053\u5f80\u5c16\u6c99\u5634\uff0c\u99db\u8fd1\u5eb7\u838a\u9053\u6642\uff0c\u5831\u7a31\u56e0\u9583\u907f\u7269\u4ef6\u5931\u63a7\u649e\u58c6\uff0c\u53f3\u8eca\u982d\u649e\u6bc0\u300230\u6b72","section":"1","cat":"1","publish_datetime":"2020-09-17 07:59:00","vdo":{"cover_path":"","headline":"","id":"","video_path":""},"imgs":[{"path":"https://image.stheadline.com/f/10000p10000/0x0/100/none/546d92bdca741f3eb0376edf0eae48dc/stheadline/inewsmedia/20200917/_2020091708444480893_370.jpg","isCover":1}],"writer":{"columnTitle":"","columnistID":"","trait":"","writer":""},"layout":"4","share_link":""},{"id":"1377264","newsID":"467187","title":"\u3010Juicy\u53ee\u3011\u5973\u8eca\u9577\u8eca\u5ec2\u73a9\u6296\u97f3\u626d\u8170\u71b1\u821e \u4e5d\u5df4\u6307\u9f13\u52f5\u540c\u4e8b\u8ffd\u5922","content":"\u8fd1\u65e5\u7db2\u4e0a\u6d41\u50b3\u4e00\u6bb5\u5341\u591a\u79d2\u9577\u5605\u77ed\u7247\uff0c\u4e00\u4f4d\u8eab\u7a7f\u4e5d\u5df4\u8eca\u9577\u5236\u670d\u5605\u7591\u4f3c\u5973\u8eca\u9577\uff0c\u55ba\u5df4\u58eb\u4e0b\u5c64\u7368\u81ea\u4e00\u4eba\uff0c\u96a8\u97f3\u6a02\u626d\u8170\u8d77\u821e","section":"1","cat":"1","publish_datetime":"2020-09-19 11:49:00","vdo":{"cover_path":"","headline":"","id":"","video_path":"__2020091911544472720.mp4"},"imgs":[{"path":"https://image.stheadline.com/f/10000p10000/0x0/100/none/95d7e992eee9bf03c887e11663b11648/stheadline/inewsmedia/20200919/_2020091911544461279_370.jpg","isCover":1}],"writer":{"columnTitle":"","columnistID":"","trait":"","writer":""},"layout":"4","share_link":""},{"id":"1352777","newsID":"442907","title":"\u89e3\u653e\u8ecd\u660e\u8d77\u65bc\u5728\u6771\u6d77\u9032\u884c\u5927\u578b\u5be6\u5f48\u5c04\u64ca\u6f14\u7fd2","content":"\u89e3\u653e\u8ecd\u5c07\u65bc\u660e\u65e5\uff0822\u65e5\uff09\u81f3\u4e0b\u5468\u4e09\uff0826\u65e5\uff09\u5728\u6771\u6d77\u9032\u884c\u5927\u578b\u5be6\u5f48\u5c04\u64ca\u6f14\u7fd2\uff0c\u7bc4\u570d\u6db5\u62ec\u5728\u5c71\u6771\u9752\u5cf6\u81f3\u9023\u96f2\u6e2f\u4ee5\u6771","section":"1","cat":"3","publish_datetime":"2020-08-21 19:02:00","vdo":{"cover_path":"","headline":"","id":"","video_path":""},"imgs":[{"path":"https://image.stheadline.com/f/10000p10000/0x0/100/none/e172b4e8682bda25ee14a916ff80aa53/stheadline/inewsmedia/20200821/_2020082119192983939_370.jpg","isCover":1}],"writer":{"columnTitle":"","columnistID":"","trait":"","writer":""},"layout":"4","share_link":""},{"id":"1346312","newsID":"436532","title":"2\u842c\u5143\u8cc4\u4ee3\u7406\u617312\u842c\u8cb7\u7269\u696d \u5de5\u7a0b\u516c\u53f8\u5973\u6771\u4e3b\u7372\u5224\u7de9\u5211","content":"53\u6b72\u5de5\u7a0b\u516c\u53f8\u6771\u4e3b\u53bb\u5e74\u5411\u4e00\u540d\u5730\u7522\u4ee3\u7406\u63d0\u4f9b2\u842c\u5143\u8cc4\u6b3e\uff0c\u5546\u8b70\u5728\u4ea4\u6613\u6642\u4ee5\u8f03\u4f4e\u50f9\u683c\u8cfc\u8cb7\u4e00\u500b\u53eb\u50f92700\u842c\u5143\u7684","section":"1","cat":"1","publish_datetime":"2020-08-14 16:16:00","vdo":{"cover_path":"","headline":"","id":"","video_path":""},"imgs":[{"path":"https://image.stheadline.com/f/10000p10000/0x0/100/none/ec8a742966c3502062f05f9ea953b602/stheadline/inewsmedia/20200814/_2020081416213550299_370.jpg","isCover":1}],"writer":{"columnTitle":"","columnistID":"","trait":"","writer":""},"layout":"4","share_link":""},{"id":"1371927","newsID":"461886","title":"\u53f0\u7063\u52a0\u6b0a\u6307\u6578\u65e9\u6bb5\u53470.22%\u583112703","content":"\u53f0\u7063\u52a0\u6b0a\u6307\u6578\u65e9\u6bb5\u583112703\uff0c\u534727\u9ede\u62160.22%\u3002(ky)","section":"1","cat":"6","publish_datetime":"2020-09-14 09:02:00","vdo":{"cover_path":"","headline":"","id":"","video_path":""},"imgs":[{"path":"https://image.stheadline.com/f/10000p10000/0x0/100/none/5df8ff879434bfbcf53265424d2c43a6/stheadline/inewsmedia/20200914/1371927_400227_20200914_370.jpg","isCover":1}],"writer":{"columnTitle":"","columnistID":"","trait":"","writer":""},"layout":"1","share_link":""},{"id":"1339366","newsID":"429721","title":"\u3010\u7247\u6bb5\u3011\u95a9\u50d1\u5973\u751f\u7591\u6d89\u76dc\u7aca\u8feb\u8dea\u5730\u8fb1\u7f75 \u906d\u666e\u901a\u8a71\u5c11\u5973\u638c\u6451\u756b\u82b1\u9762\u626f\u982d\u9aee","content":"\u7db2\u4e0a\u518d\u6709\u4e2d\u5b78\u5973\u751f\u88ab\u6b3a\u51cc\u7247\u6bb5\u6d41\u50b3\uff0c\u4e00\u540d\u4e2d\u5b78\u5973\u751f\u88ab\u6307\u6d89\u5acc\u76dc\u7aca\u540c\u5b78\u7269\u54c1\uff0c\u591a\u6b21\u65bc\u4e0d\u540c\u5834\u5408\u88ab\u591a\u540d\u5c11\u5973\u666e\u901a\u8a71\u7c97\u53e3","section":"1","cat":"1","publish_datetime":"2020-08-06 22:45:00","vdo":{"cover_path":"","headline":"","id":"","video_path":"__2020080618523413401.mp4"},"imgs":[{"path":"https://image.stheadline.com/f/10000p10000/0x0/100/none/da5c764215748bbfea27c042efee9c7a/stheadline/inewsmedia/20200806/_2020080618412056137_370.jpg","isCover":1},{"path":"https://image.stheadline.com/f/10000p10000/0x0/100/none/2895ca1305ca713ae87cd58e249583b5/stheadline/inewsmedia/20200806/_2020080619030138678_370.jpg","isCover":0},{"path":"https://image.stheadline.com/f/10000p10000/0x0/100/none/424463630b7aa7f33bd7cf374af0a8fb/stheadline/inewsmedia/20200806/_2020080618411969166_370.jpg","isCover":0}],"writer":{"columnTitle":"","columnistID":"","trait":"","writer":""},"layout":"4","share_link":""},{"id":"1378974","newsID":"468876","title":"\u6c99\u7530\u5169\u5c11\u5e74\u6d89\u975e\u6cd5\u8ffd\u50b5\u88ab\u6355 \u4e00\u4eba\u50c5\u5341\u56db\u6b72","content":"\u6c99\u7530\u8b66\u5340\u4eba\u54e1\u4e0a\u5468\u4e94\uff0818\u65e5\uff09\u508d\u665a6\u6642\uff0c\u5728\u6c99\u7530\u8857\u982d\u9032\u884c\u53cd\u7f6a\u60e1\u5de1\u908f\uff0c\u767c\u73fe\u5169\u540d\u5e74\u50c514\u300116\u6b72\u5c11\u5e74\u5f62\u8ff9\u53ef\u7591","section":"1","cat":"1","publish_datetime":"2020-09-21 22:16:00","vdo":{"cover_path":"","headline":"","id":"","video_path":""},"imgs":[{"path":"https://image.stheadline.com/f/10000p10000/0x0/100/none/94a351a283e73de83f76ed85b4180545/stheadline/inewsmedia/20200921/_2020092122214322930_370.jpg","isCover":1}],"writer":{"columnTitle":"","columnistID":"","trait":"","writer":""},"layout":"4","share_link":""},{"id":"1363925","newsID":"454043","title":"\u53cd\u9ed1\u5c6f\u9580\u5ee0\u5ec8\u7834\u8ced\u6a94 \u62d86\u4eba\u6aa2\u6bd2\u54c1\u6b66\u5668\u6700\u7d3016\u6b72","content":"\u5c6f\u9580\u8b66\u5340\u4eca\u65e5\u51cc\u6668\u7e7c\u7e8c\u9032\u884c\u4ee3\u865f\u300c\u528d\u4fe0\u300d\u7684\u53cd\u4e09\u5408\u6703\u884c\u52d5\uff0c\u65bc\u4e00\u5de5\u5ee0\u5927\u5ec8\u55ae\u4f4d\u5167\u6417\u7834\u61f7\u7591\u7531\u9ed1\u5e6b\u64cd\u63a7\u7684\u6bd2\u54c1\u4f9b\u61c9\u4e2d","section":"1","cat":"1","publish_datetime":"2020-09-04 08:34:00","vdo":{"cover_path":"","headline":"","id":"","video_path":""},"imgs":[{"path":"https://image.stheadline.com/f/10000p10000/0x0/100/none/6784472ed9106239064f252d337fdf32/stheadline/inewsmedia/20200904/_2020090408354658316_370.jpg","isCover":1},{"path":"https://image.stheadline.com/f/10000p10000/0x0/100/none/e362a277f0eec6d151d2dc218589fa8f/stheadline/inewsmedia/20200904/_2020090408354760859_370.jpg","isCover":0},{"path":"https://image.stheadline.com/f/10000p10000/0x0/100/none/84959272fbcb2a0d849cd13662041f9e/stheadline/inewsmedia/20200904/_2020090408354926997_370.jpg","isCover":0}],"writer":{"columnTitle":"","columnistID":"","trait":"","writer":""},"layout":"4","share_link":""},{"id":"1340890","newsID":"431209","title":"\u53f0\u7063\u5973\u78ba\u8a3a\u8005\u5716\u96e2\u6e2f\u88ab\u622a\u505c \u9999\u6e2f\u4e2d\u83ef\u57fa\u7763\u6559\u9752\u5e74\u6703\uff1a\u975e\u4f4f\u7063\u666f\u570b\u969b","content":"\u885e\u751f\u7f72\u885e\u751f\u9632\u8b77\u4e2d\u5fc3\u65e5\u524d\u5728\u8a18\u8005\u6703\u4e0a\u8868\u793a\uff0c\u4e00\u540d\u5f9e\u53f0\u7063\u5230\u6e2f\u7684\u5973\u5b50\u5728\u9152\u5e97\u6aa2\u75ab\u671f\u9593\u5716\u96e2\u6e2f\uff0c\u5728\u6a5f\u5834\u88ab\u622a\u505c\uff0c\u4e26\u6307\u5979","section":"1","cat":"1","publish_datetime":"2020-08-08 14:48:00","vdo":{"cover_path":"","headline":"","id":"","video_path":""},"imgs":[{"path":"https://image.stheadline.com/f/10000p10000/0x0/100/none/a1c91f80f64a187820e3ff70d873c925/stheadline/inewsmedia/20200808/_2020080815031357482_370.jpg","isCover":1}],"writer":{"columnTitle":"","columnistID":"","trait":"","writer":""},"layout":"4","share_link":""}]