[{"id":"1355942","newsID":"446045","title":"\u30101198\u3011\u7687\u671d\u50a2\u4fec\u5fa9\u724c","content":"\u7687\u671d\u50a2\u4fec(01198)\u5fa9\u724c\u3002(ky)","section":"1","cat":"6","publish_datetime":"2020-08-26 08:58:00","vdo":{"cover_path":"","headline":"","id":"","video_path":""},"imgs":[{"path":"https://image.stheadline.com/f/10000p10000/0x0/100/none/9396ef67884c8959820fea186b11308e/stheadline/inewsmedia/20200826/1355942_396991_20200826_370.jpg","isCover":1}],"writer":{"columnTitle":"","columnistID":"","trait":"","writer":""},"layout":"1","share_link":""},{"id":"1346309","newsID":"436529","title":"20\u6b72\u5357\u4eac\u5973\u7d93\u5927\u9023\u98db\u65e5\u672c\u5f8c\u78ba\u8a3a \u6b64\u524d\u66fe\u5230\u8a2a\u6cc9\u5dde5\u5929","content":"\u4e00\u540d20\u6b72\u5357\u4eac\u5973\u5b508\u670810\u65e5\u4e58CZ6190\u822a\u73ed\u5f9e\u5357\u4eac\u81f3\u5927\u9023\uff0c8\u670811\u65e5\u5f9e\u5927\u9023\u5e02\u4e58JL820\u822a\u73ed\u5f9e\u5230\u65e5","section":"1","cat":"3","publish_datetime":"2020-08-14 16:15:00","vdo":{"cover_path":"","headline":"","id":"","video_path":""},"imgs":[{"path":"https://image.stheadline.com/f/10000p10000/0x0/100/none/6cbc45146454786b43db9c73a9b6fc8a/stheadline/inewsmedia/20200814/_2020081416190482913_370.jpg","isCover":1}],"writer":{"columnTitle":"","columnistID":"","trait":"","writer":""},"layout":"4","share_link":""},{"id":"1369466","newsID":"459578","title":"\u30102888\u3011\u6e23\u6253\u660e\u5e74\u8d77\u8abf\u6574\u7d44\u7e54\u67b6\u69cb","content":"\u6e23\u6253\u96c6\u5718(02888)\u516c\u5e03\uff0c\u660e\u5e741\u67081\u65e5\u8d77\u8abf\u6574\u96c6\u5718\u7d44\u7e54\u67b6\u69cb\uff0c\u5176\u4e2d\u96f6\u552e\u9280\u884c\u3001\u79c1\u4eba\u9280\u884c\u53ca\u8ca1\u5bcc\u7ba1\u7406\u696d\u52d9\uff0c\u5c07","section":"1","cat":"6","publish_datetime":"2020-09-10 18:04:00","vdo":{"cover_path":"","headline":"","id":"","video_path":""},"imgs":[{"path":"https://image.stheadline.com/f/10000p10000/0x0/100/none/14e7f63d3c1debe7e824b4ce8fe9cf9d/stheadline/inewsmedia/20200910/1369466_399985_20200910_370.jpg","isCover":1}],"writer":{"columnTitle":"","columnistID":"","trait":"","writer":""},"layout":"1","share_link":""},{"id":"1390584","newsID":"480510","title":"\u3010Juicy\u53ee\u3011\u96e8\u50d1\u70ba\u611b\u5973\u651e\u51fa\u4e16\u7d19 \u96fb\u8166\u7121\u500b\u300c\u7d04\u300d\u5b57\u8981\u7b49\u4e09\u500b\u6708 ","content":"\u85dd\u4eba\u96e8\u50d1\u65e9\u524d\u8a95\u4e0b6\u78c5B\u5973\uff0c\u4e08\u592b\u7f85\u529b\u5a01\u70ba\u5973\u5152\u6539\u82f1\u6587\u540d\u70baHarper\uff0c\u4f46\u672a\u6709\u900f\u9732\u4e2d\u6587\u540d\u5b57\u3002\u96e8\u50d1\u6628\u8207Har","section":"1","cat":"1","publish_datetime":"2020-10-06 11:48:00","vdo":{"cover_path":"","headline":"","id":"","video_path":""},"imgs":[{"path":"https://image.stheadline.com/f/10000p10000/0x0/100/none/faa08067255fee2eee1a0fde4f75ed8e/stheadline/inewsmedia/20201006/_2020100612081120451_370.jpg","isCover":1}],"writer":{"columnTitle":"","columnistID":"","trait":"","writer":""},"layout":"4","share_link":""},{"id":"1345258","newsID":"435508","title":"\u6536\u5e02\u901f\u905e\uff1a\u6052\u6307\u8dcc13\u9ede\u5831\u653625230 \u6210\u4ea41164\u5104\u5143","content":"\u6e2f\u80a1\u4e0b\u8dcc\uff0c\u6052\u6307\u6536\u583125230\uff0c\u8dcc13\u9ede\u62160.05%\uff1b\u570b\u4f01\u6307\u6578\u6536\u583110244\uff0c\u6f3228\u9ede\u62160.28%\uff1b\u7d05","section":"1","cat":"6","publish_datetime":"2020-08-13 16:10:00","vdo":{"cover_path":"","headline":"","id":"","video_path":""},"imgs":[{"path":"https://image.stheadline.com/f/10000p10000/0x0/100/none/1c979c1aad98510ae740771a8336ce6a/stheadline/inewsmedia/20200813/1345258_394772_20200813_370.jpg","isCover":1}],"writer":{"columnTitle":"","columnistID":"","trait":"","writer":""},"layout":"1","share_link":""},{"id":"1390572","newsID":"480498","title":"\u3010\u5373\u6642\u532f\u50f9\u3011\u7f8e\u5143\u514c\u52a0\u51431.325\u3000\u8dcc0.08%","content":"\u7f8e\u5143\u6307\u6578\u73fe\u50f993.404\uff0c\u8dcc0.01%\uff0c\u6700\u9ad893.435\uff0c\u6700\u4f4e93.383\r\n\u6fb3\u5143\u514c\u7f8e\u5143\u73fe\u50f90.71","section":"1","cat":"6","publish_datetime":"2020-10-06 11:36:00","vdo":{"cover_path":"","headline":"","id":"","video_path":""},"imgs":[{"path":"https://image.stheadline.com/f/10000p10000/0x0/100/none/68ff5c6e9b58cabeaf1c954e3e404ce0/stheadline/inewsmedia/20201006/1390572_403842_20201006_370.jpg","isCover":1}],"writer":{"columnTitle":"","columnistID":"","trait":"","writer":""},"layout":"1","share_link":""},{"id":"1349741","newsID":"439868","title":"\u66c9\u5cf0\u7063\u7554\u9802\u5c64\u6236 \u300c\u96f6\u8b70\u50f9\u300d800\u842c\u6cbd","content":"\u4e16\u7d0021\u5947\u8c50\u7d93\u7406\u6797\u6210\u8c50\u8868\u793a\uff0c\u99ac\u978d\u5c71\u66c9\u5cf0\u7063\u75544\u5ea7\u9802\u5c64\u6236\uff0c\u9762\u7a4d510\u65b9\u544e\uff0c\u70ba2\u623f\u9593\u9694\uff0c\u7372\u8cb7\u5bb6\u300c\u96f6\u8b70\u50f9\u300d\u4e0b","section":"1","cat":"5","publish_datetime":"2020-08-18 20:05:00","vdo":{"cover_path":"","headline":"","id":"","video_path":""},"imgs":[{"path":"https://image.stheadline.com/f/10000p10000/0x0/100/none/69f0b2b44602f64a6709ceaf9f40b14c/stheadline/inewsmedia/20200818/_2020081820060579370_370.jpg","isCover":1}],"writer":{"columnTitle":"","columnistID":"","trait":"","writer":""},"layout":"4","share_link":""},{"id":"1345537","newsID":"435787","title":"\u8b1d\u5be7\u5927\u5973\u5426\u8a8d\u81ea\u6bba   \u5c91\u5be7\u7ae5\u6fc0\u52d5\u7206\u7c97\uff1a\u4fc2\u98f2\u5927\u5497","content":"\u524d\u6e2f\u59d0\u51a0\u8ecd\u8b1d\u5be7\u8207\u5c91\u5efa\u52f3\u7684\u5927\u5973\u5c91\u5be7\u7ae5\u65e5\u524d\u53cd\u9396\u5bb6\u4e2d\u7591\u4f01\u5716\u8df3\u6a13\uff0c\u6700\u5f8c\u88ab\u6307\u60c5\u7dd2\u4e0d\u7a69\u4ee4\u4eba\u64d4\u5fc3\u3002\u5c91\u5be7\u7ae5\u63a5\u53d7\u50b3\u5a92\u8a2a","section":"1","cat":"2","publish_datetime":"2020-08-13 19:58:00","vdo":{"cover_path":"","headline":"","id":"","video_path":""},"imgs":[{"path":"https://image.stheadline.com/f/10000p10000/0x0/100/none/b949a77df03eede01619707e48a77dcb/stheadline/inewsmedia/20200813/_2020081320273344958_370.jpg","isCover":1}],"writer":{"columnTitle":"","columnistID":"","trait":"","writer":""},"layout":"4","share_link":""},{"id":"1331195","newsID":"421556","title":"\u5fa1\u6d77\u7063\u672c\u5468\u4e94\u958b\u552e55\u4f19","content":"\u7531\u65b0\u5730\u767c\u5c55\u7684\u5c6f\u9580\u5fa1\u6d77\u7063\u4e0a\u8f093\u865f\u92b7\u552e\u5b89\u6392\uff0c\u65bc\u672c\u670831\u65e5(\u672c\u5468\u4e94)\u958b\u552e55\u4f19\uff0c\u9762\u7a4d\u7531261\u65b9\u544e\u81f3692\u65b9","section":"1","cat":"5","publish_datetime":"2020-07-28 15:56:00","vdo":{"cover_path":"","headline":"","id":"","video_path":""},"imgs":[{"path":"https://image.stheadline.com/f/10000p10000/0x0/100/none/cd39f81a70e26c81ebd323f5f3eab571/stheadline/inewsmedia/20200728/_2020072816061945960_370.jpg","isCover":1}],"writer":{"columnTitle":"","columnistID":"","trait":"","writer":""},"layout":"4","share_link":""},{"id":"1378470","newsID":"468372","title":"\u9ec3\u5927\u4ed9\u4e0a\u90a8\u96d9\u5c4d\u6848 \u55ae\u4f4d\u50b3\u60e1\u81ed\u6d88\u9632\u7834\u9580\u9a5a\u898b\u7537\u5973\u5012\u6583\u5c4b\u5167","content":"\u9ec3\u5927\u4ed9\u4e0a\u90a8\u6ea2\u5584\u6a13\u4e00\u55ae\u4f4d\u9023\u65e5\u50b3\u51fa\u60e1\u81ed\uff0c\u6d88\u9632\u4eca\u65e9\u7834\u9580\u5165\u5c4b\uff0c\u767c\u73fe\u4e00\u5c0d\u7537\u5973\u5012\u6583\u5c4b\u5167\u3002\u73fe\u5834\u70ba\u6ea2\u5584\u6a139\u6a13\uff0c\u8087\u4e8b\u55ae","section":"1","cat":"1","publish_datetime":"2020-09-21 22:01:00","vdo":{"cover_path":"","headline":"","id":"","video_path":"__2020092113544097793.mp4"},"imgs":[{"path":"https://image.stheadline.com/f/10000p10000/0x0/100/none/373521d00e26047b58747c3f028a3678/stheadline/inewsmedia/20200921/_2020092120480390999_370.jpeg","isCover":1},{"path":"https://image.stheadline.com/f/10000p10000/0x0/100/none/38449780ad368fb5542d474d517fce5d/stheadline/inewsmedia/20200921/_2020092113455196037_370.jpg","isCover":0},{"path":"https://image.stheadline.com/f/10000p10000/0x0/100/none/31ee02cb57508bf4da6d4598b79c5baf/stheadline/inewsmedia/20200921/_2020092114200511765_370.jpg","isCover":0}],"writer":{"columnTitle":"","columnistID":"","trait":"","writer":""},"layout":"4","share_link":""}]