[{"id":"1385007","newsID":"474915","title":"\u3010\u82f1\u8d85\u3011\u4e09\u86cb\u8d08\u5bcc\u54b8 \u7dad\u62c9\u958b\u5b63\u5168\u52dd","content":"\u963f\u58eb\u6771\u7dad\u62c9\u5468\u4e00\u82f1\u8d85\u4f5c\u5ba2\u5bcc\u54b8\uff0c\u958b\u8cfd\u50c5\u56db\u5206\u9418\uff0c\u7dad\u62c9\u4e2d\u5834\u7d04\u7ff0\u9ea5\u7518\u5c3c\u4ea4\u51fa\u7f8e\u5999\u904e\u982d\u6ce2\u4e88\u5f8c\u4e0a\u5165\u651d\u7684\u57fa\u4e9e\u5229\u6b8a\u8fd1\u9580\u5c04","section":"1","cat":"7","publish_datetime":"2020-09-29 09:05:00","vdo":{"cover_path":"","headline":"","id":"","video_path":""},"imgs":[{"path":"https://image.stheadline.com/f/10000p10000/0x0/100/none/100be838707b3109c376c108ffd978bb/stheadline/inewsmedia/20200929/_2020092909071617104_370.jpg","isCover":1}],"writer":{"columnTitle":"","columnistID":"","trait":"","writer":""},"layout":"4","share_link":""},{"id":"1394166","newsID":"484104","title":"\u8b66\u8343\u7063\u6417\u7121\u724c\u5427 \u62d814\u7537\u5973\u5305\u62ec13\u8d8a\u5357\u4eba","content":"\u65b0\u754c\u5357\u7e3d\u5340\u53cd\u4e09\u5408\u6703\u884c\u52d5\u7d44\u8b66\u54e1\u6839\u64da\u7dda\u5831\u53ca\u7d93\u6df1\u5165\u8abf\u67e5\u5f8c\uff0c\u51cc\u6668\u96f6\u6642\u5c55\u958b\u4ee3\u865f\u300c\u7281\u5ead\u6383\u7a74\u300d\u7684\u53cd\u7f6a\u60e1\u884c\u52d5\uff0c\u7a81\u64ca\u641c","section":"1","cat":"1","publish_datetime":"2020-10-10 09:00:00","vdo":{"cover_path":"","headline":"","id":"","video_path":""},"imgs":[{"path":"https://image.stheadline.com/f/10000p10000/0x0/100/none/6b3f043afcabfddc139c6b21dc546fa3/stheadline/inewsmedia/20201010/_2020101009010767182_370.jpeg","isCover":1}],"writer":{"columnTitle":"","columnistID":"","trait":"","writer":""},"layout":"4","share_link":""},{"id":"1343036","newsID":"433316","title":"\u5927\u8208\u82b1\u5712\u5169\u623f\u6708\u79df1.15\u842c","content":"\u4e2d\u539f\u5206\u884c\u7d93\u7406\u9673\u5bb6\u5bcc\u8868\u793a\uff0c\u5c6f\u9580\u5927\u8208\u82b1\u57122\u671f1\u5ea7\u9ad8\u5c64C\u5ba4\uff0c\u9762\u7a4d447\u65b9\u544e\uff0c\u5169\u623f\u9593\u9694\uff0c\u4ee51.15\u842c\u79df\u51fa\uff0c\u544e","section":"1","cat":"5","publish_datetime":"2020-08-11 13:45:00","vdo":{"cover_path":"","headline":"","id":"","video_path":""},"imgs":[{"path":"https://image.stheadline.com/f/10000p10000/0x0/100/none/0cb712c8bb580e4cd3753911c8065183/stheadline/inewsmedia/20200811/_2020081113471957552_370.jpg","isCover":1}],"writer":{"columnTitle":"","columnistID":"","trait":"","writer":""},"layout":"4","share_link":""},{"id":"1351760","newsID":"441884","title":"\u5433\u5353\u7fb2\u95dc\u667a\u658c\u6311\u6230\u5fcd\u7b11\u00a0\u00a0\u00a0\u8a31\u9756\u97fb\u7b11\u5230\u558a\u7f70\u98df\u6fc0\u8fa3\u5496\u54e9","content":"\u7531\u8a31\u9756\u97fb\uff08Angela\uff09\u3001\u694a\u5929\u5b87\uff08Angus\uff09\u3001\u674e\u9756\u7b60\uff08Gladys\uff09\u53ca\u90ed\u5955\u82af\uff08Ashina\uff09\u4e3b\u6301\u7684","section":"1","cat":"2","publish_datetime":"2020-08-20 20:08:00","vdo":{"cover_path":"","headline":"","id":"","video_path":""},"imgs":[{"path":"https://image.stheadline.com/f/10000p10000/0x0/100/none/db9f01b4284dacdcc325d488343bc386/stheadline/inewsmedia/20200820/_2020082020135171030_370.jpg","isCover":1},{"path":"https://image.stheadline.com/f/10000p10000/0x0/100/none/2a9e64b78faf310ffe1f9df765f70270/stheadline/inewsmedia/20200820/_2020082020135252808_370.jpg","isCover":0},{"path":"https://image.stheadline.com/f/10000p10000/0x0/100/none/85efffb0fddbecc4cd94b79ed9d2d5ac/stheadline/inewsmedia/20200820/_2020082020135682611_370.jpg","isCover":0}],"writer":{"columnTitle":"","columnistID":"","trait":"","writer":""},"layout":"4","share_link":""},{"id":"1390848","newsID":"480774","title":"\u6881\u632f\u82f1\u65a5\u6559\u5354\u8b77\u77ed\u6b20\u5c08\u696d \u4fc3\u6559\u5c40\u62ab\u9732\u5931\u5fb7\u6559\u5e2b\u540d\u55ae","content":"\u9996\u5ea6\u6709\u6559\u5e2b\u56e0\u5728\u8ab2\u5802\u6563\u64ad\u300c\u6e2f\u7368\u300d\u8a0a\u606f\uff0c\u88ab\u6559\u80b2\u5c40\u300c\u91d8\u724c\u300d\u53d6\u6d88\u6559\u5e2b\u8a3b\u518a\uff0c\u6559\u80b2\u5c40\u53c8\u8b74\u8cac\u6821\u9577\u53ca\u526f\u6821\u9577\u76e3\u7ba1\u4e0d\u529b\u3002","section":"1","cat":"1","publish_datetime":"2020-10-06 16:00:00","vdo":{"cover_path":"","headline":"","id":"","video_path":""},"imgs":[{"path":"https://image.stheadline.com/f/10000p10000/0x0/100/none/bbc74bd4a2ad330552a66f9907569dff/stheadline/inewsmedia/20201006/_2020100616091795498_370.jpg","isCover":1},{"path":"https://image.stheadline.com/f/10000p10000/0x0/100/none/a7634ad81ad0ac5b68a4b555c69d1804/stheadline/inewsmedia/20201006/_2020100616091825246_370.jpg","isCover":0},{"path":"https://image.stheadline.com/f/10000p10000/0x0/100/none/bea294ee12161246a147916fdbcbcb8b/stheadline/inewsmedia/20201006/_2020100616112318289_370.jpg","isCover":0}],"writer":{"columnTitle":"","columnistID":"","trait":"","writer":""},"layout":"4","share_link":""},{"id":"1338886","newsID":"429241","title":"\u3010884\u3011\u65ed\u8f1d7\u6708\u92b7\u552e\u984d\u534751.1%","content":"\u65ed\u8f1d\u63a7\u80a1(00884)\u516c\u5e03\uff0c7\u6708\u5408\u540c\u92b7\u552e\u984d\u7d04219.9\u5104\u5143(\u4eba\u6c11\u5e63\uff0c\u4e0b\u540c)\uff0c\u6309\u5e74\u589e\u957751.13%\uff1b\u5408","section":"1","cat":"6","publish_datetime":"2020-08-06 09:55:00","vdo":{"cover_path":"","headline":"","id":"","video_path":""},"imgs":[{"path":"https://image.stheadline.com/f/10000p10000/0x0/100/none/f0353bebbdc8428098f485c28e5a4c6a/stheadline/inewsmedia/20200806/1338886_393330_20200806_370.jpg","isCover":1}],"writer":{"columnTitle":"","columnistID":"","trait":"","writer":""},"layout":"1","share_link":""},{"id":"1382340","newsID":"472239","title":"\u3010186\u3011\u654f\u6377\u596a\u6cb3\u5357\u4f4f\u5b85\u5730 \u6d891.9\u5104\u4eba\u5e63","content":"\u654f\u6377\u63a7\u80a1(00186)\u516c\u5e03\uff0c\u4e2d\u6a19\u6cb3\u5357\u7701\u4e00\u5e45\u4f4f\u5b85\u5730\u76ae\uff0c\u4ee3\u50f91.92\u5104\u5143\u4eba\u6c11\u5e63\u3002\r\n\u5730\u76ae\u4f4d\u65bc\u6cb3\u5357\u7701\u978f\u7fa9\u5e02","section":"1","cat":"6","publish_datetime":"2020-09-25 11:49:00","vdo":{"cover_path":"","headline":"","id":"","video_path":""},"imgs":[{"path":"https://image.stheadline.com/f/10000p10000/0x0/100/none/950945d9fe2f5a3e2b14ddec19d3cbd4/stheadline/inewsmedia/20200925/1382340_402533_20200925_370.jpg","isCover":1}],"writer":{"columnTitle":"","columnistID":"","trait":"","writer":""},"layout":"1","share_link":""},{"id":"1348636","newsID":"438769","title":"\u4f0a\u9662\u91ab\u8b77\u6307\u65b0\u51a0\u5eb7\u5fa9\u8005\u73fe\u547c\u5438\u9053\u75c5\u5fb5\u4ecd\u7559\u666e\u901a\u75c5\u623f \u5289\u5bb6\u737b\ufe30\u6709\u9700\u8981\u6703\u518d\u6aa2\u6e2c","content":"\u6709\u4f0a\u5229\u6c99\u4f2f\u91ab\u9662\u91ab\u8b77\u4eba\u54e1\u6295\u8a34\uff0c\u4e00\u540d\u65b0\u51a0\u80ba\u708e\u60a3\u8005\u5eb7\u5fa9\u5f8c\uff0c\u66fe\u5165\u4f4f\u666e\u901a\u5916\u79d1\u75c5\u623f8\u4eba\u75c5\u683c\u7559\u91ab\uff0c\u671f\u9593\u51fa\u73fe\u547c\u5438\u9053\u611f","section":"1","cat":"1","publish_datetime":"2020-08-17 18:17:00","vdo":{"cover_path":"","headline":"","id":"","video_path":""},"imgs":[{"path":"https://image.stheadline.com/f/10000p10000/0x0/100/none/c3f7eda246048493b096f06958524751/stheadline/inewsmedia/20200817/_2020081718215815003_370.jpg","isCover":1}],"writer":{"columnTitle":"","columnistID":"","trait":"","writer":""},"layout":"4","share_link":""},{"id":"1353050","newsID":"443186","title":"\u5916\u96fb\u5831\u9053\u5370\u5ea6\u64ec\u6536\u7dca\u4e2d\u570b\u7c3d\u8b49\u5be9\u67e5","content":"\u7f8e\u570b\u50b3\u5a92\u5831\u9053\uff0c\u5370\u5ea6\u7576\u5c40\u8a08\u756b\u9032\u4e00\u6b65\u6536\u7dca\u4e2d\u570b\u4eba\u5728\u7576\u5730\u7684\u6d3b\u52d5\uff0c\u5305\u62ec\u6536\u7dca\u7c3d\u8b49\u5be9\u67e5\u3002\u5370\u5ea6\u5916\u4ea4\u90e8\u672a\u767c\u8868\u8a55\u8ad6\u3002\u5f6d\u535a","section":"1","cat":"3","publish_datetime":"2020-08-22 13:13:00","vdo":{"cover_path":"","headline":"","id":"","video_path":""},"imgs":[{"path":"https://image.stheadline.com/f/10000p10000/0x0/100/none/d9d5d7600896d90e6a3be8704a918f51/stheadline/inewsmedia/20200822/_2020082211540396728_370.jpg","isCover":1}],"writer":{"columnTitle":"","columnistID":"","trait":"","writer":""},"layout":"4","share_link":""},{"id":"1394527","newsID":"484468","title":"\u8cca\u4eba\u9023\u74b0\u7206\u7aca\u99ac\u978d\u5c71\u300c\u96f2\u6d77\u300d\u5169\u55ae\u4f4d \u63a0\u8d7026\u842c\u8ca1\u7269","content":"\u99ac\u978d\u5c71\u300c\u96f2\u6d77\u300d\u5169\u55ae\u4f4d\u6628\u665a\u57281\u5c0f\u6642\u5167\uff0c\u61f7\u7591\u906d\u8cca\u4eba\u9023\u74b0\u7206\u7aca\uff0c\u5169\u6236\u5171\u640d\u5931\u7d0426\u842c\u5143\u8ca1\u7269\u3002\u73fe\u5834\u70ba\u8000\u6c99\u8def9\u865f\u3002","section":"1","cat":"1","publish_datetime":"2020-10-11 08:26:00","vdo":{"cover_path":"","headline":"","id":"","video_path":""},"imgs":[{"path":"https://image.stheadline.com/f/10000p10000/0x0/100/none/745ddbdce69874955517c0b04f9a9161/stheadline/inewsmedia/20201011/_2020101108265464244_370.jpg","isCover":1}],"writer":{"columnTitle":"","columnistID":"","trait":"","writer":""},"layout":"4","share_link":""}]