[{"id":"1329838","newsID":"420223","title":"\u6148\u6a02\u90a876\u6b72\u5973\u75c5\u4eba\u4f0a\u9662\u96e2\u4e16 \u6e2f\u7d2f\u8a08\u517119\u6b7b","content":"\u4e00\u540d\u5c45\u6148\u96f2\u5c71\u6148\u6a02\u90a8\u768476\u6b72\u5973\u78ba\u8a3a\u75c5\u4eba\u6628\u665a\u5728\u4f0a\u5229\u6c99\u4f2f\u9662\u96e2\u4e16\uff0c\u672c\u6e2f\u7d2f\u8a0819\u540d\u67d3\u75ab\u60a3\u8005\u4e0d\u6cbb\u3002\u4f0a\u5229\u6c99\u4f2f\u91ab\u9662\u767c","section":"1","cat":"1","publish_datetime":"2020-07-27 09:49:00","vdo":{"cover_path":"","headline":"","id":"","video_path":""},"imgs":[{"path":"https://image.stheadline.com/f/10000p10000/0x0/100/none/e595b66db3fcbd7fa8a1253bea75a750/stheadline/inewsmedia/20200727/_2020072709511393895_370.jpg","isCover":1}],"writer":{"columnTitle":"","columnistID":"","trait":"","writer":""},"layout":"4","share_link":""},{"id":"1379313","newsID":"469215","title":"\u6d89\u8caa\u6c61\u53ca\u632a\u7528\u516c\u6b3e\u7b49\u7f6a\u6210 \u4efb\u5fd7\u5f37\u4e00\u5be9\u5224\u56da18\u5e74","content":"\u5317\u4eac\u5e02\u7b2c\u4e8c\u4e2d\u7d1a\u4eba\u6c11\u6cd5\u9662\u5468\u4e8c\uff0822\u65e5\uff09\u4f9d\u6cd5\u5c0d\u5317\u4eac\u5e02\u83ef\u9060\u96c6\u5718\u6709\u9650\u516c\u53f8\u539f\u8463\u4e8b\u9577\u4efb\u5fd7\u5f37\u6d89\u5acc\u8caa\u6c61\u7f6a\u3001\u53d7\u8cc4\u7f6a\u3001\u632a","section":"1","cat":"3","publish_datetime":"2020-09-22 11:42:00","vdo":{"cover_path":"","headline":"","id":"","video_path":""},"imgs":[{"path":"https://image.stheadline.com/f/10000p10000/0x0/100/none/0935bea0195e7a33755c464dc09885fb/stheadline/inewsmedia/20200922/_2020092212342919652_370.jpg","isCover":1}],"writer":{"columnTitle":"","columnistID":"","trait":"","writer":""},"layout":"4","share_link":""},{"id":"1324556","newsID":"415073","title":"\u300c\u98db\u87fb\u5927\u8ecd\u300d\u7a7a\u4e2d\u76e4\u65cb2\u5c0f\u6642 \u82f1\u6c23\u8c61\u96f7\u9054\u8aa4\u6e2c\u70ba\u96e8\u96f2","content":"\u82f1\u570b\u6c23\u8c61\u5c40\u8fd1\u65e5\u8868\u793a\uff0c\u6c23\u8c61\u96f7\u9054\u5075\u6e2c\u5230\u6771\u5357\u90e8\u6d77\u5cb8\u6703\u300c\u964d\u96e8\u300d\uff0c\u4f46\u7576\u5929\u5929\u6c23\u537b\u610f\u5916\u708e\u71b1\u4e7e\u71e5\u3002\u7d93\u904e\u5c08\u5bb6\u5169\u500b\u5c0f\u6642\u5206","section":"1","cat":"4","publish_datetime":"2020-07-20 22:47:00","vdo":{"cover_path":"","headline":"","id":"","video_path":"__2020072022493642265.mp4"},"imgs":[{"path":"https://image.stheadline.com/f/10000p10000/0x0/100/none/93599c678e0e83f30061489dffa009d9/stheadline/inewsmedia/20200720/_2020072022493620114_370.jpg","isCover":1}],"writer":{"columnTitle":"","columnistID":"","trait":"","writer":""},"layout":"4","share_link":""},{"id":"1357961","newsID":"448067","title":"\u985e\u56fa\u9187\u6cbb\u65b0\u51a0\u91cd\u75c7\u898b\u6548 \u6297\u708e\u85e5\u63a7\u5236\u514d\u75ab\u529b\u5931\u8861","content":"\u65b0\u51a0\u80ba\u708e\u75ab\u60c5\u6301\u7e8c\uff0c\u7b2c\u4e09\u6ce2\u75ab\u60c5\u6d89\u53ca\u591a\u6240\u9662\u820d\u9662\u53cb\uff0c\u4ee4\u91cd\u75c7\u53ca\u6b7b\u4ea1\u4eba\u6578\u5927\u589e\u3002\u746a\u5609\u70c8\u91ab\u9662\u53ca\u4ec1\u6fdf\u91ab\u9662\u6df1\u5207\u6cbb\u7642\u90e8\u90e8","section":"1","cat":"1","publish_datetime":"2020-08-28 07:24:00","vdo":{"cover_path":"","headline":"","id":"","video_path":""},"imgs":[{"path":"https://image.stheadline.com/f/10000p10000/0x0/100/none/1e60983043777b4b340da7d4626f6d35/stheadline/inewsmedia/20200828/_2020082807264478264_370.jpg","isCover":1}],"writer":{"columnTitle":"","columnistID":"","trait":"","writer":""},"layout":"4","share_link":""},{"id":"1355969","newsID":"446072","title":"\u30101630\u3011\u5efa\u6210\u63a7\u80a1\u98c6\u534767%","content":"\u5efa\u6210\u63a7\u80a1(01630)\u6025\u534766.66%\uff0c\u65b0\u90200.12\u5143\uff0c\u6210\u4ea4\u91d1\u984d523\u842c\u5143\u3002(ky)","section":"1","cat":"6","publish_datetime":"2020-08-26 09:42:00","vdo":{"cover_path":"","headline":"","id":"","video_path":""},"imgs":[{"path":"https://image.stheadline.com/f/10000p10000/0x0/100/none/eeb2d526bd834638244f5efdc54d88ea/stheadline/inewsmedia/20200826/1355969_397003_20200826_370.jpg","isCover":1}],"writer":{"columnTitle":"","columnistID":"","trait":"","writer":""},"layout":"1","share_link":""},{"id":"1393728","newsID":"483666","title":"\u7f8e\u80a1\u675c\u630712\u6708\u671f\u8ca8\u5347105\u9ede\u583128415","content":"\u7f8e\u80a1\u675c\u630712\u6708\u671f\u8ca8\u5347105\u9ede\uff0c\u65b0\u583128415\uff1b\r\n\u6a19\u666e500\u6307\u657812\u6708\u671f\u8ca8\u6f3213\u9ede\uff0c\u65b0\u90203450\uff1b\r","section":"1","cat":"6","publish_datetime":"2020-10-09 16:00:00","vdo":{"cover_path":"","headline":"","id":"","video_path":""},"imgs":[{"path":"https://image.stheadline.com/f/10000p10000/0x0/100/none/e2eb51171c82a2888c96163d5232385e/stheadline/inewsmedia/20201009/1393728_404680_20201009_370.jpg","isCover":1}],"writer":{"columnTitle":"","columnistID":"","trait":"","writer":""},"layout":"1","share_link":""},{"id":"1372587","newsID":"462534","title":"\u3010\u7f8e\u7db2\u3011\u65bd\u7dad\u5229\u592b\u98f2\u6068\u5931\u51a0 \u6d41\u6dda\u900f\u9732\u96d9\u89aa\u66fe\u78ba\u8a3a","content":"\u65bd\u7dad\u5229\u592b\u65bc\u5468\u65e5\u7f8e\u7db2\u7537\u55ae\u6c7a\u8cfd\u6158\u906d\u6cf0\u59c6\u53cd\u52dd\uff0c\u8cfd\u5f8c\u524d\u8005\u767c\u8868\u611f\u8a00\u6642\u4e0d\u7981\u6d41\u4e0b\u7537\u5152\u6dda\uff0c\u66f4\u900f\u9732\u5176\u96d9\u89aa\u65bc\u7f8e\u7db2\u958b\u8cfd\u524d\u78ba","section":"1","cat":"7","publish_datetime":"2020-09-14 16:44:00","vdo":{"cover_path":"","headline":"","id":"","video_path":""},"imgs":[{"path":"https://image.stheadline.com/f/10000p10000/0x0/100/none/20bea7724bad233f0bcdfdf894712f64/stheadline/inewsmedia/20200914/_2020091416474326418_370.jpg","isCover":1}],"writer":{"columnTitle":"","columnistID":"","trait":"","writer":""},"layout":"4","share_link":""},{"id":"1348895","newsID":"439031","title":"\u65fa\u89d2\u593e\u516c\u4ed4\u8216\u906d\u7206\u7aca \u5931100\u5143\u8ca8\u8b66\u62d82\u7537","content":"\u65fa\u89d2\u4e00\u9593\u593e\u516c\u4ed4\u8216\u906d\u4eba\u7206\u7aca\uff0c\u640d\u5931\u7d04\u503c100\u5143\u7684\u8ca8\u54c1\u3002\u4e8b\u767c\u5728\u6628\u665a8\u6642\u8a31\uff0c\u5f4c\u6566\u9053760\u865f\u5730\u4e0b\u4e00\u9593\u593e\u516c\u4ed4\u5e97\u767c","section":"1","cat":"1","publish_datetime":"2020-08-18 07:54:00","vdo":{"cover_path":"","headline":"","id":"","video_path":""},"imgs":[{"path":"https://image.stheadline.com/f/10000p10000/0x0/100/none/5637711b09de85571a2c622897569cdb/stheadline/inewsmedia/20200818/_2020081807561022133_370.jpg","isCover":1}],"writer":{"columnTitle":"","columnistID":"","trait":"","writer":""},"layout":"4","share_link":""},{"id":"1335830","newsID":"426191","title":"\u6e2f\u6cf083\u6b72\u7537\u9662\u53cb\u5c6f\u9580\u91ab\u9662\u96e2\u4e16 \u6e2f\u7d2f\u8a0836\u4eba\u67d3\u75ab\u4ea1","content":"\u5c6f\u9580\u91ab\u9662\u516c\u5e03\uff0c\u4e00\u540d\u5c45\u6148\u96f2\u5c71\u6e2f\u6cf0\u8b77\u8001\u4e2d\u5fc3\u768483\u6b72\uff08\u500b\u6848\u7de8\u865f\uff1a1346\uff09\u7684\u7537\u75c5\u4eba\u4eca\u65e5\u96e2\u4e16\u3002\u75c5\u4eba\u6709\u9577\u671f\u75c5\u60a3","section":"1","cat":"1","publish_datetime":"2020-08-03 09:26:00","vdo":{"cover_path":"","headline":"","id":"","video_path":""},"imgs":[{"path":"https://image.stheadline.com/f/10000p10000/0x0/100/none/f861955fa1c3cd41fef68cfd78d7e3e3/stheadline/inewsmedia/20200803/_2020080309284329413_370.jpg","isCover":1}],"writer":{"columnTitle":"","columnistID":"","trait":"","writer":""},"layout":"4","share_link":""},{"id":"1373124","newsID":"463068","title":"\u301032\u3011\u6e2f\u901a\u63a7\u80a1\u505c\u724c \u672a\u6089\u539f\u56e0","content":"\u6e2f\u901a\u63a7\u80a1(00032)\u505c\u724c\uff0c\u66ab\u672a\u6089\u539f\u56e0\u3002\r\n\u8a72\u80a1\u505c\u724c\u524d\u58319.83\u5143\u3002(ky)","section":"1","cat":"6","publish_datetime":"2020-09-15 08:57:00","vdo":{"cover_path":"","headline":"","id":"","video_path":""},"imgs":[{"path":"https://image.stheadline.com/f/10000p10000/0x0/100/none/c5017462d72b158f276910ff365f72c5/stheadline/inewsmedia/20200915/1373124_400565_20200915_370.jpg","isCover":1}],"writer":{"columnTitle":"","columnistID":"","trait":"","writer":""},"layout":"1","share_link":""}]