[{"id":"1326290","newsID":"416807","title":"63\u5b97\u6e90\u982d\u4e0d\u660e\u500b\u6848 \u6d89\u53ca\u6559\u5e2b\u53ca\u8b77\u58eb\u7b49","content":"\u672c\u6e2f\u4eca\u65e5\u65b0\u589e113\u5b97\u65b0\u51a0\u80ba\u708e\u78ba\u8a3a\u500b\u6848\uff0c\u7576\u4e2d\u6709105\u5b97\u70ba\u672c\u5730\u500b\u6848\u3002\u672c\u5730\u78ba\u8a3a\u500b\u6848\u4e2d\uff0c63\u5b97\u70ba\u6e90\u982d\u4e0d\u660e\u500b\u6848","section":"1","cat":"1","publish_datetime":"2020-07-22 17:26:00","vdo":{"cover_path":"","headline":"","id":"","video_path":""},"imgs":[{"path":"https://image.stheadline.com/f/10000p10000/0x0/100/none/e510624120940f93eae16fdd407127fc/stheadline/inewsmedia/20200722/_2020072218131823864_370.jpg","isCover":1}],"writer":{"columnTitle":"","columnistID":"","trait":"","writer":""},"layout":"4","share_link":""},{"id":"1366496","newsID":"456614","title":"4\u5b97\u6e90\u982d\u4e0d\u660e\u6d89\u6709\u9152\u6a13\u54e1\u5de5 \u61f7\u5b55\u4e2d\u91ab\u914d\u85e5\u54e1\u4e2d\u62db\u903e30\u540c\u4e8b\u9700\u6aa2\u6e2c","content":"\u885e\u751f\u7f72\u885e\u751f\u9632\u8b77\u4e2d\u5fc3\u50b3\u67d3\u75c5\u8655\u4e3b\u4efb\u5f35\u7af9\u541b\u516c\u5e03\uff0c\u672c\u6e2f\u4eca\u65e5\u65b0\u589e11\u5b97\u78ba\u8a3a\u500b\u6848\uff0c\u7576\u4e2d10\u5b97\u70ba\u672c\u5730\u500b\u6848\u3002\u53e6\u6709\u5c11\u65bc","section":"1","cat":"1","publish_datetime":"2020-09-07 17:39:00","vdo":{"cover_path":"","headline":"","id":"","video_path":""},"imgs":[{"path":"https://image.stheadline.com/f/10000p10000/0x0/100/none/91178b7da3d9049eb73cea25f5b49552/stheadline/inewsmedia/20200907/_2020090719430237429_370.jpeg","isCover":1}],"writer":{"columnTitle":"","columnistID":"","trait":"","writer":""},"layout":"4","share_link":""},{"id":"1335685","newsID":"426052","title":"\u6b66\u6f226\u540d\u300c\u65b9\u8259\u91ab\u9662\u300d\u652f\u63f4\u968a\u5c08\u5bb6\u5c07\u4f86\u6e2f","content":"\u6df1\u5733\u5e02\u885e\u5065\u59d4\u6307\uff0c\u5728\u4e2d\u592e\u7d71\u7c4c\u90e8\u7f72\u548c\u6307\u63ee\u4e0b\uff0c\u570b\u5bb6\u885b\u5065\u59d4\u8fc5\u901f\u7d44\u5efa\u4e86\u300c\u5167\u5730\u6838\u9178\u6aa2\u6e2c\u652f\u63f4\u968a\u300d\u3001\u300c\u5167\u5730\u65b9\u8259\u91ab\u9662\u652f","section":"1","cat":"1","publish_datetime":"2020-08-02 21:20:00","vdo":{"cover_path":"","headline":"","id":"","video_path":""},"imgs":[{"path":"https://image.stheadline.com/f/10000p10000/0x0/100/none/1327d5db7e8fb26a5e6f83d6f7d70c4c/stheadline/inewsmedia/20200802/_2020080221253140181_370.jpg","isCover":1}],"writer":{"columnTitle":"","columnistID":"","trait":"","writer":""},"layout":"4","share_link":""},{"id":"1336838","newsID":"427196","title":"\u5f6d\u535a\u793e\u6307\u83ef\u6f64\u727d\u982d\u6d3d\u8cfcCity'super \u6599\u672c\u5468\u843d\u5be6","content":"\u5f6d\u535a\u901a\u8a0a\u793e\u5831\u9053\uff0c\u83ef\u6f64\u96c6\u5718\u65d7\u4e0bCR Capital\u64ec\u65a5\u8cc7\u6700\u591a3\u5104\u7f8e\u5143\uff0c\u727d\u982d\u6536\u8cfc\u6536\u8cfc\u672c\u6e2f\u65e5\u5f0f\u9023\u9396\u8d85\u5e02ci","section":"1","cat":"1","publish_datetime":"2020-08-04 10:59:00","vdo":{"cover_path":"","headline":"","id":"","video_path":""},"imgs":[{"path":"https://image.stheadline.com/f/10000p10000/0x0/100/none/32cdfc31c27515fdefa537a67d603a90/stheadline/inewsmedia/20200804/_2020080411054245178_370.jpg","isCover":1}],"writer":{"columnTitle":"","columnistID":"","trait":"","writer":""},"layout":"4","share_link":""},{"id":"1373787","newsID":"463731","title":"\u3010\u958b\u5fc3\u6d88\u8cbb\u30118\u5ea6\u6d77\u9038\u806f\u4e58H\u00e4agen-Dazs\u63a8\u4e0b\u5348\u8336 $118\u56069\u6b3e\u8336\u9ede\u52a0\u9650\u5b9a\u54c8\u5bc6\u74dc\u96ea\u7cd5","content":"8\u5ea6\u6d77\u9038\u9152\u5e97\u806f\u4e58H&auml;agen-Dazs\u63a8\u51fa\u6e05\u65b0\u679c\u9999\u4e0b\u5348\u8336\uff0c\u5373\u65e5\u8d77\u81f310\u670831\u65e5\u65bc\u7db2\u5e97\u8a02\u8cfc\uff0c","section":"1","cat":"1","publish_datetime":"2020-09-15 17:56:00","vdo":{"cover_path":"","headline":"","id":"","video_path":""},"imgs":[{"path":"https://image.stheadline.com/f/10000p10000/0x0/100/none/c132a434a9fffea3042e8930a14afd2a/stheadline/inewsmedia/20200915/_2020091517585041113_370.jpg","isCover":1}],"writer":{"columnTitle":"","columnistID":"","trait":"","writer":""},"layout":"4","share_link":""},{"id":"1394298","newsID":"484236","title":"\u5357\u6d77\u6216\u96d9\u65cb\u5171\u821e\u4e0b\u5468\u5927\u96f7\u96e8 \u5929\u6587\u53f0\uff1a\u5468\u4e00\u98a8\u52e2\u589e\u5f37","content":"\u8e0f\u516510\u6708\u6c89\u5bc2\u4e00\u6642\u7684\u5357\u6d77\u518d\u8d77\u98a8\u96f2\uff0c\u96a8\u6642\u96d9\u65cb\u5171\u821e\u3002\u5929\u6587\u53f0\u5c55\u671b\u661f\u671f\u4e00\u90e8\u5206\u6642\u9593\u6709\u967d\u5149\uff0c\u665a\u4e0a\u98a8\u52e2\u589e\u5f37\uff0c\u96a8\u5f8c\u4e00","section":"1","cat":"1","publish_datetime":"2020-10-10 17:10:00","vdo":{"cover_path":"","headline":"","id":"","video_path":""},"imgs":[{"path":"https://image.stheadline.com/f/10000p10000/0x0/100/none/16cfabb57988cc1116a869e2d4981146/stheadline/inewsmedia/20201010/_2020101014364417949_370.jpg","isCover":1},{"path":"https://image.stheadline.com/f/10000p10000/0x0/100/none/82c278a291d9a687afde2d2122ea43d1/stheadline/inewsmedia/20201010/_2020101017114642160_370.jpg","isCover":0},{"path":"https://image.stheadline.com/f/10000p10000/0x0/100/none/07e00b6d0b1f55fae8b27d294ad516f8/stheadline/inewsmedia/20201010/_2020101014364244412_370.jpg","isCover":0}],"writer":{"columnTitle":"","columnistID":"","trait":"","writer":""},"layout":"3","share_link":""},{"id":"1328011","newsID":"418477","title":"\u7279\u6717\u666e\u53d6\u6d88\u4f5b\u5dde\u5171\u548c\u9ee8\u5927\u6703","content":"\u7f8e\u570b\u591a\u500b\u5dde\u4efd\u65b0\u51a0\u72c0\u75c5\u6bd2\u75ab\u60c5\u53cd\u5f48\uff0c\u7e3d\u7d71\u7279\u6717\u666e\u5ba3\u5e03\uff0c\u53d6\u6d88\u539f\u5b9a8\u6708\u5e95\u5728\u4f5b\u7f85\u91cc\u9054\u5dde\u8209\u884c\u7684\u5171\u548c\u9ee8\u5168\u570b\u4ee3\u8868\u5927\u6703\uff0c","section":"1","cat":"4","publish_datetime":"2020-07-24 12:08:00","vdo":{"cover_path":"","headline":"","id":"","video_path":""},"imgs":[{"path":"https://image.stheadline.com/f/10000p10000/0x0/100/none/0e00373c5863830bd4f85762c2d2a9f3/stheadline/inewsmedia/20200724/_2020072412123810624_370.jpg","isCover":1}],"writer":{"columnTitle":"","columnistID":"","trait":"","writer":""},"layout":"4","share_link":""},{"id":"1336366","newsID":"426727","title":"\u4e9e\u80a1\u500b\u5225\u8d70\u65e5\u80a1\u53472.24% \u6536\u583122195","content":"\u65e5\u7d93\u5e73\u5747\u6307\u6578\u6536\u583122195\uff0c\u5347485\u9ede\u62162.24%\u3002\r\n\u6fb3\u6d32\u6a19\u666eASX 200\u6307\u6578\u6536\u58316053\uff0c\u964d5","section":"1","cat":"6","publish_datetime":"2020-08-03 14:28:00","vdo":{"cover_path":"","headline":"","id":"","video_path":""},"imgs":[{"path":"https://image.stheadline.com/f/10000p10000/0x0/100/none/fd64483d55bc479f1a41ca13790dfb52/stheadline/inewsmedia/20200803/1336366_392775_20200803_370.jpg","isCover":1}],"writer":{"columnTitle":"","columnistID":"","trait":"","writer":""},"layout":"1","share_link":""},{"id":"1359914","newsID":"450020","title":"\u3010\u5c71\u897f\u98ef\u5e97\u5012\u584c\u3011\u58fd\u5bb4\u8b8a\u89aa\u53cb\u6700\u5f8c\u5348\u9910 \u516b\u65ec\u58fd\u661f\u4e0b\u8dea\u9053\u6b49","content":"\u5c71\u897f\u7701\u81e8\u6c7e\u5e02\u8944\u6c7e\u7e23\u4e00\u5bb6\u5169\u5c64\u6a13\u9ad8\u7684\u9152\u5bb6\uff0c\u524d\u5929\u4e0a\u5348\u7a81\u7136\u574d\u584c\uff0c\u4e8b\u767c\u6642\u9152\u5bb6\u5167\u6b63\u5728\u8209\u884c\u58fd\u5bb4\uff0c\u591a\u4eba\u88ab\u57cb\u3002\u6551\u63f4\u5de5\u4f5c","section":"1","cat":"3","publish_datetime":"2020-08-31 08:25:00","vdo":{"cover_path":"","headline":"","id":"","video_path":"__2020083108304175810.mp4"},"imgs":[{"path":"https://image.stheadline.com/f/10000p10000/0x0/100/none/800b21c50a1bb2b764df6484bb297513/stheadline/inewsmedia/20200831/_2020083108304277579_370.jpg","isCover":1},{"path":"https://image.stheadline.com/f/10000p10000/0x0/100/none/d7d4a2555f001480a89176af217c5e4d/stheadline/inewsmedia/20200831/_2020083108304387453_370.jpg","isCover":0},{"path":"https://image.stheadline.com/f/10000p10000/0x0/100/none/789bb3e86bcfe6af5a69242ddfc37cb4/stheadline/inewsmedia/20200831/_2020083108304436142_370.jpg","isCover":0}],"writer":{"columnTitle":"","columnistID":"","trait":"","writer":""},"layout":"4","share_link":""},{"id":"1397622","newsID":"487491","title":"\u3010\u9673\u540c\u4f73\u8d74\u53f0\u3011\u7ba1\u6d69\u9cf4\u73fe\u8eab\u53f0\u99d0\u6e2f\u8fa6\u4e8b\u8655\u6599\u7533\u7c3d\u8b49 \u64da\u5831\u6587\u4ef6\u906d\u62d2\u6536","content":"\u5354\u52a9\u53f0\u7063\u6bba\u4eba\u6848\u7591\u72af\u9673\u540c\u4f73\u7684\u8056\u516c\u6703\u6559\u7701\u79d8\u66f8\u9577\u7ba1\u6d69\u9cf4\uff0c\u4eca\u65e5\u4e0b\u5348\u5230\u4f4d\u65bc\u91d1\u9418\u7684\u53f0\u5317\u7d93\u6fdf\u6587\u5316\u8fa6\u4e8b\u8655\uff0c\u4ed6\u7a31\u300c\u662f\u6709","section":"1","cat":"1","publish_datetime":"2020-10-14 17:09:00","vdo":{"cover_path":"","headline":"","id":"","video_path":"__2020101417101838408.mp4"},"imgs":[{"path":"https://image.stheadline.com/f/10000p10000/0x0/100/none/cffc4bee72b757216c8578d864ca9adb/stheadline/inewsmedia/20201014/_2020101416281347465_370.jpg","isCover":1},{"path":"https://image.stheadline.com/f/10000p10000/0x0/100/none/6d22342c52e6ef7e791c4558e653cbbe/stheadline/inewsmedia/20201014/_2020101416281423668_370.jpg","isCover":0},{"path":"https://image.stheadline.com/f/10000p10000/0x0/100/none/b7e59d4f69ff52b6bf897b57cbd9f8b0/stheadline/inewsmedia/20201014/_2020101416281574187_370.jpg","isCover":0}],"writer":{"columnTitle":"","columnistID":"","trait":"","writer":""},"layout":"4","share_link":""}]