[{"id":"1351496","newsID":"441626","title":"\u5168\u65e5\u6cbd\u7a7a176.07\u5104","content":"\u6e2f\u80a1\u5168\u65e5\u6210\u4ea41181.87\u5104\u5143\uff0c\u6cbd\u7a7a\u91d1\u984d176.07\u5104\u5143\uff0c\u6cbd\u7a7a\u6bd4\u738714.9%\uff0c\u6cbd\u7a7a\u80a1\u4efd612\u96bb\u3002\u9a30\u8a0a","section":"1","cat":"6","publish_datetime":"2020-08-20 16:45:00","vdo":{"cover_path":"","headline":"","id":"","video_path":""},"imgs":[{"path":"https://image.stheadline.com/f/10000p10000/0x0/100/none/2613ae870b727b2edec20a6ee24f1b4c/stheadline/inewsmedia/20200820/1351496_396074_20200820_370.jpg","isCover":1}],"writer":{"columnTitle":"","columnistID":"","trait":"","writer":""},"layout":"1","share_link":""},{"id":"1384485","newsID":"474393","title":"\u3010\u89aa\u5b50\u6d3b\u52d5\u3011\u624b\u6a5fAPP\u89aa\u5b50\u9f4a\u5c0b\u5bf6 \u63a2\u7d22\u9999\u6e2f \u5b78\u5730\u7406\u6b77\u53f2","content":"\u8fd1\u65e5\uff0c\u653f\u5e9c\u9010\u6b65\u653e\u5bec\u9632\u75ab\u63aa\u65bd\uff0c\u5927\u5bb6\u6709\u591a\u4e9b\u6a5f\u6703\u5916\u51fa\u8d70\u8d70\u611f\u53d7\u6eab\u6696\u7684\u967d\u5149\u3002\u9664\u4e86\u548c\u670b\u53cb\u805a\u6703\u3001\u884c\u8857\u5916\uff0c\u5927\u5bb6\u4ea6\u53ef\u5617","section":"1","cat":"","publish_datetime":"2020-09-28 15:53:00","vdo":{"cover_path":"","headline":"","id":"","video_path":""},"imgs":[{"path":"https://image.stheadline.com/f/10000p10000/0x0/100/none/ced1f0b88abf75c2960539cfe6889f11/stheadline/inewsmedia/20200928/_2020092816045179037_370.jpg","isCover":1},{"path":"https://image.stheadline.com/f/10000p10000/0x0/100/none/9e1838c0343632b4ee01010143799434/stheadline/inewsmedia/20200928/_2020092816045189440_370.jpg","isCover":0},{"path":"https://image.stheadline.com/f/10000p10000/0x0/100/none/2408d0bc6228cc021414fadb602a2007/stheadline/inewsmedia/20200928/_2020092816045236119_370.jpg","isCover":0}],"writer":{"columnTitle":"","columnistID":"","trait":"","writer":""},"layout":"5","share_link":""},{"id":"1344721","newsID":"434971","title":"\u6fb3\u6d32\u666e\u901a\u80a1\u6307\u6578\u53470.31%\u58316274","content":"\u6fb3\u6d32\u666e\u901a\u80a1\u6307\u6578\u65b0\u90206274\uff0c\u6f3219\u9ede\u62160.31%\u3002(ky)","section":"1","cat":"6","publish_datetime":"2020-08-13 08:15:00","vdo":{"cover_path":"","headline":"","id":"","video_path":""},"imgs":[{"path":"https://image.stheadline.com/f/10000p10000/0x0/100/none/e0251207aa705452bd8893d958f5e925/stheadline/inewsmedia/20200813/1344721_394588_20200813_370.jpg","isCover":1}],"writer":{"columnTitle":"","columnistID":"","trait":"","writer":""},"layout":"1","share_link":""},{"id":"1345150","newsID":"435400","title":"\u8e81\u7236\u722d\u57f7\u7591\u52d5\u7c97 \u5c11\u5973\u64f8\u5200\u9084\u64ca\u4ff1\u50b7\u540c\u88ab\u6355","content":"\u5927\u57d4\u4e0b\u7897\u7ab0\u767c\u751f\u50b7\u4eba\u6848\u3002\u8b66\u65b9\u65e9\u4e0a11\u664205\u5206\u63a5\u5831\u6307\uff0c\u4e00\u5c0d\u7236\u5973\u5728\u4e0a\u5740\u767c\u751f\u722d\u57f7\uff0c\u5e74\u7d0410\u591a\u6b72\u5c11\u5973\u7591\u64f8\u5200\u5411\u7236","section":"1","cat":"1","publish_datetime":"2020-08-13 15:16:00","vdo":{"cover_path":"","headline":"","id":"","video_path":""},"imgs":[{"path":"https://image.stheadline.com/f/10000p10000/0x0/100/none/891f108778b1adbb4eb28c07cca6b835/stheadline/inewsmedia/20200813/_2020081315233638690_370.jpg","isCover":1}],"writer":{"columnTitle":"","columnistID":"","trait":"","writer":""},"layout":"4","share_link":""},{"id":"1337947","newsID":"428314","title":"\u6d88\u606f\u6307\u6e2f\u4eca\u589e\u7d0485\u5b97\u78ba\u8a3a \u9023\u7e8c\u7b2c3\u65e5\u96d9\u4f4d\u6578","content":"\u6d88\u606f\u6307\uff0c\u672c\u6e2f\u4eca\u65e5\u65b0\u589e\u7d0485\u5b97\u78ba\u8a3a\u500b\u6848\uff0c\u662f\u9023\u7e8c\u7b2c\u4e09\u65e5\u96d9\u4f4d\u6578\u3002\u672c\u6e2f\u75ab\u60c5\u7a0d\u70ba\u7de9\u548c\uff0c\u6628\u65e5\u65b0\u589e80\u5b97\u78ba\u8a3a\u500b\u6848\uff0c","section":"1","cat":"1","publish_datetime":"2020-08-05 13:07:00","vdo":{"cover_path":"","headline":"","id":"","video_path":""},"imgs":[{"path":"https://image.stheadline.com/f/10000p10000/0x0/100/none/56fad9097eef7030e2517d7f6cf42c90/stheadline/inewsmedia/20200805/_2020080513160095476_370.jpg","isCover":1}],"writer":{"columnTitle":"","columnistID":"","trait":"","writer":""},"layout":"4","share_link":""},{"id":"1355785","newsID":"445891","title":"\u9ad8\u723e\u592b\u2027\u5fa1\u82d1\u63a8\u4e09\u5e74\u9577\u6210\u4ea4\u671f\u4ed8\u6b3e","content":"\u7531\u6052\u57fa\u767c\u5c55\u7684\u7c89\u5dba\u9ad8\u723e\u592b\u2027\u5fa1\u82d1\uff0c\u525b\u66f4\u65b0\u50f9\u55ae\uff0c\u4e26\u63a8\u51fa\u9577\u6210\u4ea4\u671f\u4ed8\u6b3e\uff0c\u6052\u57fa\u71df\u696d(\u4e8c)\u90e8\u7e3d\u7d93\u7406\u97d3\u5bb6\u8f1d\u7a31\uff0c\u5305\u62ec\u300c","section":"1","cat":"5","publish_datetime":"2020-08-25 21:24:00","vdo":{"cover_path":"","headline":"","id":"","video_path":""},"imgs":[{"path":"https://image.stheadline.com/f/10000p10000/0x0/100/none/1273a9a54a222854bf7064373adaca9e/stheadline/inewsmedia/20200825/_2020082521444161408_370.jpg","isCover":1}],"writer":{"columnTitle":"","columnistID":"","trait":"","writer":""},"layout":"4","share_link":""},{"id":"1376163","newsID":"466095","title":"\u5373\u6708\u591c\u671f\u6536\u583124423\u9ad8\u6c3483\u9ede","content":"\u5373\u6708\u6052\u6307\u591c\u671f\u6536\u583124423\uff0c\u8f03\u65e5\u9593\u671f\u8ca8\u6536\u5e02\u50f9\u534789\u9ede\uff0c\u9ad8\u6c3483\u9ede\uff0c\u9ad8\u4f4d\u66fe\u898b24440\uff0c\u4f4e\u583124250","section":"1","cat":"6","publish_datetime":"2020-09-18 07:57:00","vdo":{"cover_path":"","headline":"","id":"","video_path":""},"imgs":[{"path":"https://image.stheadline.com/f/10000p10000/0x0/100/none/9242570c78ea3617be4bd6049d57c93d/stheadline/inewsmedia/20200918/1376163_401269_20200918_370.jpg","isCover":1}],"writer":{"columnTitle":"","columnistID":"","trait":"","writer":""},"layout":"1","share_link":""},{"id":"1365623","newsID":"455744","title":"\u5de5\u6703\u6279\u91cd\u8058\u7f85\u632f\u90a6\u9055\u6307\u5f15 \u91ab\u7ba1\u5c40\uff1a\u6703\u6aa2\u8996\u9000\u4f11\u5f8c\u91cd\u8058\u5b89\u6392","content":"\u591a\u500b\u91ab\u8b77\u5de5\u6703\u53cd\u5c0d\u7f85\u632f\u90a6\u63a5\u4efb\u9000\u4f11\u7684\u8b1d\u6587\u83ef\uff0c\u51fa\u4efb\u4e5d\u9f8d\u897f\u91ab\u9662\u806f\u7db2\u7e3d\u76e3\uff0c\u6279\u8a55\u505a\u6cd5\u9055\u53cd\u7a0b\u5e8f\u6307\u5f15\u3002\u91ab\u7ba1\u5c40\u8868\u793a\uff0c\u660e","section":"1","cat":"1","publish_datetime":"2020-09-06 16:16:00","vdo":{"cover_path":"","headline":"","id":"","video_path":""},"imgs":[{"path":"https://image.stheadline.com/f/10000p10000/0x0/100/none/f4fb854c337f15cd31e1edd4fcac4fc5/stheadline/inewsmedia/20200906/_2020090616201023314_370.jpg","isCover":1}],"writer":{"columnTitle":"","columnistID":"","trait":"","writer":""},"layout":"4","share_link":""},{"id":"1358858","newsID":"448964","title":"\u3010\u6f5b\u9003\u53f0\u7063\u3011\u8b66\u65b9\u7a31\u4eca\u63a5\u7372\u5167\u5730\u901a\u5831 12\u540d\u7537\u5973\u6d89\u975e\u6cd5\u5165\u5883\u88ab\u62d8\u7559","content":"\u5ee3\u6771\u6d77\u8b66\u5c40\u4eba\u54e1\u65e5\u524d\u5728\u5167\u5730\u6d77\u57df\u622a\u67e5\u4e00\u8258\u5feb\u8247\uff0c\u62d8\u635510\u591a\u540d\u9999\u6e2f\u5077\u6e21\u8005\uff0c\u5176\u4e2d\u5305\u62ec\u65e9\u524d\u6d89\u5acc\u89f8\u72af\u300a\u6e2f\u5340\u570b\u5b89\u6cd5\u300b","section":"1","cat":"1","publish_datetime":"2020-08-28 19:07:00","vdo":{"cover_path":"","headline":"","id":"","video_path":""},"imgs":[{"path":"https://image.stheadline.com/f/10000p10000/0x0/100/none/2596cfb39cf15089306813c4b6f87306/stheadline/inewsmedia/20200828/_2020082819145094084_370.jpg","isCover":1}],"writer":{"columnTitle":"","columnistID":"","trait":"","writer":""},"layout":"4","share_link":""},{"id":"1388505","newsID":"478431","title":"\u3010\u7279\u6717\u666e\u78ba\u8a3a\u3011\u5d14\u5929\u51f1\u53ca\u5967\u5df4\u99ac \u5411\u7279\u6717\u666e\u592b\u5a66\u9001\u4e0a\u795d\u9858","content":"\u7f8e\u570b\u7e3d\u7d71\u7279\u6717\u666e\u78ba\u8a3a\u65b0\u51a0\u80ba\u708e\uff0c\u5404\u570b\u5747\u767c\u96fb\u6170\u554f\uff0c\u4e2d\u570b\u99d0\u7f8e\u5927\u4f7f\u5d14\u5929\u51f1\uff0c\u53ca\u524d\u7e3d\u7d71\u5967\u5df4\u99ac\uff0c\u4ea6\u5411\u7279\u6717\u666e\u592b\u5a66\u9001\u4e0a\u795d","section":"1","cat":"4","publish_datetime":"2020-10-03 09:33:00","vdo":{"cover_path":"","headline":"","id":"","video_path":""},"imgs":[{"path":"https://image.stheadline.com/f/10000p10000/0x0/100/none/33050fb3af8d53965612b641197a6d89/stheadline/inewsmedia/20201003/_2020100309350123761_370.jpg","isCover":1}],"writer":{"columnTitle":"","columnistID":"","trait":"","writer":""},"layout":"4","share_link":""}]