{"id":"1110656","newsID":"","title":"\u5531\u300a\u91d1\u5bb5\u300b\u4e3b\u984c\u66f2\u58d3\u529b\u5927 \u8b5a\u5609\u5100\u611b\u770b\u6050\u6016\u7247\u7b11\u7537\u751f\u81bd\u5c0f","content":["\u8b5a\u5609\u5100\u5230\u96fb\u53f0\u5ba3\u50b3\u300a\u91d1\u5bb5\u5927\u5ec8\u300b\u4e3b\u984c\u66f2\u300a\u4eca\u5bb5\u591a\u73cd\u91cd\u300b\uff0c\u5979\u76f4\u8a00\u7ffb\u5531\u7d93\u5178\u4f5c\u54c1\u58d3\u529b\u751a\u5927\uff0c\u7686\u56e0\u9673\u767e\u5f37\u7248\u672c\u6df1\u5165\u6c11\u5fc3\uff0c\u5e78\u597d\u76e3\u88fd\u4e0d\u65b7\u8b1b\u50b7\u611f\u7684\u611b\u60c5\u6545\u4e8b\uff0c\u5e6b\u52a9\u5979\u6295\u5165\u60c5\u611f\u3002\u5609\u5100\u8868\u793a\u6709\u8ffd\u770b\u300a\u91d1\u300b\u5287\uff0c\u4e00\u4f86\u611b\u770b\u5947\u5e7b\u8a6d\u7570\u7684\u6545\u4e8b\uff1b\u4e8c\u4f86\u5287\u672c\u53ca\u6f14\u54e1\u76f8\u7576\u51fa\u8272\uff0c\u7247\u4e2d\u7684\u61f7\u820a\u5834\u666f\u4ea6\u4ee4\u89c0\u773e\u61f7\u5ff5\u4ee5\u524d\u3002\u003Cbr \/\u003E\u5916\u8868\u67d4\u5f31\u7684\u5609\u5100\uff0c\u81ea\u7206\u6700\u611b\u770b\u8840\u8165\u6050\u6016\u7247\uff0c\u5c24\u5176\u559c\u6b61\u55aa\u5c4d\u7cfb\u5217\uff0c\u7d93\u5e38\u76f8\u7d04\u300c\u5973\u5b50\u5718\u300d\u770b\u6050\u6016\u7247\uff0c\u7686\u56e0\u8eab\u908a\u7684\u7537\u58eb\u5747\u81bd\u5c0f\uff0c\u4e0d\u4f46\u4e0d\u6562\u770b\u6050\u6016\u7247\uff0c\u9023\u904e\u5c71\u8eca\u4e5f\u4e0d\u6562\u5750\u3002\u7b11\u554f\u64c7\u5076\u689d\u4ef6\u6709\u5426\u5305\u62ec\u4ee5\u4e0a\u5169\u9805\uff1f\u5979\u7b11\u8aaa\uff1a\u300c\u4e0d\u7747\u4e0d\u5750\u4e5fOK\uff0c\u53ea\u8981\u5e6b\u6211\u7747\u888b\u4fbf\u53ef\u4ee5\u4e86\u3002\u300d","",""],"section":"1","cat":"2","publish_datetime":"2019-10-11 13:25:00","vdo":{"cover_path":"","headline":"","id":"","video_path":""},"vid":{"cover_path":"","headline":"","id":"","video_path":""},"imgs":[{"path":"20191011\/_2019101113303080737_600.jpg","caption":"\u8b5a\u5609\u5100\u8b02\u6709\u8ffd\u770b\u300a\u91d1\u5bb5\u300b\u3002","isCover":0},{"path":"20191011\/_2019101113303289616_600.jpg","caption":"","isCover":0},{"path":"20191011\/_2019101113303393211_600.jpg","caption":"","isCover":0}],"writer":{"columnTitle":"","columnistID":"","trait":"","writer":""},"layout":"4","keyword":["\u8b5a\u5609\u5100"],"related_news":[{"id":"1172473","newsID":"","title":"\u96aa\u7206\u912d\u4fca\u5f18\u4f55\u96c1\u8a69\u96d9\u559c\u81e8\u9580 \u8b5a\u5609\u5100\uff1a\u795d\u4ed6\u5011\u4e09\u5e74\u62b1\u5169","content":"","section":"1","cat":"2","publish_datetime":"2020-01-02 19:41:00","vdo":{"cover_path":"","headline":"","id":"","video_path":""},"imgs":[{"path":"20200102\/_2020010219462448622_370.jpg","isCover":1}],"writer":{"columnTitle":"","columnistID":"","trait":"","writer":""},"layout":"1","share_link":""},{"id":"1120840","newsID":"","title":"\u5f48\u7d50\u4ed6\u6652\u8eab\u6750 \u8b5a\u5609\u5100\uff1a\u5b8c\u7f8e\u7684\u4e00\u5929","content":"","section":"1","cat":"2","publish_datetime":"2019-10-24 18:09:00","vdo":{"cover_path":"","headline":"","id":"","video_path":""},"imgs":[{"path":"20191024\/_2019102416223050918_370.jpg","isCover":1},{"path":"20191024\/_2019102416222992025_370.jpg","isCover":0},{"path":"20191024\/_2019102416223263375_370.jpg","isCover":0}],"writer":{"columnTitle":"","columnistID":"","trait":"","writer":""},"layout":"1","share_link":""},{"id":"1118524","newsID":"","title":"\u9577\u91ce\u760b\u72c2\u6d78\u6eab\u6cc9 \u8b5a\u5609\u5100\u8b9aD Cup\u5468\u4f69\u5a77\u7121\u5f97\u8f38","content":"","section":"1","cat":"2","publish_datetime":"2019-10-21 20:00:00","vdo":{"cover_path":"","headline":"","id":"","video_path":""},"imgs":[{"path":"20191021\/_2019102119133128687_370.jpg","isCover":1},{"path":"20191021\/_2019102119133243072_370.jpg","isCover":0},{"path":"20191021\/_2019102119133339876_370.jpg","isCover":0}],"writer":{"columnTitle":"","columnistID":"","trait":"","writer":""},"layout":"1","share_link":""},{"id":"1113007","newsID":"","title":"\u8b5a\u5609\u5100\u6027\u611f\u9732\u8170\u88dd\u6436\u93e1 \u81ea\u85a6\u300a\u91d1\u5bb5\u5927\u5ec8\u300b\u7e8c\u96c6\u6f14\u55aa\u5c4d\u6216\u5a03\u5a03","content":"","section":"1","cat":"2","publish_datetime":"2019-10-14 22:11:00","vdo":{"cover_path":"","headline":"","id":"","video_path":""},"imgs":[{"path":"20191014\/_2019101422052380904_370.jpg","isCover":1},{"path":"20191014\/_2019101422052519746_370.jpg","isCover":0},{"path":"20191014\/_2019101422052663810_370.jpg","isCover":0}],"writer":{"columnTitle":"","columnistID":"","trait":"","writer":""},"layout":"1","share_link":""}],"relevant_news":[],"topic":[],"share_link":"http:\/\/hd.stheadline.com\/life\/ent\/realtime\/1610656"}