{"id":"1105934","newsID":"","title":"\u8d70\u79c1446\u96bb\u5927\u9598\u87f9 42\u6b72\u7537\u53f8\u6a5f\u88ab\u6355","content":["\u6d77\u95dc\u8207\u98df\u74b0\u7f7210\u67082\u65e5\u9032\u884c\u806f\u5408\u884c\u52d5\uff0c\u5728\u843d\u99ac\u6d32\u7ba1\u5236\u7ad9\u7834\u7372\u4eca\u5e74\u9996\u5b97\u5927\u6279\u61f7\u7591\u8d70\u79c1\u5927\u9598\u87f9\u6848\u4ef6\uff0c\u6aa2\u7372446\u96bb\u61f7\u7591\u8d70\u79c1\u5927\u9598\u87f9\uff0c\u4f30\u8a08\u5e02\u503c\u7d049000\u5143\uff0c\u662f\u6d77\u95dc\u4eca\u5e74\u6aa2\u7372\u61f7\u7591\u8d70\u79c1\u5927\u9598\u87f9\u6578\u91cf\u6700\u5927\u7684\u55ae\u4e00\u6848\u4ef6\u3002\u003Cbr \/\u003E\u003Cbr \/\u003E\u6d77\u95dc\u4eba\u54e110\u67082\u65e5\u665a\u5728\u843d\u99ac\u6d32\u7ba1\u5236\u7ad9\u622a\u67e5\u4e00\u8f1b\u5165\u5883\u79c1\u5bb6\u8eca\uff0c\u65bc\u8eca\u5167\u6aa2\u73725\u7bb1\u5171446\u96bb\u61f7\u7591\u8d70\u79c1\u5927\u9598\u87f9\u3002\u79c1\u5bb6\u8eca42\u6b72\u7537\u53f8\u6a5f\u88ab\u6355\uff0c\u73fe\u6b63\u4fdd\u91cb\u5019\u67e5\u3002\u6848\u4ef6\u4ecd\u5728\u8abf\u67e5\u4e2d\u3002\u003Cbr \/\u003E\u003Cbr \/\u003E\u6d77\u95dc\u63d0\u9192\u6307\u8d70\u79c1\u5c6c\u56b4\u91cd\u7f6a\u884c\u3002\u6839\u64da\u300a\u9032\u51fa\u53e3\u689d\u4f8b\u300b\uff0c\u4efb\u4f55\u4eba\u8f38\u5165\u6216\u8f38\u51fa\u672a\u5217\u8259\u55ae\u8ca8\u7269\uff0c\u4e00\u7d93\u5b9a\u7f6a\uff0c\u6700\u9ad8\u53ef\u88ab\u5224\u7f70\u6b3e200\u842c\u5143\u53ca\u76e3\u79817\u5e74\u3002\u003Cbr \/\u003E\u003Cbr \/\u003E\u98df\u74b0\u7f72\u5247\u6307\uff0c\u6839\u64da\u300a\u516c\u773e\u885e\u751f\u53ca\u5e02\u653f\u689d\u4f8b\u300b\u7b2c132\u7ae0\uff0c\u6240\u6709\u5728\u9999\u6e2f\u51fa\u552e\u7684\u98df\u7269\uff0c\u4e0d\u8ad6\u9032\u53e3\u6216\u672c\u5730\u751f\u7522\uff0c\u5fc5\u9808\u9069\u5b9c\u4f9b\u4eba\u98df\u7528\u3002\u82e5\u89f8\u72af\u6709\u95dc\u6cd5\u4f8b\uff0c\u6700\u9ad8\u53ef\u88ab\u5224\u7f70\u6b3e5\u842c\u5143\u53ca\u76e3\u79816\u500b\u6708\u3002","",""],"section":"1","cat":"1","publish_datetime":"2019-10-04 17:50:00","vdo":{"cover_path":"","headline":"","id":"","video_path":""},"vid":{"cover_path":"","headline":"","id":"","video_path":""},"imgs":[{"path":"20191004\/_2019100417561845691_600.jpg","caption":"5\u7bb1\u5171446\u96bb\u61f7\u7591\u8d70\u79c1\u5927\u9598\u87f9\u3002","isCover":0}],"writer":{"columnTitle":"","columnistID":"","trait":"","writer":""},"layout":"4","keyword":["\u8d70\u79c1","\u6d77\u95dc","\u98df\u74b0\u7f72"],"related_news":[{"id":"1094393","newsID":"","title":"\u6d77\u95dc\u73e0\u5bf6\u9996\u98fe\u5c55\u6aa2\u5192\u724c\u624b\u93c8\u6212\u6307 3\u516c\u53f8\u8463\u4e8b\u88ab\u6355","content":"","section":"1","cat":"1","publish_datetime":"2019-09-18 19:29:00","vdo":{"cover_path":"","headline":"","id":"","video_path":""},"imgs":[{"path":"20190918\/_2019091819300237958_370.jpg","isCover":1}],"writer":{"columnTitle":"","columnistID":"","trait":"","writer":""},"layout":"1","share_link":""},{"id":"1098689","newsID":"","title":"\u6d77\u95dc\u6587\u9326\u6e21\u6aa218.2\u842c\u4ef6\u7159\u6cb9\u5323 \u7834\u4eca\u5e74\u6700\u5927\u5b97\u540c\u985e\u9678\u8def\u8d70\u79c1\u6848","content":"","section":"1","cat":"1","publish_datetime":"2019-09-24 21:16:00","vdo":{"cover_path":"","headline":"","id":"","video_path":""},"imgs":[{"path":"20190924\/_2019092421175698946_370.jpg","isCover":1}],"writer":{"columnTitle":"","columnistID":"","trait":"","writer":""},"layout":"1","share_link":""},{"id":"1098725","newsID":"","title":"\u6d77\u95dc\u6e2f\u73e0\u6fb3\u5927\u6a4b\u6aa2\u8d70\u79c1\u667a\u80fd\u96fb\u8a71 \u4f30\u8a08\u5e02\u503c\u7d04100\u842c\u5143","content":"","section":"1","cat":"1","publish_datetime":"2019-09-24 22:42:00","vdo":{"cover_path":"","headline":"","id":"","video_path":""},"imgs":[{"path":"20190924\/_2019092422435425671_370.jpg","isCover":1}],"writer":{"columnTitle":"","columnistID":"","trait":"","writer":""},"layout":"1","share_link":""},{"id":"1101545","newsID":"","title":"\u3010\u4fee\u4f8b\u98a8\u6ce2\u3011\u64da\u5831\u6e2f\u6d77\u95dc\u52a0\u5f37\u67e5\u9a57\u5165\u5883\u884c\u674e \u53f0\u5317\u9678\u59d4\u6703\u52a0\u5f37\u4e86\u89e3","content":"","section":"1","cat":"1","publish_datetime":"2019-09-28 17:12:00","vdo":{"cover_path":"","headline":"","id":"","video_path":""},"imgs":[{"path":"20190928\/_2019092817221379471_370.jpg","isCover":1}],"writer":{"columnTitle":"","columnistID":"","trait":"","writer":""},"layout":"1","share_link":""},{"id":"1101674","newsID":"","title":"\u6d77\u95dc\u6aa240\u842c\u5143\u6bd2\u54c1 24\u6b72\u7537\u5b50\u88ab\u6355","content":"","section":"1","cat":"1","publish_datetime":"2019-09-28 23:29:00","vdo":{"cover_path":"","headline":"","id":"","video_path":""},"imgs":[{"path":"20190928\/_2019092823293765521_370.jpg","isCover":1}],"writer":{"columnTitle":"","columnistID":"","trait":"","writer":""},"layout":"1","share_link":""},{"id":"1102112","newsID":"","title":"\u7015\u5371\u6d3b\u9f9c\u56db\u80a2\u53ca\u8ec0\u5e79\u88ab\u81a0\u7d19\u7d91\u7d81 \u7537\u65c5\u5ba2\u88ab\u6355","content":"","section":"1","cat":"1","publish_datetime":"2019-09-29 22:27:00","vdo":{"cover_path":"","headline":"","id":"","video_path":""},"imgs":[{"path":"20190929\/_2019092922292412634_370.jpg","isCover":1}],"writer":{"columnTitle":"","columnistID":"","trait":"","writer":""},"layout":"1","share_link":""},{"id":"1102895","newsID":"","title":"\u3010\u4fee\u4f8b\u98a8\u6ce2\u3011\u6e05\u6f54\u5de5\u6e05\u7406\u591a\u5340\u300c\u9023\u5102\u7246\u300d\u98df\u74b0\u7f72\uff1a\u5982\u5f15\u56b4\u91cd\u74b0\u5883\u885e\u751f\u554f\u984c\u6703\u9069\u6642\u8655\u7406","content":"","section":"1","cat":"1","publish_datetime":"2019-09-30 20:02:00","vdo":{"cover_path":"","headline":"","id":"","video_path":""},"imgs":[{"path":"20190930\/_2019093020034480519_370.jpg","isCover":1},{"path":"20190930\/_2019093020034534899_370.jpeg","isCover":0},{"path":"20190930\/_2019093020034737893_370.jpeg","isCover":0}],"writer":{"columnTitle":"","columnistID":"","trait":"","writer":""},"layout":"1","share_link":""},{"id":"1105049","newsID":"","title":"\u6d77\u95dc\u6aa2\u5e02\u503c80\u842c\u5192\u724c\u7403\u978b\u670d\u98fe \u64ec\u901f\u905e\u5bc4\u6b50\u7f8e","content":"","section":"1","cat":"1","publish_datetime":"2019-10-03 17:49:00","vdo":{"cover_path":"","headline":"","id":"","video_path":""},"imgs":[{"path":"20191003\/_2019100318090279744_370.jpg","isCover":1}],"writer":{"columnTitle":"","columnistID":"","trait":"","writer":""},"layout":"1","share_link":""}],"relevant_news":[],"topic":[],"share_link":"http:\/\/hd.stheadline.com\/news\/realtime\/hk\/1605934"}