{"id":"1135568","newsID":"","title":"\u3010Kelly Online\u3011\u6821\u5712\u8b8a\u6230\u5834 \u738b\u7dad\u57fa\u8fd4\u4e2d\u5927\u8b77\u6821","content":["\u4e2d\u5927\u6821\u5712\u7206\u767c\u6fc0\u70c8\u885d\u7a81\uff0c\u9632\u66b4\u8b66\u665a\u4e0a\u5411\u4e2d\u5927\u6821\u5712\u65b9\u5411\u7684\u5b78\u751f\u9632\u7dda\uff0c\u4e0d\u65b7\u767c\u5c04\u50ac\u6dda\u5f48\u53ca\u6a61\u81a0\u5b50\u5f48\uff0c\u6821\u5712\u9813\u6210\u6230\u5834\uff0c\u591a\u4f4d\u5b78\u751f\u53d7\u50b7\uff0c\u4e0d\u5c11\u4e2d\u5927\u820a\u751f\u90fd\u95dc\u5fc3\u6bcd\u6821\u60c5\u6cc1\u3002\u4e2d\u5927\u7562\u696d\u7684\u9999\u6e2f\u96fb\u8996\u4e3b\u5e2d\u738b\u7dad\u57fa\uff0c\u665a\u4e0a\u4ea6\u5728\u500b\u4ebafacebook\u767c\u5e16\u6587\uff0c\u7a31\u300c\u4e2d\u5927\u4eba \u56de\u4e2d\u5927 \u4fdd\u4e2d\u5927 \u6297\u8b66\u66b4\u300d\u3002\u7db2\u4e0a\u66f4\u50b3\u51fa\u7167\u7247\uff0c\u738b\u7dad\u57fa\u672c\u4eba\u4ea6\u5df2\u5230\u4e2d\u5927\uff0c\u8ddf\u9032\u6700\u65b0\u60c5\u6cc1\u3002\u003Cbr \/\u003E\u003Cbr \/\u003E\u738b\u7dad\u57fa\u66fe\u4efb\u4e2d\u5927\u806f\u5408\u66f8\u9662\u6821\u8463\uff0c\u8fd1\u6708\u4ea6\u66fe\u5c31\u53cd\u4fee\u4f8b\u4e8b\u4ef6\u767c\u8a00\uff0c\u5305\u62ec\u820734\u540d\u524d\u653f\u5e9c\u5b98\u54e1\u53ca\u793e\u6703\u4eba\u58eb\uff0c\u4ee5\u500b\u4eba\u540d\u7fa9\u767c\u806f\u7f72\u8072\u660e\uff0c\u4fc3\u7576\u5c40\u5316\u89e3\u793e\u6703\u77db\u76fe\uff0c\u8a2d\u7368\u7acb\u8abf\u67e5\u59d4\u54e1\u6703\uff1b\u4ea6\u66fe\u767c\u516c\u958b\u806f\u7f72\u4fe1\uff0c\u8981\u6c42\u5236\u6b62\u8b66\u5bdf\u904e\u4efd\u6b66\u529b\u57f7\u6cd5\u3002","",""],"section":"1","cat":"1","publish_datetime":"2019-11-12 22:23:00","vdo":{"cover_path":"","headline":"","id":"","video_path":""},"vid":{"cover_path":"","headline":"","id":"","video_path":""},"imgs":[{"path":"20191112\/_2019111222243627477_600.jpeg","caption":"\u738b\u7dad\u57fa(\u767d\u886b)\u665a\u4e0a\u5230\u4e2d\u5927\u3002\u7db2\u5716","isCover":0},{"path":"20191112\/_2019111222243786787_600.jpg","caption":"\u738b\u7dad\u57fafacebook\u5e16\u6587\u3002","isCover":0}],"writer":{"columnTitle":"","columnistID":"","trait":"","writer":""},"layout":"3","keyword":[],"related_news":[{"id":"1135583","newsID":"","title":"\u3010\u5927\u4e09\u7f77\u3011\u65a5\u4e2d\u5927\u793a\u5a01\u8005\u5c04\u5f13\u7bad\u4fe1\u865f\u5f48\u9055\u5354\u8b70  \u8b66\u65b9\uff1a\u5225\u7121\u9078\u64c7\u7528\u6700\u4f4e\u6b66\u529b","content":"","section":"1","cat":"1","publish_datetime":"2019-11-12 23:11:00","vdo":{"cover_path":"","headline":"","id":"","video_path":""},"imgs":[{"path":"20191112\/_2019111223152425452_370.jpg","isCover":1}],"writer":{"columnTitle":"","columnistID":"","trait":"","writer":""},"layout":"1","share_link":""},{"id":"1135490","newsID":"","title":"\u6e2f\u9435\u591a\u500b\u7ad9\u95dc\u9589 \u6771\u9435\u53ea\u7dad\u6301\u7d05\u78e1\u81f3\u5927\u570d\u670d\u52d9","content":"","section":"1","cat":"1","publish_datetime":"2019-11-12 23:09:00","vdo":{"cover_path":"","headline":"","id":"","video_path":""},"imgs":[{"path":"20191112\/_2019111223101168156_370.jpg","isCover":1},{"path":"20191112\/_2019111219563144371_370.jpeg","isCover":0},{"path":"20191112\/_2019111221124194391_370.jpg","isCover":0}],"writer":{"columnTitle":"","columnistID":"","trait":"","writer":""},"layout":"1","share_link":""},{"id":"1135580","newsID":"","title":"\u3010\u89aa\u7b46\u5831\u56cd\u3011\u4e8c\u5bae\u548c\u4e5f@\u5d50 \u8a8d\u5a3638\u6b72\u975a\u4e3b\u64ad","content":"","section":"1","cat":"2","publish_datetime":"2019-11-12 22:58:00","vdo":{"cover_path":"","headline":"","id":"","video_path":""},"imgs":[{"path":"20191112\/_2019111223012712520_370.jpg","isCover":1},{"path":"20191112\/_2019111223012794713_370.jpg","isCover":0},{"path":"20191112\/_2019111223012821420_370.jpg","isCover":0}],"writer":{"columnTitle":"","columnistID":"","trait":"","writer":""},"layout":"1","share_link":""},{"id":"1135577","newsID":"","title":"\u3010\u5927\u4e09\u7f77\u3011\u793a\u5a01\u8005\u95d6\u53c8\u4e00\u57ce\u7834\u58de\u5496\u5561\u5e97 \u7c89\u788e\u570d\u6b04\u73bb\u7483","content":"","section":"1","cat":"1","publish_datetime":"2019-11-12 22:56:00","vdo":{"cover_path":"","headline":"","id":"","video_path":""},"imgs":[{"path":"20191112\/_2019111223011877536_370.jpg","isCover":1},{"path":"20191112\/_2019111223011928127_370.jpg","isCover":0},{"path":"20191112\/_2019111223012081855_370.jpg","isCover":0}],"writer":{"columnTitle":"","columnistID":"","trait":"","writer":""},"layout":"1","share_link":""}],"relevant_news":[],"topic":[],"share_link":"http:\/\/hd.stheadline.com\/news\/realtime\/hk\/1635568"}