{"id":"1135331","newsID":"","title":"\u885e\u751f\u7f72\uff1a12\u8a3a\u6240\u591c\u8a3a\u670d\u52d9\u5c07\u65bc6\u6642\u534a\u66ab\u505c 4\u7259\u79d1\u8a3a\u6240\u591c\u8a3a\u670d\u52d9\u66ab\u505c","content":["\u885e\u751f\u7f72\u4eca\u65e5\uff0812\u65e5\uff09\u5ba3\u5e03\uff0c\u8003\u616e\u5230\u4ea4\u901a\u670d\u52d9\u53d7\u963b\uff0c\u4e26\u70ba\u78ba\u4fdd\u75c5\u4eba\u548c\u54e1\u5de5\u7684\u5b89\u5168\uff0c\u7f72\u65b9\u8f44\u4e0b\u500b\u5225\u8a3a\u6240\u7684\u591c\u8a3a\u670d\u52d9\u4eca\u65e5\u9700\u4f5c\u8abf\u6574\u6216\u66ab\u505c\u3002\u003Cbr \/\u003E\u0026nbsp;\u003Cbr \/\u003E\u6cb9\u9ebb\u5730\u793e\u6703\u885e\u751f\u79d1\u8a3a\u6240\u3001\u6771\u4e5d\u9f8d\u80f8\u80ba\u79d1\u8a3a\u6240\u3001\u4e5d\u9f8d\u80f8\u80ba\u79d1\u8a3a\u6240\u3001\u897f\u71df\u76e4\u80f8\u80ba\u79d1\u8a3a\u6240\u3001\u7b72\u7b95\u7063\u80f8\u80ba\u79d1\u8a3a\u6240\u3001\u77f3\u7864\u5c3e\u80f8\u80ba\u79d1\u8a3a\u6240\u3001\u5357\u8475\u6d8c\u80f8\u80ba\u79d1\u8a3a\u6240\u3001\u7063\u4ed4\u80f8\u80ba\u79d1\u8a3a\u6240\u3001\u4ec1\u611b\u80f8\u80ba\u79d1\u8a3a\u6240\u3001\u6cb9\u9ebb\u5730\u80f8\u80ba\u79d1\u8a3a\u6240\u3001\u5713\u6d32\u89d2\u80f8\u80ba\u79d1\u8a3a\u6240\u548c\u5bb9\u9cf3\u66f8\u80f8\u80ba\u79d1\u8a3a\u6240\uff0c\u591c\u8a3a\u670d\u52d9\u5c07\u63d0\u65e9\u65bc\u4e0b\u53486\u664230\u5206\u66ab\u505c\u3002\u0026nbsp;\u003Cbr \/\u003E\u3000\u003Cbr \/\u003E\u53e6\u5916\uff0c\u7063\u4ed4\u7259\u79d1\u8a3a\u6240\u3001\u6cb9\u9ebb\u5730\u7259\u79d1\u8a3a\u6240\u3001\u4e0a\u8475\u6d8c\u653f\u5e9c\u7259\u79d1\u8a3a\u6240\u548c\u6c99\u7530\u5c24\u5fb7\u592b\u4eba\u653f\u5e9c\u7259\u79d1\u8a3a\u6240\u7684\u591c\u8a3a\u670d\u52d9\u5c07\u66ab\u505c\u3002\u800c\u5df2\u9810\u7d04\u7684\u75c5\u4eba\u5c07\u7372\u5b89\u6392\u53e6\u7d04\u8a3a\u75c7\u6642\u9593\u3002","",""],"section":"1","cat":"1","publish_datetime":"2019-11-12 17:45:00","vdo":{"cover_path":"","headline":"","id":"","video_path":""},"vid":{"cover_path":"","headline":"","id":"","video_path":""},"imgs":[{"path":"20191112\/_2019111217482076500_600.jpg","caption":"\u885e\u751f\u7f72\u591a\u9593\u8a3a\u6240\u7684\u591c\u8a3a\u670d\u52d9\u8981\u4f5c\u8abf\u6574\u6216\u66ab\u505c\u3002 \u8cc7\u6599\u5716\u7247","isCover":0}],"writer":{"columnTitle":"","columnistID":"","trait":"","writer":""},"layout":"4","keyword":["\u591c\u8a3a\u670d\u52d9","\u5927\u4e09\u7f77"],"related_news":[{"id":"1135115","newsID":"","title":"\u3010\u5927\u4e09\u7f77\u3011\u7406\u5927\u4e2d\u5927\u7b49\u9662\u6821\u5ba3\u5e03\u660e\u65e5\u7e8c\u505c\u8ab2","content":"","section":"1","cat":"1","publish_datetime":"2019-11-12 18:05:00","vdo":{"cover_path":"","headline":"","id":"","video_path":""},"imgs":[{"path":"20191112\/_2019111215281075313_370.jpg","isCover":1}],"writer":{"columnTitle":"","columnistID":"","trait":"","writer":""},"layout":"1","share_link":""},{"id":"1135118","newsID":"","title":"\u3010\u5927\u4e09\u7f77\u301112\u4eba\u6d89\u8972\u64ca\u7ba1\u6709\u653b\u64ca\u6027\u6b66\u5668\u7b49\u7f6a\u63d0\u5802  \u88ab\u544a\u6700\u7d3012\u6b72","content":"","section":"1","cat":"1","publish_datetime":"2019-11-12 15:27:00","vdo":{"cover_path":"","headline":"","id":"","video_path":""},"imgs":[{"path":"20191112\/_2019111215440714924_370.jpg","isCover":1}],"writer":{"columnTitle":"","columnistID":"","trait":"","writer":""},"layout":"1","share_link":""},{"id":"1135172","newsID":"","title":"\u3010\u5927\u4e09\u7f77\u3011\u5927\u57d4\u5340\u591a\u9593\u4e2d\u5b78\u4eca\u660e\u6240\u6709\u8ab2\u5f8c\u6d3b\u52d5\u53d6\u6d88 \u82f1\u57fa\u5168\u7dda\u4eca\u505c\u8ab2","content":"","section":"1","cat":"1","publish_datetime":"2019-11-12 15:47:00","vdo":{"cover_path":"","headline":"","id":"","video_path":""},"imgs":[{"path":"20191112\/_2019111216033649158_370.jpg","isCover":1}],"writer":{"columnTitle":"","columnistID":"","trait":"","writer":""},"layout":"1","share_link":""},{"id":"1135208","newsID":"","title":"\u3010\u5927\u4e09\u7f77\u3011\u8b66\u65b9\uff1a\u6628\u62d8\u6355287\u4eba \u5b78\u751f\u4f54\u4e09\u5206\u4e8c\u60c5\u6cc1\u4ee4\u4eba\u6182\u616e","content":"","section":"1","cat":"1","publish_datetime":"2019-11-12 16:06:00","vdo":{"cover_path":"","headline":"","id":"","video_path":""},"imgs":[{"path":"20191112\/_2019111216313048640_370.jpg","isCover":1}],"writer":{"columnTitle":"","columnistID":"","trait":"","writer":""},"layout":"1","share_link":""},{"id":"1135268","newsID":"","title":"\u3010\u5927\u4e09\u7f77\u3011\u6797\u912d\u62d2\u5ba3\u5e03\u505c\u8ab2 \u6559\u5354\u65a5\u6f20\u8996\u5e2b\u751f\u5b89\u5168","content":"","section":"1","cat":"1","publish_datetime":"2019-11-12 16:58:00","vdo":{"cover_path":"","headline":"","id":"","video_path":""},"imgs":[{"path":"20191112\/_2019111217063564704_370.jpg","isCover":1}],"writer":{"columnTitle":"","columnistID":"","trait":"","writer":""},"layout":"1","share_link":""},{"id":"1135274","newsID":"","title":"\u3010\u5927\u4e09\u7f77\u30114\u7537\u5206\u5225\u6d89\u7ba1\u6709\u653b\u64ca\u6027\u6b66\u5668\u7b493\u4eba\u51c6\u4fdd\u91cb \u660e\u5e741\u6708\u518d\u8a0a","content":"","section":"1","cat":"1","publish_datetime":"2019-11-12 17:08:00","vdo":{"cover_path":"","headline":"","id":"","video_path":""},"imgs":[{"path":"20191112\/_2019111217160017983_370.jpg","isCover":1}],"writer":{"columnTitle":"","columnistID":"","trait":"","writer":""},"layout":"1","share_link":""},{"id":"1135277","newsID":"","title":"\u3010\u5927\u4e09\u7f77\u3011\u65fa\u89d2\u7ad9\u91cd\u958b \u89c0\u5858\u7dab\u548c\u8343\u7063\u7dab\u5217\u8eca\u6062\u5fa9\u4e0a\u843d\u5ba2","content":"","section":"1","cat":"1","publish_datetime":"2019-11-12 17:11:00","vdo":{"cover_path":"","headline":"","id":"","video_path":""},"imgs":[{"path":"20191112\/_2019111217154792907_370.jpg","isCover":1}],"writer":{"columnTitle":"","columnistID":"","trait":"","writer":""},"layout":"1","share_link":""},{"id":"1135283","newsID":"","title":"\u3010\u5927\u4e09\u7f77\u3011\u5927\u57d4\u793a\u5a01\u8005\u5835\u8def \u9632\u66b4\u8b66\u50ac\u6dda\u5f48\u9a45\u6563","content":"","section":"1","cat":"1","publish_datetime":"2019-11-12 17:08:00","vdo":{"cover_path":"","headline":"","id":"","video_path":""},"imgs":[{"path":"20191112\/_2019111217122472605_370.jpg","isCover":1}],"writer":{"columnTitle":"","columnistID":"","trait":"","writer":""},"layout":"1","share_link":""},{"id":"1135286","newsID":"","title":"\u3010\u5927\u4e09\u7f77\u3011\u65a5\u82f1\u7f8e\u96d9\u91cd\u6a19\u6e96 \u5916\u4ea4\u90e8\uff1a\u653b\u64ca\u8b66\u5bdf\u5728\u5168\u7403\u90fd\u7d55\u4e0d\u5141\u8a31","content":"","section":"1","cat":"1","publish_datetime":"2019-11-12 17:05:00","vdo":{"cover_path":"","headline":"","id":"","video_path":""},"imgs":[{"path":"20191112\/_2019111217161398585_370.jpg","isCover":1}],"writer":{"columnTitle":"","columnistID":"","trait":"","writer":""},"layout":"1","share_link":""},{"id":"1135289","newsID":"","title":"\u3010\u5927\u4e09\u7f77\u3011\u8b66\u65b9\u6307\u5b78\u6821\u5c6c\u516c\u5171\u5834\u6240 \u4e0d\u5bb9\u4efb\u4f55\u5730\u65b9\u7aa9\u85cf\u7f6a\u72af","content":"","section":"1","cat":"1","publish_datetime":"2019-11-12 17:09:00","vdo":{"cover_path":"","headline":"","id":"","video_path":""},"imgs":[{"path":"20191112\/_2019111217155215546_370.jpg","isCover":1},{"path":"20191112\/_2019111217155066389_370.jpg","isCover":0},{"path":"20191112\/_2019111217155141417_370.jpg","isCover":0}],"writer":{"columnTitle":"","columnistID":"","trait":"","writer":""},"layout":"1","share_link":""}],"relevant_news":[],"topic":[],"share_link":"http:\/\/hd.stheadline.com\/news\/realtime\/hk\/1635331"}