{"id":"1135853","newsID":"","title":"\u3010Kelly Online\u3011\u7537\u5b50\u8343\u7063\u7ad9\u7591\u963b\u8eca\u9580\u8d77\u722d\u57f7 \u64fa\u6b66\u9b25\u59ff\u52e2\u60f9\u8a0e\u8ad6","content":["\u7db2\u6c11\u4eca\u65e5\u7e7c\u7e8c\u767c\u8d77\u300c\u5927\u4e09\u7f77\u300d\u884c\u52d5\uff0c\u4eca\u65e9\u591a\u500b\u6e2f\u9435\u7ad9\u90fd\u6709\u4eba\u963b\u7919\u8eca\u9580\u95dc\u9589\u3002\u8343\u7063\u7ad9\u4e00\u540d\u559d\u5564\u9152\u7684\u4e2d\u5e74\u7537\u5b50\u7591\u963b\u7919\u8eca\u9580\u95dc\u9589\uff0c\u8207\u4eba\u8d77\u722d\u57f7\uff0c\u5411\u4e00\u540d\u5916\u7c4d\u4eba\u58eb\u64fa\u51fa\u6b66\u9b25\u59ff\u52e2\uff0c\u5176\u5f8c\u88ab\u62cd\u5230\u5012\u5730\uff0c\u5f15\u8d77\u8a0e\u8ad6\u3002\u4e0d\u5c11\u7db2\u6c11\u8a8d\u70ba\u7537\u5b50\u6709\u59ff\u52e2\uff0c\u5f62\u5bb9\u4ed6\u662f\u300c\u674e\u5c0f\u9f8d\u300d\u548c\u300c\u8449\u554f\u300d\u3002","",""],"section":"1","cat":"1","publish_datetime":"2019-11-13 11:26:00","vdo":{"cover_path":"","headline":"","id":"","video_path":""},"vid":{"cover_path":"","headline":"","id":"","video_path":""},"imgs":[{"path":"20191113\/_2019111311333340071_600.jpg","caption":"\u7537\u5b50\u64fa\u6b66\u9b25\u59ff\u52e2\u60f9\u8a0e\u8ad6\u3002\u7db2\u4e0a\u5716\u7247","isCover":0},{"path":"20191113\/_2019111311333333776_600.jpg","caption":"\u7537\u5b50\u8343\u7063\u7ad9\u7591\u963b\u8eca\u9580\u8d77\u722d\u57f7\u3002\u7db2\u4e0a\u5716\u7247","isCover":0},{"path":"20191113\/_2019111311445266230_600.jpg","caption":"\u7537\u5b50\u5012\u5730\u3002\u7db2\u4e0a\u5716\u7247","isCover":0}],"writer":{"columnTitle":"","columnistID":"","trait":"","writer":""},"layout":"4","keyword":["\u5927\u4e09\u7f77","\u6e2f\u9435"],"related_news":[{"id":"1135730","newsID":"","title":"\u3010\u5927\u4e09\u7f77\u3011\u90e8\u5206\u91ab\u9662\u53ca\u8a3a\u6240\u670d\u52d9\u53d7\u5f71\u97ff \u75c5\u4eba\u672a\u80fd\u61c9\u8a3a\u53ef\u53e6\u7d04\u6642\u9593","content":"","section":"1","cat":"1","publish_datetime":"2019-11-13 10:15:00","vdo":{"cover_path":"","headline":"","id":"","video_path":""},"imgs":[{"path":"20191113\/_2019111310185527607_370.jpg","isCover":1}],"writer":{"columnTitle":"","columnistID":"","trait":"","writer":""},"layout":"1","share_link":""},{"id":"1135733","newsID":"","title":"\u3010\u5927\u4e09\u7f77\u3011\u6d77\u6d0b\u516c\u5712\uff1a\u4eca\u65e5\u63d0\u4f9b\u6709\u9650\u5ea6\u8a2d\u65bd \u90e8\u4efd\u8981\u5ef6\u9072\u6216\u672a\u80fd\u958b\u653e","content":"","section":"1","cat":"1","publish_datetime":"2019-11-13 10:18:00","vdo":{"cover_path":"","headline":"","id":"","video_path":""},"imgs":[{"path":"20191113\/_2019111310215943699_370.jpg","isCover":1}],"writer":{"columnTitle":"","columnistID":"","trait":"","writer":""},"layout":"1","share_link":""},{"id":"1135742","newsID":"","title":"\u3010\u5927\u4e09\u7f77\u3011\u793a\u5a01\u8005\u5929\u6c34\u570d\u8b66\u7f72\u5916\u64f2\u6c7d\u6cb9\u5f48 \u5831\u6848\u5ba4\u5927\u9580\u88ab\u711a\u6bc0","content":"","section":"1","cat":"1","publish_datetime":"2019-11-13 10:25:00","vdo":{"cover_path":"","headline":"","id":"","video_path":""},"imgs":[{"path":"20191113\/_2019111310321243772_370.jpg","isCover":1}],"writer":{"columnTitle":"","columnistID":"","trait":"","writer":""},"layout":"1","share_link":""},{"id":"1135748","newsID":"","title":"\u3010\u5927\u4e09\u7f77\u3011\u5c6f\u9580\u5e02\u4e2d\u5fc3B3X\u5df4\u58eb\u7591\u906d\u653e\u706b \u4e0a\u5c64\u71d2\u5269\u652f\u67b6 ","content":"","section":"1","cat":"1","publish_datetime":"2019-11-13 10:39:00","vdo":{"cover_path":"","headline":"","id":"","video_path":""},"imgs":[{"path":"20191113\/_2019111310445125160_370.jpg","isCover":1}],"writer":{"columnTitle":"","columnistID":"","trait":"","writer":""},"layout":"1","share_link":""},{"id":"1135751","newsID":"","title":"\u3010\u5927\u4e09\u7f77\u3011\u793a\u5a01\u8005\u591a\u5340\u5835\u8def \u591a\u9593\u9280\u884c\u5206\u884c\u66ab\u505c\u670d\u52d9","content":"","section":"1","cat":"1","publish_datetime":"2019-11-13 10:38:00","vdo":{"cover_path":"","headline":"","id":"","video_path":""},"imgs":[{"path":"20191113\/_2019111310452220275_370.jpg","isCover":1}],"writer":{"columnTitle":"","columnistID":"","trait":"","writer":""},"layout":"1","share_link":""},{"id":"1135793","newsID":"","title":"\u3010\u5927\u4e09\u7f77\u3011\u674e\u5bb6\u8d85\uff1a\u7121\u4efb\u4f55\u5730\u65b9\u70ba\u6cd5\u5916\u4e4b\u5730 \u8b66\u6709\u6b0a\u5165\u5927\u5b78\u57f7\u6cd5","content":"","section":"1","cat":"1","publish_datetime":"2019-11-13 10:55:00","vdo":{"cover_path":"","headline":"","id":"","video_path":""},"imgs":[{"path":"20191113\/_2019111311080691846_370.jpg","isCover":1}],"writer":{"columnTitle":"","columnistID":"","trait":"","writer":""},"layout":"1","share_link":""},{"id":"1135796","newsID":"","title":"\u3010\u5927\u4e09\u7f77\u3011\u99ac\u5dbd\uff1a\u8b66\u65b9\u4e0d\u9032\u5165\u6821\u5712\u662f\u5e95\u7dda \u4e2d\u5927\u5de5\u6703\u526f\u6703\u9577\u8f5f\u8b66\u6bd4\u5b78\u751f\u66f4\u4e0d\u514b\u5236 ","content":"","section":"1","cat":"1","publish_datetime":"2019-11-13 10:48:00","vdo":{"cover_path":"","headline":"","id":"","video_path":""},"imgs":[{"path":"20191113\/_2019111311061053321_370.jpg","isCover":1}],"writer":{"columnTitle":"","columnistID":"","trait":"","writer":""},"layout":"1","share_link":""},{"id":"1135802","newsID":"","title":"\u3010\u5927\u4e09\u7f77\u3011\u6cb9\u5858\u7ad9\u6708\u53f0\u903e10\u4e2d\u5b78\u751f \u88ab\u9632\u66b4\u8b66\u622a\u67e5","content":"","section":"1","cat":"1","publish_datetime":"2019-11-13 10:55:00","vdo":{"cover_path":"","headline":"","id":"","video_path":""},"imgs":[{"path":"20191113\/_2019111311021017193_370.jpg","isCover":1}],"writer":{"columnTitle":"","columnistID":"","trait":"","writer":""},"layout":"1","share_link":""},{"id":"1135829","newsID":"","title":"\u3010\u5927\u4e09\u7f77\u30115\u4e2d\u5927\u751f\u6d89\u4e8c\u865f\u6a4b\u53c3\u8207\u66b4\u52d5\u88ab\u63a74\u7f6a 4\u4eba\u51c6\u4fdd\u91cb1\u7537\u4ecd\u7559\u9662","content":"","section":"1","cat":"1","publish_datetime":"2019-11-13 11:18:00","vdo":{"cover_path":"","headline":"","id":"","video_path":""},"imgs":[{"path":"20191113\/_2019111313013431108_370.jpeg","isCover":1},{"path":"20191113\/_2019111311261495575_370.jpg","isCover":0},{"path":"20191113\/_2019111313013534928_370.jpeg","isCover":0}],"writer":{"columnTitle":"","columnistID":"","trait":"","writer":""},"layout":"1","share_link":""},{"id":"1135835","newsID":"","title":"\u3010\u5927\u4e09\u7f77\u301114\u5927\u5c08\u9662\u6821\u5b78\u751f\u6703\u806f\u5408\u8072\u660e\uff1a\u8207\u4e2d\u5927\u5171\u5b58\u4ea1","content":"","section":"1","cat":"1","publish_datetime":"2019-11-13 11:25:00","vdo":{"cover_path":"","headline":"","id":"","video_path":""},"imgs":[{"path":"20191113\/_2019111311291473921_370.jpg","isCover":1}],"writer":{"columnTitle":"","columnistID":"","trait":"","writer":""},"layout":"1","share_link":""}],"relevant_news":[],"topic":[],"share_link":"http:\/\/hd.stheadline.com\/news\/realtime\/hk\/1635853"}