{"id":"1135604","newsID":"","title":"\u51b7\u92d2\u4eca\u665a\u6bba\u5230 \u65e5\u9593\u6700\u9ad827\u5ea6","content":["\u5929\u6587\u53f0\u8868\u793a\u83ef\u4e2d\u6c23\u58d3\u6b63\u5728\u4e0a\u5347\u3002\u9810\u6599\u4e00\u9053\u51b7\u92d2\u5c07\u6703\u5f62\u6210\uff0c\u4e26\u5728\u4eca\u665a\u62b5\u9054\u83ef\u5357\u6cbf\u5cb8\u5730\u5340\u3002\u6b64\u5916\uff0c\u4e00\u500b\u4f4e\u58d3\u5340\u6b63\u70ba\u83f2\u5f8b\u8cd3\u4ee5\u6771\u6d77\u57df\u5e36\u4f86\u4e0d\u7a69\u5b9a\u5929\u6c23\u3002\u003Cbr \/\u003E\u003Cbr \/\u003E\u672c\u6e2f\u5730\u5340\u4eca\u65e5\u5929\u6c23\u9810\u6e2c\u5927\u81f4\u5929\u6674\u3002\u65e5\u9593\u4e7e\u71e5\uff0c\u6700\u9ad8\u6c23\u6eab\u7d0427\u5ea6\u3002\u5439\u548c\u7de9\u6771\u81f3\u6771\u5317\u98a8\uff0c\u4eca\u665a\u8f49\u5439\u6e05\u52c1\u5317\u98a8\u3002\u003Cbr \/\u003E\u003Cbr \/\u003E\u4e0a\u53486\u6642\u5929\u6587\u53f0\u9304\u5f97\u6c23\u6eab22\u5ea6\uff0c\u76f8\u5c0d\u6fd5\u5ea6\u767e\u5206\u4e4b83\u3002\u003Cbr \/\u003E\u003Cbr \/\u003E\u672c\u6e2f\u5176\u4ed6\u5730\u5340\u7684\u6c23\u6eab\uff1a\u003Cbr \/\u003E\u003Cbr \/\u003E\u4eac\u58eb\u67cf21\u5ea6\uff0c\u003Cbr \/\u003E\u9ec3\u7af9\u575122\u5ea6\uff0c\u003Cbr \/\u003E\u6253\u9f13\u5dba18\u5ea6\uff0c\u003Cbr \/\u003E\u6d41\u6d6e\u5c7120\u5ea6\uff0c\u003Cbr \/\u003E\u5927\u57d421\u5ea6\uff0c\u003Cbr \/\u003E\u6c99\u753020\u5ea6\uff0c\u003Cbr \/\u003E\u5c07\u8ecd\u6fb321\u5ea6\uff0c\u003Cbr \/\u003E\u897f\u8ca221\u5ea6\uff0c\u003Cbr \/\u003E\u9577\u6d3221\u5ea6\uff0c\u003Cbr \/\u003E\u8d64\u9c72\u89d223\u5ea6\uff0c\u003Cbr \/\u003E\u9752\u886322\u5ea6\uff0c\u003Cbr \/\u003E\u77f3\u5d1719\u5ea6\uff0c\u003Cbr \/\u003E\u8343\u7063\u53ef\u89c019\u5ea6\uff0c\u003Cbr \/\u003E\u8343\u7063\u57ce\u9580\u8c3721\u5ea6\uff0c\u003Cbr \/\u003E\u9999\u6e2f\u516c\u571222\u5ea6\uff0c\u003Cbr \/\u003E\u7b72\u7b95\u706322\u5ea6\uff0c\u003Cbr \/\u003E\u4e5d\u9f8d\u57ce21\u5ea6\uff0c\u003Cbr \/\u003E\u8dd1\u99ac\u573022\u5ea6\uff0c\u003Cbr \/\u003E\u9ec3\u5927\u4ed921\u5ea6\uff0c\u003Cbr \/\u003E\u8d64\u67f122\u5ea6\uff0c\u003Cbr \/\u003E\u89c0\u585821\u5ea6\uff0c\u003Cbr \/\u003E\u6df1\u6c34\u57d721\u5ea6\uff0c\u003Cbr \/\u003E\u555f\u5fb7\u8dd1\u9053\u516c\u571222\u5ea6\uff0c\u003Cbr \/\u003E\u5143\u6717\u516c\u571218\u5ea6\uff0c\u003Cbr \/\u003E\u5927\u7f8e\u776321\u5ea6\u3002","",""],"section":"1","cat":"1","publish_datetime":"2019-11-13 06:21:00","vdo":{"cover_path":"","headline":"","id":"","video_path":""},"vid":{"cover_path":"","headline":"","id":"","video_path":""},"imgs":[{"path":"20191113\/_2019111306224891777_600.jpg","caption":"\u9810\u6e2c\u65e5\u9593\u6700\u9ad827\u5ea6\u3002\u5929\u6587\u53f0\u5716\u7247","isCover":0}],"writer":{"columnTitle":"","columnistID":"","trait":"","writer":""},"layout":"4","keyword":[],"related_news":[{"id":"1135616","newsID":"","title":"\u3010\u5927\u4e09\u7f77\u3011\u6559\u80b2\u5c40\u5ba3\u5e03\u5bb6\u9577\u53ef\u8996\u4e4e\u60c5\u6cc1 \u6c7a\u5b9a\u5b50\u5973\u662f\u5426\u4e0a\u5b78","content":"","section":"1","cat":"1","publish_datetime":"2019-11-13 07:39:00","vdo":{"cover_path":"","headline":"","id":"","video_path":""},"imgs":[{"path":"20191113\/_2019111307413058099_370.jpg","isCover":1}],"writer":{"columnTitle":"","columnistID":"","trait":"","writer":""},"layout":"1","share_link":""},{"id":"1135613","newsID":"","title":"\u3010\u5927\u4e09\u7f77\u3011\u6e2f\u9435\uff1a\u897f\u9435\u7dab\u9326\u4e0a\u8def\u7ad9\u81f3\u5c6f\u9580\u7ad9\u66ab\u505c\u670d\u52d9","content":"","section":"1","cat":"1","publish_datetime":"2019-11-13 07:32:00","vdo":{"cover_path":"","headline":"","id":"","video_path":""},"imgs":[{"path":"20191113\/_2019111307373571483_370.jpg","isCover":1}],"writer":{"columnTitle":"","columnistID":"","trait":"","writer":""},"layout":"1","share_link":""},{"id":"1135625","newsID":"","title":"\u591c\u671f\u6536\u583126910\u8dcc72\u9ede \u4f4e\u6c34155\u9ede","content":"","section":"1","cat":"6","publish_datetime":"2019-11-13 07:29:00","vdo":{"cover_path":"","headline":"","id":"","video_path":""},"imgs":[{"path":"20191113\/1135625_351042_20191113_370.jpg","isCover":1}],"writer":{"columnTitle":"","columnistID":"","trait":"","writer":""},"layout":"1","share_link":""},{"id":"1135622","newsID":"","title":"\u6b50\u80a1\u4e0a\u5347 \u502b\u6566\u5bcc\u6642\u6536\u534736\u9ede\u58317365","content":"","section":"1","cat":"6","publish_datetime":"2019-11-13 07:28:00","vdo":{"cover_path":"","headline":"","id":"","video_path":""},"imgs":[{"path":"20191113\/1135622_351040_20191113_370.jpg","isCover":1}],"writer":{"columnTitle":"","columnistID":"","trait":"","writer":""},"layout":"1","share_link":""}],"relevant_news":[],"topic":[],"share_link":"http:\/\/hd.stheadline.com\/news\/realtime\/hk\/1635604"}