{"id":"1135610","newsID":"","title":"\u3010\u5927\u4e09\u7f77\u3011\u4ea4\u901a\u56b4\u91cd\u53d7\u963b \u591a\u5340\u73fe\u5019\u8eca\u4eba\u9f8d","content":["\u7db2\u6c11\u767c\u8d77\u4e00\u9023\u4e09\u65e5\u300c\u5927\u4e09\u7f77\u300d\u884c\u52d5\uff0c\u4eca\u65e9\u6771\u9435\u7dab\u5168\u7dab\u505c\u99db\uff0c\u4e5d\u5df4\u3001\u65b0\u57ce\u57ce\u5df4\u63d0\u4f9b\u6709\u9650\u5ea6\u670d\u52d9\uff0c\u5176\u4e2d\u5728\u5927\u57d4\u548c\u99ac\u978d\u5c71\u4e00\u4e9b\u4e3b\u8981\u7684\u5df4\u58eb\u7ad9\uff0c\u51fa\u73fe\u9577\u9577\u5019\u8eca\u4eba\u9f8d\uff0c\u4f46\u672a\u898b\u6709\u5df4\u58eb\u51fa\u73fe\u3002","",""],"section":"1","cat":"1","publish_datetime":"2019-11-13 06:59:00","vdo":{"cover_path":"","headline":"","id":"","video_path":""},"vid":{"cover_path":"","headline":"","id":"","video_path":""},"imgs":[{"path":"20191113\/_2019111307043784556_600.jpg","caption":"\u5927\u57d4\u5ee3\u798f\u90a8\u51fa\u73fe\u5019\u8eca\u4eba\u9f8d\u3002Sam Leung\u200e\u5716\u7247","isCover":0},{"path":"20191113\/_2019111307043647679_600.jpg","caption":"\u99ac\u978d\u5c71\u5df4\u58eb\u7ad9\u3002","isCover":0},{"path":"20191113\/_2019111307043871469_600.jpg","caption":"\u99ac\u978d\u5c71\u5df4\u58eb\u7ad9\u3002","isCover":0},{"path":"20191113\/_2019111307043978816_600.jpg","caption":"\u99ac\u978d\u5c71\u5df4\u58eb\u7ad9\u3002","isCover":0},{"path":"20191113\/_2019111307044017106_600.jpg","caption":"\u99ac\u978d\u5c71\u5df4\u58eb\u7ad9\u3002","isCover":0},{"path":"20191113\/_2019111307044272281_600.jpg","caption":"\u99ac\u978d\u5c71\u5df4\u58eb\u7ad9\u3002","isCover":0}],"writer":{"columnTitle":"","columnistID":"","trait":"","writer":""},"layout":"4","keyword":["\u5927\u4e09\u7f77"],"related_news":[{"id":"1135115","newsID":"","title":"\u3010\u5927\u4e09\u7f77\u3011\u7406\u5927\u4e2d\u5927\u6559\u5927\u7b49\u9662\u6821\u5ba3\u5e03\u660e\u65e5\u7e8c\u505c\u8ab2","content":"","section":"1","cat":"1","publish_datetime":"2019-11-12 20:28:00","vdo":{"cover_path":"","headline":"","id":"","video_path":""},"imgs":[{"path":"20191112\/_2019111215281075313_370.jpg","isCover":1}],"writer":{"columnTitle":"","columnistID":"","trait":"","writer":""},"layout":"1","share_link":""},{"id":"1135439","newsID":"","title":"\u3010\u5927\u4e09\u7f77\u3011\u4e2d\u5927\u6821\u9577\u6bb5\u5d07\u667a\u5230\u5834\u8207\u8b66\u8ac7\u5224 \u5efa\u8b70\u8b66\u9000\u81f3\u6a4b\u5c3e","content":"","section":"1","cat":"1","publish_datetime":"2019-11-12 19:20:00","vdo":{"cover_path":"","headline":"","id":"","video_path":""},"imgs":[{"path":"20191112\/_2019111218264356814_370.jpeg","isCover":1},{"path":"20191112\/_2019111218264448915_370.jpeg","isCover":0},{"path":"20191112\/_2019111219053627581_370.jpg","isCover":0}],"writer":{"columnTitle":"","columnistID":"","trait":"","writer":""},"layout":"1","share_link":""},{"id":"1135484","newsID":"","title":"\u9632\u66b4\u8b66\u4e2d\u5927\u5c04\u6a61\u81a0\u5b50\u5f48\u50ac\u6dda\u5f48\u591a\u4eba\u50b7 \u6709\u5b78\u751f\u7591\u982d\u90e8\u4e2d\u5f48\u5012\u5730\u660f\u8ff7","content":"","section":"1","cat":"1","publish_datetime":"2019-11-12 21:17:00","vdo":{"cover_path":"","headline":"","id":"","video_path":""},"imgs":[{"path":"20191112\/_2019111220482452947_370.jpeg","isCover":1},{"path":"20191112\/_2019111220482179324_370.jpeg","isCover":0},{"path":"20191112\/_2019111220482099414_370.jpeg","isCover":0}],"writer":{"columnTitle":"","columnistID":"","trait":"","writer":""},"layout":"1","share_link":""},{"id":"1135502","newsID":"","title":"\u3010\u5927\u4e09\u7f77\u3011\u4e2d\u5927\u70fd\u7159\u56db\u8d77 \u5927\u5c08\u5b78\u754c\u767c\u8072\u660e\u65a5\u8b66\u7121\u7406\u5f37\u653b\u6821\u5712","content":"","section":"1","cat":"1","publish_datetime":"2019-11-12 20:02:00","vdo":{"cover_path":"","headline":"","id":"","video_path":""},"imgs":[{"path":"20191112\/_2019111220085285554_370.jpg","isCover":1}],"writer":{"columnTitle":"","columnistID":"","trait":"","writer":""},"layout":"1","share_link":""},{"id":"1135508","newsID":"","title":"\u3010\u5927\u4e09\u7f77\u3011\u906d\u793a\u5a01\u8005\u5305\u570d  \u6c99\u7530\u8b66\u68c4\u8eca\u9003\u8d70\u8b66\u8eca\u88ab\u711a\u6bc0","content":"","section":"1","cat":"1","publish_datetime":"2019-11-12 20:27:00","vdo":{"cover_path":"","headline":"","id":"","video_path":""},"imgs":[{"path":"20191112\/_2019111220374139401_370.jpg","isCover":1},{"path":"20191112\/_2019111220441067958_370.jpg","isCover":0},{"path":"20191112\/_2019111220441114644_370.jpg","isCover":0}],"writer":{"columnTitle":"","columnistID":"","trait":"","writer":""},"layout":"1","share_link":""},{"id":"1135523","newsID":"","title":"\u3010\u5927\u4e09\u7f77\u3011\u793a\u5a01\u8005\u4e5d\u9f8d\u5858\u5835\u8def\u7e31\u706b \u8b66\u5bdf\u8fd1\u57ce\u5927\u767c\u50ac\u6dda\u5f48","content":"","section":"1","cat":"1","publish_datetime":"2019-11-12 21:42:00","vdo":{"cover_path":"","headline":"","id":"","video_path":""},"imgs":[{"path":"20191112\/_2019111221432689701_370.jpg","isCover":1},{"path":"20191112\/_2019111221432716485_370.jpg","isCover":0},{"path":"20191112\/_2019111221432957325_370.jpg","isCover":0}],"writer":{"columnTitle":"","columnistID":"","trait":"","writer":""},"layout":"1","share_link":""},{"id":"1135586","newsID":"","title":"\u3010\u5927\u4e09\u7f77\u3011\u6c11\u4e3b\u6d3e\u7dca\u6025\u547c\u7c72\u570b\u969b\u793e\u6703\u5411\u638c\u6b0a\u8005\u65bd\u58d3","content":"","section":"1","cat":"1","publish_datetime":"2019-11-12 23:27:00","vdo":{"cover_path":"","headline":"","id":"","video_path":""},"imgs":[{"path":"20191112\/_2019111223371269990_370.jpg","isCover":1},{"path":"20191112\/_2019111223371384052_370.jpg","isCover":0},{"path":"20191112\/_2019111223371511678_370.jpg","isCover":0}],"writer":{"columnTitle":"","columnistID":"","trait":"","writer":""},"layout":"1","share_link":""},{"id":"1135598","newsID":"","title":"\u3010\u5927\u4e09\u7f77\u3011\u6771\u9435\u7dab\u5168\u7dab\u505c\u99db \u5df4\u58eb\u6709\u9650\u5ea6\u670d\u52d9","content":"","section":"1","cat":"1","publish_datetime":"2019-11-13 06:08:00","vdo":{"cover_path":"","headline":"","id":"","video_path":""},"imgs":[{"path":"20191113\/_2019111306105786812_370.jpg","isCover":1}],"writer":{"columnTitle":"","columnistID":"","trait":"","writer":""},"layout":"1","share_link":""},{"id":"1135601","newsID":"","title":"\u3010\u5927\u4e09\u7f77\u3011\u5927\u57d4\u6c99\u7530\u591a\u9593\u4e2d\u5c0f\u5b78\u7dca\u6025\u505c\u8ab2","content":"","section":"1","cat":"1","publish_datetime":"2019-11-13 06:16:00","vdo":{"cover_path":"","headline":"","id":"","video_path":""},"imgs":[{"path":"20191113\/_2019111306192698869_370.jpg","isCover":1}],"writer":{"columnTitle":"","columnistID":"","trait":"","writer":""},"layout":"1","share_link":""},{"id":"1135607","newsID":"","title":"\u3010\u5927\u4e09\u7f77\u3011\u5143\u6717\u793a\u5a01\u8005\u7591\u77f3\u5c4e\u5c01\u8def\u8ecc \u8f15\u9435\u591a\u7dda\u505c\u99db\u6539\u9053","content":"","section":"1","cat":"1","publish_datetime":"2019-11-13 06:24:00","vdo":{"cover_path":"","headline":"","id":"","video_path":""},"imgs":[{"path":"20191113\/_2019111306321443812_370.jpg","isCover":1}],"writer":{"columnTitle":"","columnistID":"","trait":"","writer":""},"layout":"1","share_link":""}],"relevant_news":[],"topic":[],"share_link":"http:\/\/hd.stheadline.com\/news\/realtime\/hk\/1635610"}