{"id":"1135577","newsID":"","title":"\u3010\u5927\u4e09\u7f77\u3011\u793a\u5a01\u8005\u95d6\u53c8\u4e00\u57ce\u5927\u8086\u7834\u58de \u7c89\u788e\u73bb\u7483\u7838\u5347\u964d\u6a5f\u9580","content":["\u5927\u6279\u9ed1\u8863\u8499\u9762\u793a\u5a01\u8005\u665a\u4e0a10\u6642\u534a\u5de6\u53f3\uff0c\u95d6\u5165\u5df2\u7d93\u95dc\u9589\u7684\u4e5d\u9f8d\u5858\u53c8\u4e00\u57ce\u5546\u5834\uff0c\u5927\u8086\u7834\u58de\uff0c\u5c07\u6276\u624b\u96fb\u68af\u7684\u73bb\u7483\u3001\u5546\u5834\u6a13\u5c64\u73bb\u7483\u570d\u6b04\u7b49\u6253\u7834\u7c89\u788e\u3002\u793a\u5a01\u8005\u53c8\u7e31\u706b\u711a\u71d2\u5546\u5834\u5167\u7269\u54c1\uff0c\u53c8\u7834\u58de\u7f8e\u5fc3\u96c6\u5718\u65d7\u4e0b\u5496\u5561\u5e97\u3002\u003Cbr \/\u003E\u003Cbr \/\u003E\u793a\u5a01\u8005\u63a5\u8fd1\u5348\u591c\u53c8\u5c07\u5546\u5834\u7684\u96fb\u5b50\u5c4f\u5e55\u3001\u5347\u964d\u6a5f\u9580\u8207\u6309\u9215\u3001\u93e1\u9762\u7246\u8eab\u7b49\u7838\u6bc0\uff0c\u5beb\u4e0a\u5857\u9d09\u5b57\u53e5\uff0c\u4e26\u7e7c\u7e8c\u6253\u721b\u73bb\u7483\u570d\u6b04\u3002\u003Cbr \/\u003E\u003Cbr \/\u003E\u665a\u4e0a\u8fd18\u6642\uff0c\u4e00\u6279\u793a\u5a01\u8005\u4ea6\u6253\u7834\u5546\u5834\u73bb\u7483\u9580\uff0c\u95d6\u5165\u53c8\u4e00\u57ce\u5546\u5834\uff0c\u7e31\u706b\u711a\u71d2\u8056\u8a95\u6a39\uff0c\u5546\u5834\u8077\u54e1\u5c07\u706b\u64b2\u6ec5\u3002\u003Cbr \/\u003E\u003Cbr \/\u003E\u5efa\u7acb\u6642\u9593\uff1a2256\u003Cbr \/\u003E\u66f4\u65b0\u6642\u9593\uff1a2359","",""],"section":"1","cat":"1","publish_datetime":"2019-11-12 23:59:00","vdo":{"cover_path":"","headline":"","id":"","video_path":""},"vid":{"cover_path":"","headline":"","id":"","video_path":""},"imgs":[{"path":"20191112\/_2019111223012081855_600.jpg","caption":"\u793a\u5a01\u8005\u7834\u58de\u53c8\u4e00\u57ce\u3002\u6709\u7dda\u65b0\u805e\u622a\u5716","isCover":0},{"path":"20191112\/_2019111223011877536_600.jpg","caption":"\u793a\u5a01\u8005\u7834\u58de\u53c8\u4e00\u57ce\u3002\u6709\u7dda\u65b0\u805e\u622a\u5716","isCover":0},{"path":"20191112\/_2019111223011928127_600.jpg","caption":"\u793a\u5a01\u8005\u7834\u58de\u53c8\u4e00\u57ce\u3002\u6709\u7dda\u65b0\u805e\u622a\u5716","isCover":0},{"path":"20191112\/_2019111223012115321_600.jpg","caption":"\u793a\u5a01\u8005\u7834\u58de\u53c8\u4e00\u57ce\u3002\u6709\u7dda\u65b0\u805e\u622a\u5716","isCover":0}],"writer":{"columnTitle":"","columnistID":"","trait":"","writer":""},"layout":"4","keyword":["\u793a\u5a01\u8005"],"related_news":[{"id":"1135322","newsID":"","title":"\u3010\u5927\u4e09\u7f77\u3011\u8b66\u65b9\u5426\u8a8d\u6545\u610f\u62ab\u9732\u6307\u63a7\u5f37\u59e6\u7d30\u7bc0 \u8cea\u7591\u96fb\u8996\u4e0a\u81ea\u7a31\u8b66\u54e1\u771f\u50de","content":"","section":"1","cat":"1","publish_datetime":"2019-11-12 17:37:00","vdo":{"cover_path":"","headline":"","id":"","video_path":""},"imgs":[{"path":"20191112\/_2019111217463642703_370.jpg","isCover":1}],"writer":{"columnTitle":"","columnistID":"","trait":"","writer":""},"layout":"1","share_link":""},{"id":"1135340","newsID":"","title":"\u3010\u5927\u4e09\u7f77\u3011\u706b\u71d2\u6f22\u660f\u8ff7\u5371\u6b86 \u64da\u60894\u6210\u76ae\u819a\u71d2\u50b7\u9700\u63d2\u5589","content":"","section":"1","cat":"1","publish_datetime":"2019-11-12 17:47:00","vdo":{"cover_path":"","headline":"","id":"","video_path":""},"imgs":[{"path":"20191112\/_2019111217513184500_370.jpg","isCover":1}],"writer":{"columnTitle":"","columnistID":"","trait":"","writer":""},"layout":"1","share_link":""},{"id":"1135490","newsID":"","title":"\u6e2f\u9435\u591a\u500b\u7ad9\u95dc\u9589 \u6771\u9435\u53ea\u7dad\u6301\u7d05\u78e1\u81f3\u5927\u570d\u670d\u52d9","content":"","section":"1","cat":"1","publish_datetime":"2019-11-12 23:09:00","vdo":{"cover_path":"","headline":"","id":"","video_path":""},"imgs":[{"path":"20191112\/_2019111223101168156_370.jpg","isCover":1},{"path":"20191112\/_2019111219563144371_370.jpeg","isCover":0},{"path":"20191112\/_2019111221124194391_370.jpg","isCover":0}],"writer":{"columnTitle":"","columnistID":"","trait":"","writer":""},"layout":"1","share_link":""},{"id":"1135517","newsID":"","title":"\u3010\u5927\u4e09\u7f77\u3011\u5927\u57d4\u793a\u5a01\u8005\u71d2\u8ca8\u8eca\u639f\u6c7d\u6cb9\u5f48 \u9632\u66b4\u8b66\u518d\u5c04\u50ac\u6dda\u5f48","content":"","section":"1","cat":"1","publish_datetime":"2019-11-12 23:21:00","vdo":{"cover_path":"","headline":"","id":"","video_path":""},"imgs":[{"path":"20191112\/_2019111221073189357_370.jpg","isCover":1},{"path":"20191112\/_2019111221073299733_370.jpg","isCover":0},{"path":"20191112\/_2019111221073697216_370.jpg","isCover":0}],"writer":{"columnTitle":"","columnistID":"","trait":"","writer":""},"layout":"1","share_link":""},{"id":"1135523","newsID":"","title":"\u3010\u5927\u4e09\u7f77\u3011\u793a\u5a01\u8005\u4e5d\u9f8d\u5858\u5835\u8def\u7e31\u706b \u8b66\u5bdf\u8fd1\u57ce\u5927\u767c\u50ac\u6dda\u5f48","content":"","section":"1","cat":"1","publish_datetime":"2019-11-12 21:42:00","vdo":{"cover_path":"","headline":"","id":"","video_path":""},"imgs":[{"path":"20191112\/_2019111221432689701_370.jpg","isCover":1},{"path":"20191112\/_2019111221432716485_370.jpg","isCover":0},{"path":"20191112\/_2019111221432957325_370.jpg","isCover":0}],"writer":{"columnTitle":"","columnistID":"","trait":"","writer":""},"layout":"1","share_link":""},{"id":"1135553","newsID":"","title":"\u3010\u5927\u4e09\u7f77\u3011\u5168\u6e2f\u4ea4\u901a\u56b4\u91cd\u53d7\u963b \u65b0\u5df4\u57ce\u5df4\u4e5d\u5df4\u591a\u7dda\u66ab\u505c","content":"","section":"1","cat":"1","publish_datetime":"2019-11-12 21:58:00","vdo":{"cover_path":"","headline":"","id":"","video_path":""},"imgs":[{"path":"20191112\/_2019111222022588636_370.jpg","isCover":1},{"path":"20191112\/_2019111222022654332_370.jpg","isCover":0},{"path":"20191112\/_2019111222022871136_370.jpg","isCover":0}],"writer":{"columnTitle":"","columnistID":"","trait":"","writer":""},"layout":"1","share_link":""},{"id":"1135562","newsID":"","title":"\u6c34\u70ae\u8eca\u5411\u6a4b\u4e0a\u5674\u85cd\u8272\u6c34\u5291 \u4e2d\u5927\u793a\u5a01\u8005\u5bc6\u96c6\u639f\u6c7d\u6cb9\u5f48\u53cd\u64ca","content":"","section":"1","cat":"1","publish_datetime":"2019-11-12 22:18:00","vdo":{"cover_path":"","headline":"","id":"","video_path":""},"imgs":[{"path":"20191112\/_2019111222081388891_370.jpg","isCover":1},{"path":"20191112\/_2019111223531040915_370.jpg","isCover":0},{"path":"20191112\/_2019111222081433308_370.jpg","isCover":0}],"writer":{"columnTitle":"","columnistID":"","trait":"","writer":""},"layout":"1","share_link":""},{"id":"1135583","newsID":"","title":"\u3010\u5927\u4e09\u7f77\u3011\u8b66\u65b9\u65a5\u4e2d\u5927\u793a\u5a01\u8005\u8d81\u8b66\u54e1\u64a4\u96e2\u6642\u52d5\u6b66\u9055\u5354\u8b70","content":"","section":"1","cat":"1","publish_datetime":"2019-11-12 23:11:00","vdo":{"cover_path":"","headline":"","id":"","video_path":""},"imgs":[{"path":"20191112\/_2019111223554036444_370.jpg","isCover":1},{"path":"20191112\/_2019111223152425452_370.jpg","isCover":0},{"path":"20191112\/_2019111223553939805_370.jpg","isCover":0}],"writer":{"columnTitle":"","columnistID":"","trait":"","writer":""},"layout":"1","share_link":""},{"id":"1135586","newsID":"","title":"\u3010\u5927\u4e09\u7f77\u3011\u6c11\u4e3b\u6d3e\u7dca\u6025\u547c\u7c72\u570b\u969b\u793e\u6703\u5411\u638c\u6b0a\u8005\u65bd\u58d3","content":"","section":"1","cat":"1","publish_datetime":"2019-11-12 23:27:00","vdo":{"cover_path":"","headline":"","id":"","video_path":""},"imgs":[{"path":"20191112\/_2019111223371269990_370.jpg","isCover":1},{"path":"20191112\/_2019111223371384052_370.jpg","isCover":0},{"path":"20191112\/_2019111223371511678_370.jpg","isCover":0}],"writer":{"columnTitle":"","columnistID":"","trait":"","writer":""},"layout":"1","share_link":""},{"id":"1135592","newsID":"","title":"\u3010\u5927\u4e09\u7f77\u3011\u7db2\u6c11\u865f\u53ec\u5468\u4e09\u6e05\u6668\u300c\u6668\u66e6\u884c\u52d5\u300d\u7671\u7613\u4ea4\u901a\u5546\u5834","content":"","section":"1","cat":"1","publish_datetime":"2019-11-12 23:00:00","vdo":{"cover_path":"","headline":"","id":"","video_path":""},"imgs":[{"path":"20191113\/_2019111301212469739_370.jpg","isCover":1},{"path":"20191113\/_2019111300571568770_370.jpg","isCover":0},{"path":"20191113\/_2019111301004039275_370.jpg","isCover":0}],"writer":{"columnTitle":"","columnistID":"","trait":"","writer":""},"layout":"1","share_link":""}],"relevant_news":[],"topic":[],"share_link":"http:\/\/hd.stheadline.com\/news\/realtime\/hk\/1635577"}